Pricing Date,Issuer Name,Offer Size (M),Offer Price,Offer To 1st Close,Initial Pub Offer (Shares Offered),Industry Sector,Market Cap at Offer (M),Instit Owner (% Shares Out),Primary Exchange,ticker,underpriced,offer_size_to_mktcap,lead_bookrunner,has_bulge_bracket,vix,nasdaq,fed_funds,treasury_10y,cpi,unemployment,gdp,ipo_volume,market_return_1m,regulatory_risk,competitive_risk,financial_risk,overall_risk
2000-01-27,Packaging Corp of America,555.0,12.0,0.0,46250000.0,Industrial,1232.7,101.927,New York,PKG,0,0.4502311998053054,Goldman Sachs,1,24.95,3940.35,,6.68,,,,,,7,3,8,6
2000-02-03,Agenus Inc,63.0,18.0,240.972229,3500000.0,"Consumer, Non-cyclical",426.886,26.541,NASDAQ CM,AGEN,1,0.1475803844586142,US Bancorp,0,23.37,4696.69,5.73,6.42,170.0,4.1,,91.4042,,6,5,9,7
2000-02-10,Beasley Broadcast Group Inc,106.175,15.5,-8.870967865,6850000.0,Communications,0.0,24.3877,NASDAQ CM,BBGI,0,,UBS,0,23.37,4696.69,5.73,6.42,170.0,4.1,,91.4042,,6,8,9,8
2000-04-06,Sangamo Therapeutics Inc,52.5,15.0,0.416666657,3500000.0,"Consumer, Non-cyclical",334.5,16.3823,NASDAQ CM,SGMO,1,0.1569506726457399,JP Morgan,1,26.2,3860.66,5.85,6.23,171.0,4.0,,92.9534,-0.0263717639443947,5,8,7,7
2000-04-06,LivePerson Inc,32.0,8.0,18.75,4000000.0,Technology,234.72,32.811,NASDAQ GS,LPSN,1,0.136332651670075,JP Morgan,1,26.2,3860.66,5.85,6.23,171.0,4.0,,92.9534,-0.0263717639443947,1,7,8,7
2000-04-10,HealthStream Inc,45.0,9.0,-5.555555344,5000000.0,Communications,170.915,74.9724,NASDAQ GS,HSTM,0,0.2632887692712752,BofA Securities,1,26.2,3860.66,5.85,6.23,171.0,4.0,,92.9534,-0.0263717639443947,3,8,5,6
2000-04-27,ON Semiconductor Corp,552.0,16.0,37.109375,30000000.0,Technology,2738.67,115.457,NASDAQ GS,ON,1,0.2015576904117692,Morgan Stanley,1,26.2,3860.66,5.85,6.23,171.0,4.0,,92.9534,-0.0263717639443947,2,8,6,6
2000-05-18,Pixelworks Inc,57.5,10.0,8.90625,5750000.0,Technology,355.04,24.6158,NASDAQ CM,PXLW,1,0.1619535826949076,Deutsche Bank,1,23.65,3400.91,6.27,6.29,171.2,4.0,,91.9003,-0.1557394436268131,2,7,8,7
2000-05-31,NRG Energy Inc,422.55,15.0,28.33333397,28170000.0,Utilities,0.0,90.0372,New York,NRG,1,,UBS,1,23.65,3400.91,6.27,6.29,171.2,4.0,,91.9003,-0.1557394436268131,6,8,7,7
2000-06-22,Charles River Laboratories International Inc,224.0,16.0,37.5,14000000.0,"Consumer, Non-cyclical",517.126,111.354,New York,CRL,1,0.4331632909581031,UBS,0,19.54,3966.11,6.53,6.03,172.2,4.0,,94.8076,-0.1190858557863163,8,7,6,7
2000-07-10,Entegris Inc,143.0,11.0,1.704545498,13000000.0,Technology,737.1,117.764,NASDAQ GS,ENTG,1,0.1940035273368606,BofA Securities,1,20.74,3766.99,6.53,6.04,172.2,4.0,,94.8076,0.1661908136351741,3,7,6,6
2000-07-17,Precipio Inc,67.2,15.0,60.0,4480000.0,"Consumer, Non-cyclical",259.5,18.0323,NASDAQ CM,PRPO,1,0.2589595375722544,JP Morgan,1,20.74,3766.99,6.53,6.04,172.2,4.0,,94.8076,0.1661908136351741,8,7,9,8
2000-08-01,Entravision Communications Corp,759.0,16.5,15.15151501,46000000.0,Communications,1707.9,62.0003,New York,EVC,1,0.4444054101528192,UBS,1,16.84,4206.35,6.5,5.73,172.7,4.1,,93.8428,-0.0502053649545777,6,7,9,8
2000-08-03,Innovative Solutions and Support Inc,33.0,11.0,10.79545498,3000000.0,Industrial,133.34,53.132,NASDAQ GS,ISSC,1,0.247487625618719,B Riley Financial Inc,0,16.84,4206.35,6.5,5.73,172.7,4.1,,93.8428,-0.0502053649545777,7,8,6,7
2000-08-03,Lantronix Inc,60.0,10.0,-20.0,6000000.0,Communications,387.744,40.5092,NASDAQ CM,LTRX,0,0.1547412725922257,UBS,0,16.84,4206.35,6.5,5.73,172.7,4.1,,93.8428,-0.0502053649545777,2,8,6,6
2000-08-11,Equinix Inc,240.0,12.0,-52.5,20000000.0,Financial,885.275,101.678,NASDAQ GS,EQIX,0,0.2711021998813928,Epoch Securities Inc,1,16.84,4206.35,6.5,5.73,172.7,4.1,,93.8428,-0.0502053649545777,6,7,9,8
2000-09-20,TTM Technologies Inc,120.0,16.0,30.859375,7500000.0,Industrial,568.8,97.7984,NASDAQ GS,TTMI,1,0.2109704641350211,JP Morgan,1,20.57,3672.82,6.52,5.8,173.6,3.9,,94.3369,0.1166342358222349,2,8,7,7
2000-10-04,Tapestry Inc,118.08,16.0,26.953125,7380000.0,"Consumer, Cyclical",678.5,100.495,New York,TPR,1,0.1740309506263817,Goldman Sachs,1,23.63,3369.63,6.52,5.77,173.6,3.9,,94.3369,-0.1268391836152483,6,8,7,7
2000-12-06,Harvard Bioscience Inc,51.3796,8.0,31.25,6422450.0,"Consumer, Non-cyclical",198.26,50.0012,NASDAQ CM,HBIO,1,0.2591526278624029,ING Groep,0,26.85,2470.52,6.4,5.12,174.6,3.9,,92.0319,-0.2290162421393448,6,8,7,7
2001-06-07,Bread Financial Holdings Inc,179.4,12.0,16.66666603,13000000.0,Financial,862.34,114.667,New York,BFH,1,0.2080385926664656,JP Morgan,1,19.06,2160.54,3.97,5.42,177.7,4.5,14183.12,91.7882,-0.0027170831285676,2,8,6,6
2001-06-27,Peraso Inc,57.5,10.0,12.19999981,5000000.0,Technology,296.55,7.34387,NASDAQ CM,PRSO,1,0.1938964761423031,AG Edwards & Sons LLC,0,19.06,2160.54,3.97,5.42,177.7,4.5,14183.12,91.7882,-0.0027170831285676,2,7,9,8
2001-07-26,PDF Solutions Inc,62.1,12.0,26.25,4500000.0,Technology,266.48,81.9049,NASDAQ GS,PDFS,1,0.233038126688682,UBS,0,21.62,2027.13,3.97,5.07,177.7,4.5,14183.12,91.7882,0.0237148719017858,2,7,8,7
2001-12-12,Centene Corp,56.35,14.0,22.8571434,3500000.0,"Consumer, Non-cyclical",0.0,101.545,New York,CNC,1,,Stifel,0,23.8,1950.4,2.09,5.07,177.5,5.5,14253.574,87.6451,0.142219855638386,9,6,5,7
2001-12-12,Prudential Financial Inc,3478.75,27.5,6.545454502,110000000.0,Financial,15573.2,64.5606,New York,PRU,1,0.2233805512033493,Goldman Sachs,1,23.8,1950.4,2.09,5.07,177.5,5.5,14253.574,87.6451,0.142219855638386,5,6,7,6
2002-04-11,JetBlue Airways Corp,182.16,27.0,66.66666412,5866670.0,"Consumer, Cyclical",1105.53,85.047,NASDAQ GS,JBLU,1,0.1647716479878429,Morgan Stanley,1,21.91,1688.23,1.75,5.11,179.3,5.9,14460.848,88.7504,0.065758393060312,7,6,9,8
2002-05-17,TruBridge Inc,56.925,16.5,9.818181992,3000000.0,Technology,173.052,86.0341,NASDAQ GS,TBRG,1,0.3289473684210526,,0,19.98,1615.73,1.75,5.08,179.5,5.8,14460.848,89.1815,-0.0851437396699812,8,7,6,7
2002-05-22,Netflix Inc,94.875,15.0,11.66666698,5500000.0,Communications,309.72,83.2154,NASDAQ GS,NFLX,1,0.306325067803177,BofA Securities,1,19.98,1615.73,1.75,5.08,179.5,5.8,14460.848,89.1815,-0.0851437396699812,1,6,8,6
2002-05-29,Bed Bath & Beyond Inc,40.313,13.0,0.230769232,3000000.0,Communications,187.11,49.7473,New York,BBBY,1,0.2154508043396932,WR Hambrecht + Co LLC,0,19.98,1615.73,1.75,5.08,179.5,5.8,14460.848,89.1815,-0.0851437396699812,8,3,4,5
2002-07-18,Red Robin Gourmet Burgers Inc,65.256,12.0,1.833333373,5038000.0,"Consumer, Cyclical",180.31,59.775,NASDAQ GS,RRGB,1,0.3619100438134324,BofA Securities,1,32.03,1328.26,1.73,4.51,180.0,5.8,14519.633,88.3498,-0.0943969598881001,6,7,5,6
2002-10-15,Dick's Sporting Goods Inc,100.576,12.0,9.583333015,7289320.0,"Consumer, Cyclical",135.49,108.24,New York,DKS,1,0.7423130858365931,BofA Securities,1,31.14,1329.75,1.75,3.93,181.2,5.7,14537.58,91.2843,-0.1085979389283948,7,9,6,8
2002-10-21,Natural Gas Services Group Inc,7.5,5.0,-9.0,1500000.0,Energy,24.29,86.816,New York,NGS,0,0.3087690407575134,Neidiger Tucker Bruner Inc,0,31.14,1329.75,1.75,3.93,181.2,5.7,14537.58,91.2843,-0.1085979389283948,6,7,5,6
2002-10-23,Wynn Resorts Ltd,491.845,13.0,0.07692308,34615000.0,"Consumer, Cyclical",1011.84,93.5675,NASDAQ GS,WYNN,1,0.4860896979759646,Deutsche Bank,1,31.14,1329.75,1.75,3.93,181.2,5.7,14537.58,91.2843,-0.1085979389283948,6,5,8,7
2002-10-31,Martin Midstream Partners LP,55.1,19.0,-6.842105389,2900000.0,Energy,55.1,47.0425,NASDAQ GS,MMLP,0,1.0,Raymond James & Associates,0,31.14,1329.75,1.75,3.93,181.2,5.7,14537.58,91.2843,-0.1085979389283948,5,6,8,7
2002-11-07,PRA Group Inc,50.7,13.0,18.84615326,3900000.0,Financial,175.11,101.764,NASDAQ GS,PRAA,1,0.289532293986637,William Blair & Co LLC,0,27.5,1478.78,1.34,4.22,181.5,5.9,14537.58,90.3124,0.1345408938108971,3,8,7,6
2003-01-15,Provident Financial Services Inc,596.183,10.0,55.0,59618300.0,Financial,0.0,76.2081,New York,PFS,1,,Sandler O'Neill & Partners,0,31.17,1331.04,1.24,4.0,182.6,5.8,14614.141,90.2121,-0.0968839178241522,8,3,4,5
2003-06-11,FormFactor Inc,96.6,14.0,25.5714283,6000000.0,Technology,467.16,100.174,NASDAQ GS,FORM,1,0.2067814025173387,Morgan Stanley,1,19.52,1621.44,1.26,3.54,182.9,6.1,14743.567,89.7847,0.0863929272284051,2,7,6,6
2003-07-01,Molina Healthcare Inc,132.825,17.5,14.28571415,6600000.0,"Consumer, Non-cyclical",444.48,110.525,New York,MOH,1,0.2988323434125269,CIBC,1,19.49,1757.37,1.01,4.49,183.7,6.2,14988.782,88.6619,0.0134506725336267,9,7,6,8
2003-07-03,Oragenics Inc,3.0,0.0,,2400000.0,"Consumer, Non-cyclical",0.0,7.82748,NYSEAmerican,OGEN,0,,,0,19.49,1757.37,1.01,4.49,183.7,6.2,14988.782,88.6619,0.0134506725336267,5,4,9,7
2003-07-30,NETGEAR Inc,112.7,14.0,26.3571434,7000000.0,Communications,381.2,99.8615,NASDAQ GS,NTGR,1,0.2956453305351522,Lehman Brothers,0,19.49,1757.37,1.01,4.49,183.7,6.2,14988.782,88.6619,0.0134506725336267,2,8,6,6
2003-12-10,Nelnet Inc,180.323,21.0,3.809523821,8000000.0,Financial,819.32,43.2931,New York,NNI,1,0.2200886100668847,BofA Securities,1,18.31,1996.62,0.98,4.27,185.5,5.7,15162.76,91.3927,0.0133805507087767,10,7,5,8
2003-12-11,Compass Minerals International Inc,216.775,13.0,5.769230843,14500000.0,Basic Materials,392.29,106.328,New York,CMP,1,0.5525886461546304,Goldman Sachs,1,18.31,1996.62,0.98,4.27,185.5,5.7,15162.76,91.3927,0.0133805507087767,5,4,7,5
2003-12-16,Universal Technical Institute Inc,176.812,20.5,28.53658485,7500000.0,"Consumer, Non-cyclical",567.72,101.916,New York,UTI,1,0.3114422602691468,UBS,0,18.31,1996.62,0.98,4.27,185.5,5.7,15162.76,91.3927,0.0133805507087767,9,4,6,7
2003-12-17,Lite Strategy Inc,15.6,7.5,0.0,2080000.0,"Consumer, Non-cyclical",425.14,27.3648,NASDAQ CM,LITS,0,0.0366937949851813,Janney Montgomery Scott LLC,0,18.31,1996.62,0.98,4.27,185.5,5.7,15162.76,91.3927,0.0133805507087767,3,5,8,6
2003-12-17,Somnigroup International Inc,301.875,14.0,10.71428585,18750000.0,"Consumer, Cyclical",1361.73,104.231,New York,SGI,1,0.2216849155118856,Goldman Sachs,1,18.31,1996.62,0.98,4.27,185.5,5.7,15162.76,91.3927,0.0133805507087767,7,9,6,8
2004-02-04,Assurant Inc,2024.0,22.0,12.27272701,80000000.0,Financial,3191.58,104.199,New York,AIZ,1,0.6341686562768284,Morgan Stanley,1,14.55,2018.83,1.0,3.99,186.3,5.7,15248.68,91.2305,0.0344682513447727,7,8,6,7
2004-03-16,Bio Green Med Solution Inc,33.6,8.0,-8.625,4200000.0,"Consumer, Non-cyclical",118.18,6.52322,NASDAQ CM,BGMS,0,0.2843120663394821,Piper Sandler & Co,0,16.74,2004.0,1.0,3.86,187.1,5.8,15248.68,93.1757,-0.0225666201874661,8,7,6,7
2004-03-24,Ultra Clean Holdings Inc,47.0424,7.0,7.142857075,6000000.0,Technology,113.72,98.1674,NASDAQ GS,UCTT,1,0.4136686598663384,UBS,0,16.74,2004.0,1.0,3.86,187.1,5.8,15248.68,93.1757,-0.0225666201874661,5,6,4,5
2004-04-13,Corcept Therapeutics Inc,54.0,12.0,1.916666627,4500000.0,"Consumer, Non-cyclical",271.71,76.689,NASDAQ CM,CORT,1,0.1987413050679033,Stifel,0,17.19,1919.39,1.0,4.53,187.4,5.6,15366.85,91.4971,-0.0073458389265068,6,5,4,5
2004-04-28,Cytokinetics Inc,103.155,13.0,23.84615326,6900000.0,"Consumer, Non-cyclical",348.99,117.63,NASDAQ GS,CYTK,1,0.295581535287544,Goldman Sachs,1,17.19,1919.39,1.0,4.53,187.4,5.6,15366.85,91.4971,-0.0073458389265068,8,6,9,8
2004-05-24,Genworth Financial Inc,2855.58,19.5,0.0,145000000.0,Financial,2855.58,92.3645,New York,GNW,0,1.0,Goldman Sachs,1,15.5,1990.81,1.0,4.66,187.4,5.6,15366.85,91.4971,-0.0422205588822355,6,4,5,5
2004-05-26,ACADIA Pharmaceuticals Inc,35.0,7.0,-4.285714149,5000000.0,"Consumer, Non-cyclical",117.92,99.8519,NASDAQ GS,ACAD,0,0.2968113975576662,BofA Securities,1,15.5,1990.81,1.0,4.66,187.4,5.6,15366.85,91.4971,-0.0422205588822355,7,6,8,7
2004-05-26,AngioDynamics Inc,24.6675,11.0,13.63636398,1950000.0,"Consumer, Non-cyclical",122.65,97.9702,NASDAQ GS,ANGO,1,0.2011210762331838,RBC Capital Markets,0,15.5,1990.81,1.0,4.66,187.4,5.6,15366.85,91.4971,-0.0422205588822355,5,7,6,6
2004-05-27,Alnylam Pharmaceuticals Inc,34.5,6.0,0.166666672,5000000.0,"Consumer, Non-cyclical",115.7,107.503,NASDAQ GS,ALNY,1,0.2981849611063094,BofA Securities,1,15.5,1990.81,1.0,4.66,187.4,5.6,15366.85,91.4971,-0.0422205588822355,5,6,7,6
2004-06-09,CBRE Group Inc,460.357,19.0,-3.421052694,24000000.0,Financial,1303.67,103.633,New York,CBRE,0,0.3531238733728628,Citi,1,14.34,2055.65,1.03,4.62,188.9,5.6,15366.85,95.0073,0.0372097385106726,5,4,7,5
2004-06-22,Salesforce Inc,126.5,11.0,56.36363602,10000000.0,Technology,1113.83,87.0922,New York,CRM,1,0.1135720890979772,Morgan Stanley,1,14.34,2055.65,1.03,4.62,188.9,5.6,15366.85,95.0073,0.0372097385106726,6,8,7,7
2004-07-12,Domino's Pizza Inc,339.107,14.0,-3.571428537,24221900.0,"Consumer, Cyclical",961.15,114.256,NASDAQ GS,DPZ,0,0.35281381678198,JP Morgan,1,15.32,1896.31,1.26,4.5,189.1,5.5,15512.619,92.0445,0.0325696575765643,1,8,6,6
2004-08-04,Commercial Vehicle Group Inc,133.699,13.0,0.769230783,9250000.0,"Consumer, Cyclical",220.85,51.4152,NASDAQ GS,CVGI,1,0.6053837446230473,UBS,0,15.29,1838.1,1.26,4.13,189.1,5.5,15512.619,92.0445,-0.0775131953396736,2,7,8,7
2004-09-20,Nephros Inc,12.6,6.0,-2.5,2100000.0,"Consumer, Non-cyclical",72.73,50.329,NASDAQ CM,NEPH,0,0.1732435033686236,Shemano Group,0,13.34,1896.84,1.61,4.14,189.8,5.4,15512.619,94.9255,-0.0306964578576287,8,7,9,8
2004-10-04,Innoviva Inc,113.16,16.0,13.1875,6150000.0,"Consumer, Non-cyclical",666.54,106.245,NASDAQ GS,INVA,1,0.1697722567287784,BofA Securities,1,16.27,1974.99,1.76,4.05,190.8,5.5,15670.88,95.2288,0.0319569120287253,9,6,8,8
2004-10-12,Huron Consulting Group Inc,89.125,15.5,21.93548393,5000000.0,"Consumer, Non-cyclical",264.06,114.92,NASDAQ GS,HURN,1,0.3375179883359842,UBS,0,16.27,1974.99,1.76,4.05,190.8,5.5,15670.88,95.2288,0.0319569120287253,6,8,7,7
2004-10-27,Build-A-Bear Workshop Inc,172.086,20.0,25.25,7482000.0,"Consumer, Cyclical",391.03,113.293,New York,BBW,1,0.4400838810321459,Citi,1,16.27,1974.99,1.76,4.05,190.8,5.5,15670.88,95.2288,0.0319569120287253,5,6,7,6
2004-11-04,MarketAxess Holdings Inc,63.25,11.0,59.0,5000000.0,"Consumer, Non-cyclical",250.97,109.992,NASDAQ GS,MKTX,1,0.2520221540423158,JP Morgan,1,13.24,2096.81,1.93,4.36,191.7,5.4,15670.88,94.2221,0.0412001012209781,6,9,7,8
2004-11-10,Ormat Technologies Inc,107.812,15.0,4.466666698,6250000.0,Utilities,473.44,103.636,New York,ORA,1,0.2277205136870564,Lehman Brothers,0,13.24,2096.81,1.93,4.36,191.7,5.4,15670.88,94.2221,0.0412001012209781,5,6,7,6
2004-12-13,Comstock Holding Cos Inc,72.864,16.0,4.6875,3960000.0,"Consumer, Cyclical",126.93,14.7577,NASDAQ CM,CHCI,1,0.574048688253368,Truist Securities Inc,0,13.29,2175.44,2.16,4.24,191.7,5.4,15670.88,94.579,0.061681324968734,7,3,6,6
2004-12-13,BlueLinx Holdings Inc,137.498,13.5,0.0,9500000.0,"Consumer, Cyclical",398.25,106.326,New York,BXC,0,0.3452554927809165,Morgan Stanley,1,13.29,2175.44,2.16,4.24,191.7,5.4,15670.88,94.579,0.061681324968734,3,5,7,5
2005-02-10,Huntsman Corp,1593.01,23.0,6.521739006,60227300.0,Basic Materials,5070.47,96.4758,New York,HUN,1,0.3141740312042079,Deutsche Bank,1,12.08,2051.72,2.5,4.36,192.4,5.4,15670.88,95.9359,-0.0519573051888354,5,7,9,8
2005-02-15,WEX Inc,720.0,18.0,-5.0,40000000.0,"Consumer, Non-cyclical",724.84,125.245,New York,WEX,0,0.993322664312124,BofA Securities,1,12.08,2051.72,2.5,4.36,192.4,5.4,15670.88,95.9359,-0.0519573051888354,6,7,5,6
2005-02-16,Dolby Laboratories Inc,569.25,18.0,35.0,27500000.0,"Consumer, Cyclical",569.25,100.717,New York,DLB,1,1.0,Morgan Stanley,1,12.08,2051.72,2.5,4.36,192.4,5.4,15670.88,95.9359,-0.0519573051888354,6,8,7,7
2005-04-05,FreightCar America Inc,185.725,19.0,10.68421078,8500000.0,Industrial,238.12,44.2829,NASDAQ GS,RAIL,1,0.7799638837560894,UBS,0,15.31,1921.65,2.79,4.21,193.7,5.2,15922.782,95.7181,-0.0255834129413369,5,6,7,6
2005-05-04,Lazard Inc,854.58,25.0,-4.0,34183200.0,Financial,937.5,81.1675,New York,LAZ,0,0.911552,Goldman Sachs,1,13.29,2068.22,2.79,4.0,193.7,5.2,15922.782,95.7181,-0.0388049399018621,6,7,8,7
2005-05-17,Citi Trends Inc,61.985,14.0,12.14285755,3850000.0,"Consumer, Cyclical",167.93,99.4379,NASDAQ GS,CTRN,1,0.3691121300541892,CIBC,0,13.29,2068.22,2.79,4.0,193.7,5.2,15922.782,95.7181,-0.0388049399018621,6,8,7,7
2005-06-22,Builders FirstSource Inc,225.4,16.0,-3.5,12250000.0,Industrial,522.37,100.54,New York,BLDR,0,0.4314949173957156,UBS,0,12.04,2056.96,3.04,3.94,193.7,5.0,15922.782,99.3415,0.0762729945619649,7,8,7,8
2005-06-22,Lincoln Educational Services Corp,83.5485,20.0,0.850000024,4000000.0,"Consumer, Non-cyclical",494.22,86.5513,NASDAQ GS,LINC,1,0.1690512322447493,BofA Securities,1,12.04,2056.96,3.04,3.94,193.7,5.0,15922.782,99.3415,0.0762729945619649,9,3,6,6
2005-06-28,Designer Brands Inc,307.266,19.0,26.84210587,14062500.0,"Consumer, Cyclical",269.09,93.4456,New York,DBI,1,1.1418707495633431,Lehman Brothers,0,12.04,2056.96,3.04,3.94,193.7,5.0,15922.782,99.3415,0.0762729945619649,5,6,4,5
2005-06-30,Western Alliance Bancorp,93.5,22.0,15.45454502,3750000.0,Financial,486.69,94.1636,New York,WAL,1,0.1921140767223489,Sandler O'Neill & Partners,0,12.04,2056.96,3.04,3.94,193.7,5.0,15922.782,99.3415,0.0762729945619649,7,6,5,6
2005-08-04,AtriCure Inc,55.2,12.0,17.33333397,4000000.0,"Consumer, Non-cyclical",142.82,104.597,NASDAQ GM,ATRC,1,0.3865004901274331,Piper Sandler & Co,0,12.6,2152.9,3.5,4.02,196.1,4.9,16047.587,99.1956,0.0621645535158679,9,8,7,8
2005-08-10,CF Industries Holdings Inc,759.0,16.0,1.25,41250000.0,Basic Materials,880.0,110.327,New York,CF,1,0.8625,Morgan Stanley,1,12.6,2152.9,3.5,4.02,196.1,4.9,16047.587,99.1956,0.0621645535158679,6,8,7,7
2005-08-11,Waterstone Financial Inc,87.975,10.0,12.5,8797500.0,Financial,0.0,64.1391,NASDAQ GS,WSBF,1,,Stifel,0,12.6,2152.9,3.5,4.02,196.1,4.9,16047.587,99.1956,0.0621645535158679,9,4,6,7
2005-09-28,Global Partners LP/MA,123.97,22.0,7.727272511,4900000.0,Utilities,124.13,42.8433,New York,GLP,1,0.9987110287601708,Lehman Brothers,0,11.92,2151.69,3.62,4.34,198.8,5.0,16047.587,96.8073,-0.0146144093590805,6,8,7,7
2005-11-14,Clear Channel Outdoor Holdings Inc,630.0,18.0,5.555555344,35000000.0,Communications,630.0,76.0005,New York,CCO,1,1.0,BofA Securities,1,12.06,2232.82,4.0,4.49,198.1,5.0,16047.587,96.7616,-0.014588532734734,6,4,8,6
2005-11-17,AMERISAFE Inc,76.3717,9.0,0.0,8000000.0,Financial,156.82,102.953,NASDAQ GS,AMSF,0,0.487002295625558,B Riley Financial Inc,0,12.06,2232.82,4.0,4.49,198.1,5.0,16047.587,96.7616,-0.014588532734734,7,6,8,7
2006-01-23,Magyar Bancorp Inc,22.77,10.0,6.5,2277000.0,Financial,0.0,42.2842,NASDAQ GM,MGYR,1,,Stifel,0,12.95,2305.82,4.16,4.53,198.1,4.9,16047.587,97.1575,-0.0123162637382323,8,4,6,6
2006-01-25,Chipotle Mexican Grill Inc,199.333,22.0,100.0,7878790.0,"Consumer, Cyclical",173.33,102.083,New York,CMG,1,1.1500201926960132,TD Securities,1,12.95,2305.82,4.16,4.53,198.1,4.9,16047.587,97.1575,-0.0123162637382323,6,7,6,7
2006-02-02,Energy Transfer LP,507.15,21.0,7.857142925,21000000.0,Energy,2932.76,30.3073,New York,ET,1,0.1729258445968984,Wells Fargo,0,12.34,2281.39,4.49,4.55,199.4,4.8,16047.587,97.2922,0.0455716177244118,4,5,7,6
2006-02-07,Crocs Inc,239.085,21.0,35.95238113,9900000.0,"Consumer, Cyclical",803.72,101.938,NASDAQ GS,CROX,1,0.2974730005474543,Stifel,0,12.34,2281.39,4.49,4.55,199.4,4.8,16047.587,97.2922,0.0455716177244118,3,8,6,6
2006-02-10,Western Union Co/The,0.0,0.0,,,Financial,0.0,110.637,New York,WU,0,,,0,12.34,2281.39,4.49,4.55,199.4,4.8,16047.587,97.2922,0.0455716177244118,7,6,8,7
2006-02-22,Liquidity Services Inc,88.4046,10.0,22.89999962,7687360.0,Communications,273.3,82.289,NASDAQ GS,LQDT,1,0.3234709110867179,RBC Capital Markets,0,12.34,2281.39,4.49,4.55,199.4,4.8,16047.587,97.2922,0.0455716177244118,9,8,6,8
2006-04-11,Gyre Therapeutics Inc,45.0,9.0,-3.777777672,5000000.0,"Consumer, Non-cyclical",171.94,3.54327,NASDAQ CM,GYRE,0,0.2617192043736187,Deutsche Bank,0,11.59,2322.57,4.59,5.07,199.7,4.7,16047.587,98.5592,0.0255984290279172,6,5,9,7
2006-04-12,Vanda Pharmaceuticals Inc,59.6419,10.0,-3.200000048,5750000.0,"Consumer, Non-cyclical",218.58,65.2589,NASDAQ GM,VNDA,0,0.2728607374874188,BofA Securities,1,11.59,2322.57,4.59,5.07,199.7,4.7,16047.587,98.5592,0.0255984290279172,9,6,5,7
2006-05-10,Compass Diversified Holdings,202.5,15.0,0.200000003,13500000.0,Financial,300.0,79.2538,New York,CODI,1,0.675,RBC Capital Markets,0,16.44,2178.88,4.94,5.12,201.3,4.6,16047.587,98.0697,-0.0073596348390239,5,6,7,6
2006-05-24,Mastercard Inc,2579.26,39.0,17.94871712,61520900.0,Financial,2925.69,93.3952,New York,MA,1,0.8815903257009459,JP Morgan,1,16.44,2178.88,4.94,5.12,201.3,4.6,16047.587,98.0697,-0.0073596348390239,7,6,5,6
2006-06-02,Alphatec Holdings Inc,83.7,9.0,-0.222222224,9300000.0,"Consumer, Non-cyclical",312.84,97.6305,NASDAQ GS,ATEC,0,0.2675489067894132,Gleacher & Co Inc,0,13.08,2172.09,4.99,5.15,201.8,4.6,16047.587,101.4753,-0.0618668113339964,5,8,6,7
2006-08-07,Aircastle Ltd,240.454,23.0,15.652174,9090900.0,Financial,1183.27,, ,AYR,1,0.2032114394854936,JP Morgan,1,12.31,2183.75,5.25,4.74,203.8,4.7,16047.587,101.9006,-0.0371163257507747,7,6,8,7
2006-08-10,Evercore Inc,95.3925,21.0,18.33333397,3950000.0,Financial,96.44,94.3769,New York,EVR,1,0.989138324346744,Lehman Brothers,0,12.31,2183.75,5.25,4.74,203.8,4.7,16047.587,101.9006,-0.0371163257507747,5,7,6,6
2006-09-14,Gold Resource Corp,0.0,0.0,,,Basic Materials,0.0,44.4582,NYSEAmerican,GORO,0,,,0,11.98,2258.43,5.25,4.64,202.8,4.5,16047.587,100.9192,0.0441220768167844,5,8,9,8
2006-09-21,CommVault Systems Inc,185.278,14.5,17.24137878,11111100.0,Technology,603.94,104.435,NASDAQ GS,CVLT,1,0.3067821306752326,UBS,1,11.98,2258.43,5.25,4.64,202.8,4.5,16047.587,100.9192,0.0441220768167844,2,8,7,7
2006-11-08,Catalyst Pharmaceuticals Inc,20.1,6.0,1.666666627,3350000.0,"Consumer, Non-cyclical",75.1,88.857,NASDAQ CM,CPRX,1,0.2676431424766978,Gleacher & Co Inc,0,10.91,2431.77,5.25,4.46,202.0,4.5,16047.587,98.55,0.0479448112184128,7,8,9,8
2006-11-14,Emergent BioSolutions Inc,62.5,12.5,-6.400000095,5000000.0,"Consumer, Non-cyclical",342.75,87.7475,New York,EBS,0,0.1823486506199854,JP Morgan,1,10.91,2431.77,5.25,4.46,202.0,4.5,16047.587,98.55,0.0479448112184128,7,6,8,7
2006-11-16,First Solar Inc,458.85,20.0,23.70000076,20000000.0,Energy,1446.61,100.029,NASDAQ GS,FSLR,1,0.3171898438418095,Morgan Stanley,1,10.91,2431.77,5.25,4.46,202.0,4.5,16047.587,98.55,0.0479448112184128,6,8,7,7
2006-12-07,Allegiant Travel Co,103.5,18.0,39.44444275,5000000.0,"Consumer, Cyclical",356.33,95.3118,NASDAQ GS,ALGT,1,0.2904610894395644,BofA Securities,1,11.56,2415.29,5.24,4.71,203.1,4.4,16047.587,99.5253,0.0274896375136792,1,5,6,5
2007-01-30,Employers Holdings Inc,522.963,17.0,17.47058868,26750000.0,Financial,896.16,88.7477,New York,EIG,1,0.5835598553829673,Morgan Stanley,1,10.42,2463.93,5.25,4.83,203.437,4.6,16611.69,98.4472,-0.0067769567023197,8,7,6,7
2007-02-06,Madrigal Pharmaceuticals Inc,50.0,10.0,-9.100000381,5000000.0,"Consumer, Non-cyclical",338.17,113.229,NASDAQ GS,MDGL,0,0.1478546293284442,Lehman Brothers,1,15.42,2416.15,5.26,4.56,204.226,4.5,16611.69,99.9006,0.0201383684774911,8,6,9,8
2007-02-07,Accuray Inc,331.2,18.0,58.16666794,16000000.0,"Consumer, Non-cyclical",939.82,71.3806,NASDAQ GS,ARAY,1,0.3524079078972569,UBS,1,15.42,2416.15,5.26,4.56,204.226,4.5,16611.69,99.9006,0.0201383684774911,7,5,8,7
2007-03-20,Cheniere Energy Partners LP,326.025,21.0,3.380952358,13500000.0,Energy,554.74,47.0013,New York,CQP,1,0.5877077549843169,Citi,1,14.64,2421.64,5.26,4.65,205.288,4.4,16611.69,100.9726,-0.0193917846692072,5,6,7,6
2007-03-28,Super Micro Computer Inc,73.6,8.0,9.5,8000000.0,Technology,228.99,56.6315,NASDAQ GS,SMCI,1,0.3214114153456482,BofA Securities,1,14.64,2421.64,5.26,4.65,205.288,4.4,16611.69,100.9726,-0.0193917846692072,5,8,7,7
2007-04-18,T-Mobile US Inc,1322.5,23.0,19.13043404,50000000.0,Communications,7963.7,41.8335,NASDAQ GS,TMUS,1,0.1660660245865615,JP Morgan,1,14.22,2525.09,5.26,4.63,205.288,4.4,16611.69,100.9726,0.0022722099207415,1,5,7,5
2007-04-23,Cinemark Holdings Inc,537.075,19.0,-0.473684222,28000000.0,"Consumer, Cyclical",2022.55,111.506,New York,CNK,0,0.2655434970705298,Lehman Brothers,1,14.22,2525.09,5.26,4.63,205.288,4.4,16611.69,100.9726,0.0022722099207415,3,6,7,6
2007-04-25,Delta Air Lines Inc,0.0,0.0,,,"Consumer, Cyclical",0.0,88.6938,New York,DAL,0,,,0,14.22,2525.09,5.26,4.63,205.288,4.4,16611.69,100.9726,0.0022722099207415,5,7,9,8
2007-05-14,Insulet Corp,125.475,15.0,6.400000095,7700000.0,"Consumer, Non-cyclical",394.47,114.629,NASDAQ GS,PODD,1,0.3180850254772225,BofA Securities,1,13.05,2604.52,5.25,4.9,206.755,4.4,16611.69,101.0513,0.0427189838291406,6,7,9,8
2007-05-17,TriMas Corp,139.15,11.0,6.818181992,11000000.0,Industrial,367.5,121.702,NASDAQ GS,TRS,1,0.3786394557823129,BofA Securities,1,13.05,2604.52,5.25,4.9,206.755,4.4,16611.69,101.0513,0.0427189838291406,4,6,7,6
2007-05-30,Amicus Therapeutics Inc,75.0,15.0,-3.799999952,5000000.0,"Consumer, Non-cyclical",333.52,105.643,NASDAQ GM,FOLD,0,0.2248740705205085,BofA Securities,1,13.05,2604.52,5.25,4.9,206.755,4.4,16611.69,101.0513,0.0427189838291406,6,5,9,8
2007-05-31,Jazz Pharmaceuticals PLC,108.0,18.0,-1.5,6000000.0,"Consumer, Non-cyclical",441.91,103.545,NASDAQ GS,JAZZ,0,0.2443936548165916,Morgan Stanley,1,13.05,2604.52,5.25,4.9,206.755,4.4,16611.69,101.0513,0.0427189838291406,6,7,8,7
2007-06-13,Green Brick Partners Inc,63.3937,10.5,0.095238097,5250000.0,"Consumer, Cyclical",160.96,80.8112,New York,GRBK,1,0.3938475397614314,Citi,1,16.23,2603.23,5.25,5.03,207.234,4.6,16611.69,104.1135,0.0314563045277593,8,7,3,6
2007-06-22,Tiptree Inc,225.0,15.0,-10.0,15000000.0,Financial,315.19,45.779,NASDAQ CM,TIPT,0,0.7138551349979377,UBS,1,16.23,2603.23,5.25,5.03,207.234,4.6,16611.69,104.1135,0.0314563045277593,8,7,7,8
2007-06-28,Bridgeline Digital Inc,16.0,5.0,0.0,3000000.0,Communications,37.37,15.2988,NASDAQ CM,BLIN,0,0.4281509232004282,Joseph Gunnar & Co,0,16.23,2603.23,5.25,5.03,207.234,4.6,16611.69,104.1135,0.0314563045277593,1,5,8,5
2007-08-01,Genpact Ltd,568.235,14.0,19.6428566,35294100.0,Technology,2963.84,109.823,New York,G,1,0.191722562621464,Morgan Stanley,1,23.38,2596.36,5.02,4.54,207.667,4.6,16611.69,104.2358,-0.0218805099818303,6,7,8,7
2007-08-07,Masimo Corp,232.97,17.0,22.94117737,11916600.0,"Consumer, Non-cyclical",928.27,89.746,NASDAQ GS,MASI,1,0.2509722386805563,Deutsche Bank,1,23.38,2596.36,5.02,4.54,207.667,4.6,16611.69,104.2358,-0.0218805099818303,6,8,7,7
2007-10-22,CVR Energy Inc,437.0,19.0,6.578947544,20000000.0,Energy,1636.68,104.828,New York,CVI,1,0.2670039347948285,Goldman Sachs,1,18.53,2859.12,4.76,4.48,209.19,4.7,16915.191,102.1441,0.0404951547551186,5,4,6,5
2007-10-25,Stablecoin Development Corp,21.738,4.0,-9.5,5000000.0,"Consumer, Non-cyclical",84.55,5.75926,NYSEAmerican,SDEV,0,0.2571023063276168,Eight Capital,0,18.53,2859.12,4.76,4.48,209.19,4.7,16915.191,102.1441,0.0404951547551186,8,6,9,8
2007-12-05,Titan Machinery Inc,58.65,8.5,11.52941132,6000000.0,"Consumer, Cyclical",103.95,88.8855,NASDAQ GS,TITN,1,0.5642135642135642,Craig-Hallum Capital Group Ltd,0,22.5,2652.28,4.49,4.04,210.834,4.7,16915.191,101.5875,-0.0693080388371246,7,6,7,7
2007-12-12,Stride Inc,124.2,18.0,36.38888931,6000000.0,"Consumer, Non-cyclical",489.75,116.209,New York,LRN,1,0.2535987748851455,UBS,1,22.5,2652.28,4.49,4.04,210.834,4.7,16915.191,101.5875,-0.0693080388371246,7,5,6,6
2007-12-18,Orion Energy Systems Inc,115.0,13.0,64.69230652,7692310.0,Industrial,345.19,38.9117,NASDAQ CM,OESX,1,0.3331498594976679,Stifel,0,22.5,2652.28,4.49,4.04,210.834,4.7,16915.191,101.5875,-0.0693080388371246,7,3,6,6
2008-03-18,Visa Inc,19650.4,44.0,28.40909004,406000000.0,Financial,19650.4,93.7326,New York,V,1,1.0,Goldman Sachs,1,25.61,2279.1,2.98,3.45,212.687,4.9,16843.003,100.7289,-0.0495342823428988,8,5,7,7
2008-04-21,Intrepid Potash Inc,1104.0,32.0,57.5,30000000.0,Basic Materials,2394.98,69.4316,New York,IPI,1,0.4609641834169805,BofA Securities,1,20.79,2412.8,2.28,3.77,213.942,5.0,16943.291,99.7489,0.0033546410269955,5,6,7,6
2008-04-22,American Water Works Co Inc,1358.23,21.5,-4.1860466,58000000.0,Utilities,3551.22,102.597,New York,AWK,0,0.3824685601004725,Goldman Sachs,1,20.79,2412.8,2.28,3.77,213.942,5.0,16943.291,99.7489,0.0033546410269955,6,3,7,6
2008-05-07,Enovis Corp,388.125,18.0,16.66666603,18750000.0,"Consumer, Non-cyclical",792.11,119.788,New York,ENOV,1,0.4899887641867922,BofA Securities,1,17.83,2522.66,1.98,4.06,215.208,5.4,16943.291,99.4369,0.0586635075249002,7,8,7,8
2008-07-31,HCI Group Inc,11.6669,7.0,-12.85714245,1666700.0,Financial,47.9409,82.3482,New York,HCI,0,0.2433600537328252,GunnAllen Financial Inc,0,22.94,2325.55,2.01,3.99,219.016,5.8,16854.295,99.5345,-0.0910467522377173,7,8,6,7
2009-08-10,Cumberland Pharmaceuticals Inc,85.0,17.0,-1.0,5000000.0,"Consumer, Non-cyclical",308.19,24.4446,NASDAQ GS,CPIX,0,0.2758038872124339,UBS,0,26.01,2009.06,0.16,3.4,214.726,9.5,16326.281,85.808,0.0781781323567878,8,7,6,7
2009-10-07,Omeros Corp,68.2,10.0,-12.69999981,6820000.0,"Consumer, Non-cyclical",212.88,47.8166,NASDAQ GM,OMER,0,0.3203682826005261,Deutsche Bank,0,30.69,2045.11,0.12,3.41,216.509,10.0,16502.754,87.7851,0.0564243974794183,6,7,8,7
2009-10-07,Mistras Group Inc,125.0,12.5,0.639999986,8700000.0,Industrial,330.74,57.337,New York,MG,1,0.3779403761262623,JP Morgan,1,30.69,2045.11,0.12,3.41,216.509,10.0,16502.754,87.7851,0.0564243974794183,6,7,8,7
2009-11-04,Hyatt Hotels Corp,1092.5,25.0,12.0,38000000.0,"Consumer, Cyclical",4343.5,142.262,New York,H,1,0.2515252676413031,Goldman Sachs,1,24.51,2144.6,0.12,3.21,216.509,10.0,16502.754,87.7851,-0.0364254011929778,5,7,8,7
2009-11-12,Dollar General Corp,823.515,21.0,8.238095284,34100000.0,"Consumer, Cyclical",7153.55,109.922,New York,DG,1,0.115119765710731,Kohlberg Kravis Roberts & Co,1,24.51,2144.6,0.12,3.21,216.509,10.0,16502.754,87.7851,-0.0364254011929778,2,5,8,6
2010-02-02,Ironwood Pharmaceuticals Inc,215.625,11.25,3.555555582,16700000.0,"Consumer, Non-cyclical",1095.9,97.3842,NASDAQ GS,IRWD,1,0.1967560908842047,Morgan Stanley,1,19.5,2238.26,0.13,3.61,217.281,9.8,16582.71,89.1508,-0.0536764867902078,8,6,7,7
2010-02-10,Generac Holdings Inc,269.107,13.0,-1.230769277,18800000.0,Industrial,877.88,98.4351,New York,GNRC,0,0.3065418963867499,Goldman Sachs,1,19.5,2238.26,0.13,3.61,217.281,9.8,16582.71,89.1508,-0.0536764867902078,5,8,7,7
2010-03-23,MaxLinear Inc,103.75,14.0,33.57143021,6440000.0,Technology,425.76,71.7343,NASDAQ GS,MXL,1,0.2436818865088312,Morgan Stanley,1,17.59,2397.96,0.16,3.84,217.353,9.9,16582.71,90.2076,0.0423359023913196,6,9,5,7
2010-03-23,First Interstate BancSystem Inc,166.75,14.5,8.27586174,10000000.0,Financial,619.78,106.327,NASDAQ GS,FIBK,1,0.2690470812223692,Barclays,1,17.59,2397.96,0.16,3.84,217.353,9.9,16582.71,90.2076,0.0423359023913196,5,6,7,6
2010-03-30,SS&C Technologies Holdings Inc,185.007,15.0,0.533333361,10700000.0,Technology,1037.87,94.5932,NASDAQ GS,SSNC,1,0.1782564290325378,JP Morgan,1,17.59,2397.96,0.16,3.84,217.353,9.9,16582.71,90.2076,0.0423359023913196,5,7,4,6
2010-03-31,Primerica Inc,368.46,15.0,31.0,21400000.0,Financial,1125.0,102.803,New York,PRI,1,0.32752,Citi,1,17.59,2397.96,0.16,3.84,217.353,9.9,16582.71,90.2076,0.0423359023913196,9,7,6,8
2010-04-21,SPS Commerce Inc,56.5343,12.0,13.33333302,4100000.0,Technology,138.42,106.321,NASDAQ GS,SPSC,1,0.4084258055194336,Stifel,0,22.05,2461.19,0.2,3.69,217.403,9.9,16743.162,89.2127,0.0713500665695674,2,7,8,6
2010-06-14,Cboe Global Markets Inc,390.195,29.0,12.03448296,11700000.0,Financial,3025.31,92.3457,Cboe BZX,CBOE,1,0.1289768651807583,Goldman Sachs,1,34.54,2109.24,0.18,2.97,217.199,9.4,16743.162,93.7302,-0.0829476797809189,8,6,5,7
2010-06-28,Tesla Inc,260.015,17.0,40.52941132,13300000.0,"Consumer, Cyclical",1616.77,44.632,NASDAQ GS,TSLA,1,0.1608237411629359,Deutsche Bank,1,34.54,2109.24,0.18,2.97,217.199,9.4,16743.162,93.7302,-0.0829476797809189,6,7,8,7
2010-06-30,ECA Marcellus Trust I,181.949,20.0,0.0,8800000.0,Energy,269.98,0.00284578,OTC US,ECTM,0,0.6739351063041706,Citi,1,34.54,2109.24,0.18,2.97,217.199,9.4,16743.162,93.7302,-0.0829476797809189,7,6,8,7
2010-07-21,Ameresco Inc,90.3971,10.0,1.700000048,8700000.0,Utilities,407.46,105.259,New York,AMRC,1,0.2218551514259068,BofA Securities,1,23.5,2254.7,0.18,2.94,217.605,9.4,16872.266,92.1634,-0.065483996739092,7,5,6,6
2010-07-21,Green Dot Corp,188.703,36.0,22.19444466,4560000.0,"Consumer, Non-cyclical",1491.74,93.0393,New York,GDOT,1,0.1264985855443978,JP Morgan,1,23.5,2254.7,0.18,2.94,217.605,9.4,16872.266,92.1634,-0.065483996739092,8,6,7,7
2010-08-13,Electromed Inc,7.6,4.0,-0.5,1700000.0,"Consumer, Non-cyclical",32.3516,66.2196,NYSEAmerican,ELMD,0,0.2349188293623808,Feltl & Co,0,26.05,2114.03,0.18,2.47,217.605,9.4,16872.266,92.1634,0.0689632284614363,7,8,6,7
2010-10-20,Vera Bradley Inc,202.4,16.0,55.3125,11000000.0,"Consumer, Cyclical",674.51,49.1389,NASDAQ GS,VRA,1,0.3000696802123023,Robert W Baird & Co,0,21.2,2507.41,0.19,2.63,219.035,9.4,16960.864,92.7705,0.1204287545588282,2,7,6,6
2010-10-26,Pacific Biosciences of California Inc,230.0,16.0,2.75,12500000.0,"Consumer, Non-cyclical",831.82,67.4326,NASDAQ GS,PACB,1,0.2765021278642013,Morgan Stanley,1,21.2,2507.41,0.19,2.63,219.035,9.4,16960.864,92.7705,0.1204287545588282,6,8,9,8
2010-11-17,LPL Financial Holdings Inc,516.696,30.0,7.166666508,15700000.0,Financial,3215.52,110.308,NASDAQ GS,LPLA,1,0.1606881624123003,JP Morgan,1,23.54,2498.23,0.19,2.81,219.59,9.8,16960.864,91.8663,0.0585953002170038,8,7,7,8
2010-12-14,Walker & Dunlop Inc,102.213,10.0,-1.0,10000000.0,Financial,221.11,89.2462,New York,WD,0,0.4622721722219709,UBS,1,17.75,2652.87,0.18,3.3,220.472,9.3,16960.864,93.2458,-0.0036611483562719,7,6,6,6
2010-12-16,Assembly Biosciences Inc,20.01,6.0,5.0,2900000.0,"Consumer, Non-cyclical",43.09,68.5889,NASDAQ GS,ASMB,1,0.4643768855883035,National Securities Corp,0,17.75,2652.87,0.18,3.3,220.472,9.3,16960.864,93.2458,-0.0036611483562719,7,5,9,8
2011-02-02,Pacira BioSciences Inc,42.0,7.0,0.285714299,6000000.0,"Consumer, Non-cyclical",120.63,125.13,NASDAQ GS,PCRX,1,0.3481720964934096,Barclays,1,18.35,2782.27,0.16,3.42,221.898,9.0,16960.864,92.3621,0.017795821129569,5,8,7,7
2011-02-10,Talphera Inc,40.0,5.0,-9.0,8000000.0,"Consumer, Non-cyclical",96.86,42.1933,NASDAQ CM,TLPH,0,0.4129671691100557,Piper Sandler & Co,0,18.35,2782.27,0.16,3.42,221.898,9.0,16960.864,92.3621,0.017795821129569,6,5,8,7
2011-02-10,Standard BioTools Inc,86.2938,13.5,3.85185194,5560000.0,Industrial,262.22,80.6145,NASDAQ GS,LAB,1,0.329089314316223,Deutsche Bank,0,18.35,2782.27,0.16,3.42,221.898,9.0,16960.864,92.3621,0.017795821129569,2,8,7,7
2011-04-18,Air Lease Corp,922.876,26.5,5.471698284,30300000.0,Financial,2486.94,90.2857, ,AL,1,0.3710889687728694,Barclays,1,14.75,2873.54,0.1,3.32,224.093,9.1,17035.114,92.1985,-0.0004313024976008,7,6,9,8
2011-05-04,Thermon Group Holdings Inc,127.8,12.0,2.333333254,10000000.0,Industrial,354.12,109.212,New York,THR,1,0.3608946119959336,Jefferies,1,15.45,2835.3,0.1,3.05,224.093,9.1,17035.114,92.1985,0.0332497923461112,2,5,6,5
2011-05-11,NGL Energy Partners LP,84.525,21.0,-0.095238097,3500000.0,Energy,189.82,64.5982,New York,NGL,0,0.4452902749973659,RBC Capital Markets,0,15.45,2835.3,0.1,3.05,224.093,9.1,17035.114,92.1985,0.0332497923461112,5,7,8,7
2011-07-20,SunCoke Energy Inc,213.44,16.0,6.25,11600000.0,Energy,1120.0,85.2989,New York,SXC,1,0.1905714285714285,Goldman Sachs,1,25.25,2756.38,0.07,2.82,225.395,9.0,17031.313,94.7363,-0.0217895813494163,8,7,6,7
2011-07-27,Ameriguard Security Services,0.06,0.0,,3000000.0,"Consumer, Non-cyclical",0.0,,OTC US,AGSS,0,,,0,25.25,2756.38,0.07,2.82,225.395,9.0,17031.313,94.7363,-0.0217895813494163,7,6,5,6
2011-07-27,Chefs' Warehouse Inc/The,155.25,15.0,16.66666603,9000000.0,"Consumer, Non-cyclical",330.25,106.094,NASDAQ GS,CHEF,1,0.4700984102952308,Jefferies,0,25.25,2756.38,0.07,2.82,225.395,9.0,17031.313,94.7363,-0.0217895813494163,5,7,6,6
2011-10-13,Ubiquiti Inc,105.573,15.0,16.66666603,7040000.0,Communications,1345.54,5.13347,New York,UI,1,0.0784614355574713,UBS,0,29.96,2684.41,0.08,2.17,226.597,9.0,17031.313,96.1131,-0.0636024594294929,6,8,7,7
2011-10-18,Citius Pharmaceuticals Inc,0.008,0.001,62399.99609,8000000.0,"Consumer, Non-cyclical",0.02,15.4051,NASDAQ CM,CTXR,1,0.4,,0,29.96,2684.41,0.08,2.17,226.597,9.0,17031.313,96.1131,-0.0636024594294929,7,6,9,8
2012-01-26,Verastem Inc,63.25,10.0,10.89999962,5500000.0,"Consumer, Non-cyclical",202.34,98.1015,NASDAQ CM,VSTM,1,0.3125926658100227,UBS,0,19.44,2813.84,0.07,1.83,227.223,8.5,17031.313,96.0947,-0.0057969576467176,5,6,9,8
2012-02-01,Matador Resources Co,178.596,12.0,-2.083333254,13300000.0,Energy,675.24,96.1358,New York,MTDR,0,0.2644926248444997,RBC Capital Markets,1,18.43,2966.89,0.1,1.98,228.329,8.3,17031.313,96.685,0.0801067117056599,8,3,6,6
2012-02-10,Mechanics Bancorp,95.9264,44.0,9.090909004,1900000.0,Financial,157.72,91.6704,NASDAQ GS,MCHB,1,0.6082069490235861,B Riley Financial Inc,0,18.43,2966.89,0.1,1.98,228.329,8.3,17031.313,96.685,0.0801067117056599,10,4,8,8
2012-02-23,Proto Labs Inc,79.12,16.0,81.25,4300000.0,Industrial,381.33,95.2044,New York,PRLB,1,0.2074843311567409,Jefferies,0,18.43,2966.89,0.1,1.98,228.329,8.3,17031.313,96.685,0.0801067117056599,1,8,4,5
2012-03-09,Endonovo Therapeutics Inc,0.812153,0.0,,812153.0,"Consumer, Non-cyclical",0.0,1.88e-05,OTC US,ENDV,0,,,0,15.5,3091.57,0.13,2.23,228.807,8.2,17031.313,96.7943,0.0543918630767916,7,6,8,8
2012-03-14,Allison Transmission Holdings Inc,690.345,23.0,1.739130378,26100000.0,"Consumer, Cyclical",4171.65,104.69,New York,ALSN,1,0.1654848800834202,Goldman Sachs,1,15.5,3091.57,0.13,2.23,228.807,8.2,17031.313,96.7943,0.0543918630767916,7,6,4,6
2012-03-14,MACOM Technology Solutions Holdings Inc,131.1,19.0,8.157895088,6000000.0,Technology,859.93,104.043,NASDAQ GS,MTSI,1,0.1524542695335667,Barclays,1,15.5,3091.57,0.13,2.23,228.807,8.2,17031.313,96.7943,0.0543918630767916,4,3,2,3
2012-03-21,Puma Biotechnology Inc,60.0,0.0,,16000000.0,"Consumer, Non-cyclical",0.0,71.337,NASDAQ GS,PBYI,0,,,0,15.5,3091.57,0.13,2.23,228.807,8.2,17031.313,96.7943,0.0543918630767916,9,6,8,8
2012-03-28,Zurn Elkay Water Solutions Cor,490.262,18.0,11.11111069,23700000.0,Industrial,1693.39,106.574,New York,ZWS,1,0.289515114651675,Goldman Sachs,1,15.5,3091.57,0.13,2.23,228.807,8.2,17031.313,96.7943,0.0543918630767916,5,4,7,5
2012-03-29,Artisan Consumer Goods Inc,0.175,0.0,,1750000.0,Basic Materials,0.0,1.9481,OTC US,ARRT,0,,,0,15.5,3091.57,0.13,2.23,228.807,8.2,17031.313,96.7943,0.0543918630767916,8,6,9,8
2012-04-30,Supernus Pharmaceuticals Inc,52.2463,5.0,7.400000095,10000000.0,"Consumer, Non-cyclical",121.81,107.092,NASDAQ GM,SUPN,1,0.4289163451276578,Citi,1,17.15,3046.36,0.13,1.95,228.807,8.2,17031.313,96.7943,0.0420238027024932,7,6,8,7
2012-05-03,Tilly's Inc,142.6,15.5,8.451612473,8000000.0,"Consumer, Cyclical",124.0,98.0691,New York,TLYS,1,1.15,BofA Securities,1,24.06,2827.34,0.16,1.59,228.713,8.2,17031.313,96.7569,-0.0146236378280291,7,6,8,7
2012-05-14,First America Resources Corp,0.0671,0.0,,671500.0,"Consumer, Cyclical",0.0,,OTC US,FSTJ,0,,,0,24.06,2827.34,0.16,1.59,228.713,8.2,17031.313,96.7569,-0.0146236378280291,4,6,9,7
2012-05-16,Xenetic Biosciences Inc,0.035,0.0,,3500000.0,"Consumer, Non-cyclical",0.0,10.8561,NASDAQ CM,XBIO,0,,,0,24.06,2827.34,0.16,1.59,228.713,8.2,17031.313,96.7569,-0.0146236378280291,6,7,8,7
2012-05-17,Meta Platforms Inc,16006.9,38.0,0.610032916,421000000.0,Communications,81247.2,79.3284,NASDAQ GS,META,1,0.1970147894327435,Goldman Sachs,1,24.06,2827.34,0.16,1.59,228.713,8.2,17031.313,96.7569,-0.0146236378280291,6,8,7,7
2012-06-05,Lipocine Inc,0.15,0.0,,1500000.0,"Consumer, Non-cyclical",0.0,23.9635,NASDAQ CM,LPCN,0,,,0,17.08,2935.06,0.16,1.67,228.524,8.2,17031.313,99.2339,-0.0718956393860213,9,6,7,8
2012-06-13,Mama's Creations Inc,0.24208,0.0,,24200000.0,"Consumer, Non-cyclical",0.0,84.2926,NASDAQ CM,MAMA,0,,,0,17.08,2935.06,0.16,1.67,228.524,8.2,17031.313,99.2339,-0.0718956393860213,8,7,6,7
2012-06-28,ServiceNow Inc,241.155,18.0,36.66666794,11700000.0,Technology,2189.52,92.3336,New York,NOW,1,0.1101405787569878,Morgan Stanley,1,17.08,2935.06,0.16,1.67,228.524,8.2,17031.313,99.2339,-0.0718956393860213,5,7,9,8
2012-07-10,Alkaline Water Co Inc/The,0.1,0.0,,10000000.0,"Consumer, Non-cyclical",0.0,0.00107496,OTC US,WTER,0,,,0,18.93,2939.52,0.16,1.51,228.524,8.2,17031.313,99.2339,0.0380994149978424,2,5,9,7
2012-07-19,Five Below Inc,187.981,17.0,55.88235474,9620000.0,"Consumer, Cyclical",917.4,108.355,NASDAQ GS,FIVE,1,0.2049062568127316,Goldman Sachs,1,18.93,2939.52,0.16,1.51,228.524,8.2,17031.313,99.2339,0.0380994149978424,6,7,6,7
2012-07-19,Palo Alto Networks Inc,299.46,42.0,26.5,6200000.0,Communications,2836.32,71.9351,NASDAQ GS,PANW,1,0.1055804704687764,Morgan Stanley,1,18.93,2939.52,0.16,1.51,228.524,8.2,17031.313,99.2339,0.0380994149978424,7,8,6,7
2012-08-01,Starco Brands Inc,1.0771,0.0,,2150000.0,"Consumer, Non-cyclical",0.0,31.5476,OTC US,STCB,0,,,0,17.47,3066.96,0.13,1.57,229.918,8.1,17031.313,99.4366,0.0015195600771364,5,8,9,8
2012-08-29,Earth Science Tech Inc,0.35,0.0,,35000000.0,"Consumer, Non-cyclical",0.0,7.89308,OTC US,ETST,0,,,0,17.47,3066.96,0.13,1.57,229.918,8.1,17031.313,99.4366,0.0015195600771364,8,6,7,7
2012-09-27,Verde Resources Inc,0.08,0.0,,2000000.0,Basic Materials,0.0,7.7687,OTC US,VRDR,0,,,0,15.73,3116.23,0.13,1.65,229.918,8.1,17031.313,99.4366,0.0433540169823645,6,5,7,6
2012-09-27,Qualys Inc,104.536,12.0,18.0,7580000.0,Technology,374.25,105.073,NASDAQ GS,QLYS,1,0.2793213092852371,JP Morgan,1,15.73,3116.23,0.13,1.65,229.918,8.1,17031.313,99.4366,0.0433540169823645,5,8,7,7
2012-10-24,CrossAmerica Partners LP,138.0,20.0,1.149999976,6000000.0,Energy,168.5,24.0411,New York,CAPL,1,0.8189910979228486,Raymond James & Associates,0,18.6,2977.23,0.16,1.72,231.638,7.8,17489.852,97.5992,0.0160647677178704,7,6,6,6
2012-11-01,Delek Logistics Partners LP,193.2,21.0,6.428571224,8000000.0,Energy,251.99,21.0283,New York,DKL,1,0.7666970911544109,BofA Securities,1,15.87,3010.24,0.16,1.62,231.249,7.7,17489.852,97.4635,-0.0446051799770876,7,3,8,6
2012-11-02,Chiron Real Estate Inc,0.1,0.0,,10000000.0,Financial,0.0,76.6464,New York,XRN,0,,,0,15.87,3010.24,0.16,1.62,231.249,7.7,17489.852,97.4635,-0.0446051799770876,7,6,8,7
2012-11-08,Atossa Therapeutics Inc,4.0,5.0,-4.0,800000.0,"Consumer, Non-cyclical",0.0,17.1019,NASDAQ CM,ATOS,0,,Dawson James Securities,0,15.87,3010.24,0.16,1.62,231.249,7.7,17489.852,97.4635,-0.0446051799770876,5,6,8,7
2012-11-19,Fyolo Technology Corp,0.0315,0.0,,31500000.0,"Consumer, Non-cyclical",0.0,,OTC US,AHII,0,,,0,15.87,3010.24,0.16,1.62,231.249,7.7,17489.852,97.4635,-0.0446051799770876,8,3,6,6
2012-12-06,Western Midstream Partners LP,434.68,22.0,27.27272797,17200000.0,Energy,4719.66,40.3549,New York,WES,1,0.0920998546505468,Morgan Stanley,1,18.02,3019.51,0.16,1.78,231.249,7.7,17489.852,97.4635,0.011087487362414,7,6,6,6
2013-01-10,United Community Banks Inc/GA,0.0,0.0,,,Financial,0.0,88.3532,New York,UCB,0,,,0,14.28,3142.13,0.14,2.02,231.679,8.0,17662.4,97.9682,0.0030794886786436,7,3,8,7
2013-01-17,Norwegian Cruise Line Holdings Ltd,514.117,19.0,30.47368431,23500000.0,"Consumer, Cyclical",3875.94,98.5895,New York,NCLH,1,0.1326431781709727,JP Morgan,1,14.28,3142.13,0.14,2.02,231.679,8.0,17662.4,97.9682,0.0030794886786436,7,8,9,8
2013-01-31,Zoetis Inc,2574.39,26.0,19.26922989,86100000.0,"Consumer, Non-cyclical",2574.39,104.488,New York,ZTS,1,1.0,JP Morgan,1,14.28,3142.13,0.14,2.02,231.679,8.0,17662.4,97.9682,0.0030794886786436,8,6,7,7
2013-02-05,Boise Cascade Co,284.117,21.0,24.52380943,11800000.0,Industrial,907.82,104.058,New York,BCC,1,0.3129662267850455,Goldman Sachs,1,15.51,3160.19,0.15,1.89,232.937,7.7,17662.4,98.2409,0.0406092379227092,7,8,6,7
2013-03-08,DarioHealth Corp,14.1453,0.0,,9430000.0,Technology,0.0,27.5614,NASDAQ CM,DRIO,0,,,0,12.7,3267.52,0.14,1.87,232.282,7.5,17662.4,98.8998,0.0057476934436193,7,6,8,7
2013-04-09,Taylor Morrison Home Corp,722.854,22.0,4.727272511,28600000.0,"Consumer, Cyclical",628.58,103.025,New York,TMHC,1,1.1499793184638392,Citi,1,13.52,3328.79,0.15,1.7,231.797,7.6,17709.671,97.9563,0.0339631477854178,7,8,6,7
2013-04-18,Blackhawk Network Holdings Inc,264.5,23.0,13.08695698,10000000.0,Financial,264.5,, ,HAWK,1,1.0,Goldman Sachs,1,13.52,3328.79,0.15,1.7,231.797,7.6,17709.671,97.9563,0.0339631477854178,8,6,4,6
2013-05-01,Voya Financial Inc,1461.94,19.5,6.871794701,65200000.0,Financial,5084.24,115.046,New York,VOYA,1,0.2875434676569163,JP Morgan,1,16.3,3455.91,0.11,2.16,231.893,7.5,17709.671,98.1988,0.0187512241700127,6,5,7,6
2013-05-08,IQVIA Holdings Inc,1089.47,40.0,5.275000095,23700000.0,"Consumer, Non-cyclical",5156.6,103.398,New York,IQV,1,0.2112768103013613,Deutsche Bank,1,16.3,3455.91,0.11,2.16,231.893,7.5,17709.671,98.1988,0.0187512241700127,6,7,8,7
2013-06-12,Coty Inc,1140.0,17.5,-0.800000012,57100000.0,"Consumer, Non-cyclical",1263.83,39.0009,New York,COTY,0,0.9020200501649748,Wells Fargo,1,16.86,3403.25,0.11,2.52,231.893,7.5,17709.671,98.1988,0.0381880503125759,2,8,6,6
2013-06-19,PTC Therapeutics Inc,144.417,15.0,9.933333397,8370000.0,"Consumer, Non-cyclical",357.057,117.138,NASDAQ GS,PTCT,1,0.4044648333459363,UBS,1,16.86,3403.25,0.11,2.52,231.893,7.5,17709.671,98.1988,0.0381880503125759,7,5,8,7
2013-06-26,CDW Corp/DE,454.538,17.0,8.058823586,23300000.0,Communications,2923.29,104.009,NASDAQ GS,CDW,1,0.1554885078114042,Morgan Stanley,1,16.86,3403.25,0.11,2.52,231.893,7.5,17709.671,98.1988,0.0381880503125759,7,8,6,7
2013-06-26,Esperion Therapeutics Inc,80.5,14.0,3.571428537,5000000.0,"Consumer, Non-cyclical",214.61,62.098,NASDAQ GM,ESPR,1,0.3750990168212105,Citi,1,16.86,3403.25,0.11,2.52,231.893,7.5,17709.671,98.1988,0.0381880503125759,7,5,9,8
2013-07-25,Traws Pharma Inc,89.1255,15.0,32.53333282,5170000.0,"Consumer, Non-cyclical",320.85,53.8287,NASDAQ CM,TRAW,1,0.2777793361383824,Citi,1,13.45,3626.37,0.09,2.6,232.9,7.3,17860.45,99.0546,-0.0152376653327198,4,5,8,6
2013-08-02,LogicMark Inc,1.0,0.0,,1000000.0,"Consumer, Non-cyclical",0.0,0.144584,OTC US,LGMK,0,,,0,17.01,3589.87,0.08,2.78,233.456,7.2,17860.45,101.7358,0.0655608609417468,5,6,8,7
2013-08-07,Fox Factory Holding Corp,147.857,15.0,24.06666756,8570000.0,"Consumer, Cyclical",544.76,104.03,NASDAQ GS,FOXF,1,0.2714167706880094,Robert W Baird & Co,0,17.01,3589.87,0.08,2.78,233.456,7.2,17860.45,101.7358,0.0655608609417468,2,7,4,5
2013-08-08,Expro Group Holdings NV,759.0,22.0,19.81818199,30000000.0,Energy,3377.53,106.251,New York,XPRO,1,0.2247204317948323,UBS,1,17.01,3589.87,0.08,2.78,233.456,7.2,17860.45,101.7358,0.0655608609417468,8,7,6,7
2013-09-25,Applied Optoelectronics Inc,41.4,10.0,-0.400000006,3600000.0,Industrial,131.5,74.4787,NASDAQ GM,AAOI,0,0.314828897338403,Raymond James & Associates,0,16.6,3771.48,0.08,2.64,233.456,7.2,17860.45,101.7358,-0.0100651615803131,6,8,7,7
2013-09-26,BioQuest Corp,0.0565,0.04,6150.0,1410000.0,"Consumer, Non-cyclical",0.22,,OTC US,BQST,1,0.2568181818181818,,0,16.6,3771.48,0.08,2.64,233.456,7.2,17860.45,101.7358,-0.0100651615803131,7,6,9,8
2013-10-01,RE/MAX Holdings Inc,253.0,22.0,22.72727203,10000000.0,Financial,255.61,88.7094,New York,RMAX,1,0.9897891318805992,BofA Securities,1,13.75,3919.71,0.09,2.57,233.669,7.2,18016.147,100.0298,0.0505895756670855,8,6,7,7
2013-10-09,MacroGenics Inc,92.0,16.0,56.1875,5000000.0,"Consumer, Non-cyclical",396.35,65.2095,NASDAQ GS,MGNX,1,0.2321180774567932,BofA Securities,1,13.75,3919.71,0.09,2.57,233.669,7.2,18016.147,100.0298,0.0505895756670855,9,5,6,7
2013-10-15,Plains GP Holdings LP,2912.41,22.0,0.0,128000000.0,Energy,2912.4,81.5342,NASDAQ GS,PAGP,0,1.0000034335942865,Barclays,1,13.75,3919.71,0.09,2.57,233.669,7.2,18016.147,100.0298,0.0505895756670855,5,6,8,7
2013-10-15,Veeva Systems Inc,300.034,20.0,85.80000305,13000000.0,Technology,2445.04,91.9081,New York,VEEV,1,0.1227112848869548,Morgan Stanley,1,13.75,3919.71,0.09,2.57,233.669,7.2,18016.147,100.0298,0.0505895756670855,6,7,8,7
2013-10-16,ADMA Biologics Inc,28.4996,8.5,0.588235319,3350000.0,"Consumer, Non-cyclical",78.4,97.2875,NASDAQ GM,ADMA,1,0.363515306122449,Oppenheimer & Co,0,13.75,3919.71,0.09,2.57,233.669,7.2,18016.147,100.0298,0.0505895756670855,9,7,8,8
2013-10-24,Vistance Networks Inc,625.248,15.0,-0.06666667,38500000.0,Communications,2784.81,110.532,NASDAQ GS,VISN,0,0.2245208829327674,Wells Fargo,1,13.75,3919.71,0.09,2.57,233.669,7.2,18016.147,100.0298,0.0505895756670855,6,8,5,6
2013-10-30,Marcus & Millichap Inc,82.8,12.0,11.83333302,6000000.0,Financial,439.21,105.212,New York,MMI,1,0.1885202978074269,Citi,1,13.75,3919.71,0.09,2.57,233.669,7.2,18016.147,100.0298,0.0505895756670855,5,7,8,7
2013-10-30,Essent Group Ltd,385.332,17.0,23.52941132,19700000.0,Financial,1470.41,106.124,New York,ESNT,1,0.2620575213715902,JP Morgan,1,13.75,3919.71,0.09,2.57,233.669,7.2,18016.147,100.0298,0.0505895756670855,8,1,4,5
2013-11-08,Synergy CHC Corp,0.04,0.0,,1000000.0,"Consumer, Non-cyclical",0.0,47.0041,NASDAQ CM,SNYR,0,,,0,13.7,4059.89,0.08,2.75,234.1,6.9,18016.147,99.7309,0.039302873142639,6,8,7,7
2013-11-08,Zeo ScientifiX Inc,0.2,0.0,,4000000.0,"Consumer, Non-cyclical",0.0,14.9828,OTC US,ZEOX,0,,,0,13.7,4059.89,0.08,2.75,234.1,6.9,18016.147,99.7309,0.039302873142639,7,8,9,8
2013-11-21,Ideal Power Inc,17.25,5.0,7.0,3000000.0,Industrial,33.25,18.742,NASDAQ CM,IPWR,1,0.518796992481203,MDB Capital Group LLC,0,13.7,4059.89,0.08,2.75,234.1,6.9,18016.147,99.7309,0.039302873142639,5,6,7,6
2013-12-17,AMC Entertainment Holdings Inc,378.949,18.0,5.0,18400000.0,"Consumer, Cyclical",387.96,49.9368,New York,AMC,1,0.976773378698835,UBS,1,13.72,4176.59,0.08,3.04,234.1,6.9,18016.147,99.7309,0.0357628498026638,6,7,9,8
2013-12-26,GreenTech Innovations Inc,0.05,0.02,2400.0,2500000.0,Technology,0.0,0.19968,OTC US,GTIC,1,,,0,13.72,4176.59,0.08,3.04,234.1,6.9,18016.147,99.7309,0.0357628498026638,3,6,9,8
2013-12-27,Right On Brands inc,0.108,0.0,,1080000.0,Communications,0.0,5.71464,OTC US,RTON,0,,,0,13.72,4176.59,0.08,3.04,234.1,6.9,18016.147,99.7309,0.0357628498026638,2,9,8,8
2014-01-09,Crescent Biopharma Inc,64.4,8.0,12.625,7000000.0,"Consumer, Non-cyclical",148.84,100.201,NASDAQ CM,CBIO,1,0.4326793872614888,Barclays,1,18.41,4103.88,0.07,2.67,235.288,6.6,17953.974,99.882,0.0287446211596866,8,6,9,8
2014-01-14,BioVie Inc,0.5,0.0,,5000000.0,"Consumer, Non-cyclical",0.0,16.2526,NASDAQ CM,BIVI,0,,,0,18.41,4103.88,0.07,2.67,235.288,6.6,17953.974,99.882,0.0287446211596866,8,6,4,6
2014-01-30,Ultragenyx Pharmaceutical Inc,139.115,21.0,101.1904755,5760000.0,"Consumer, Non-cyclical",628.44,98.3972,NASDAQ GS,RARE,1,0.2213656037171408,JP Morgan,1,18.41,4103.88,0.07,2.67,235.288,6.6,17953.974,99.882,0.0287446211596866,6,5,4,5
2014-01-31,Tvardi Therapeutics Inc,63.25,11.0,17.36363602,5000000.0,"Consumer, Non-cyclical",248.52,33.0627,NASDAQ CM,TVRD,1,0.2545066795428939,Piper Sandler & Co,0,18.41,4103.88,0.07,2.67,235.288,6.6,17953.974,99.882,0.0287446211596866,8,6,9,8
2014-02-05,Ladder Capital Corp,259.038,17.0,-0.05882353,13300000.0,Financial,860.23,66.7593,New York,LADR,0,0.3011264429280541,Citi,1,14.0,4308.12,0.07,2.66,235.288,6.6,17953.974,99.882,-0.0174089388711844,7,6,8,7
2014-02-06,Carisma Therapeutics Inc,57.5,10.0,8.5,5000000.0,"Consumer, Non-cyclical",161.44,7.94427,OTC US,CARM,1,0.3561694747274529,Citi,1,14.0,4308.12,0.07,2.66,235.288,6.6,17953.974,99.882,-0.0174089388711844,7,6,9,8
2014-02-13,SiNtx Technologies Inc,20.125,5.75,-6.260869503,3500000.0,Industrial,69.73,18.9902,NASDAQ CM,SINT,0,0.2886132224293704,Citizens Financial Group Inc,1,14.0,4308.12,0.07,2.66,235.288,6.6,17953.974,99.882,-0.0174089388711844,5,6,8,7
2014-02-13,Installed Building Products Inc,94.2425,11.0,16.36363602,7450000.0,"Consumer, Cyclical",336.62,111.448,New York,IBP,1,0.2799670251321965,UBS,0,14.0,4308.12,0.07,2.66,235.288,6.6,17953.974,99.882,-0.0174089388711844,2,4,7,5
2014-02-24,Skye Bioscience Inc,0.1423,0.05,47100.0,2850000.0,"Consumer, Non-cyclical",0.26,50.6858,NASDAQ GM,SKYE,1,0.5473076923076923,,0,14.0,4308.12,0.07,2.66,235.288,6.6,17953.974,99.882,-0.0174089388711844,7,6,9,8
2014-02-27,Varonis Systems Inc,121.44,22.0,100.0,4800000.0,Technology,535.39,100.941,NASDAQ GS,VRNS,1,0.2268253049179103,Morgan Stanley,1,14.0,4308.12,0.07,2.66,235.288,6.6,17953.974,99.882,-0.0174089388711844,6,7,8,7
2014-03-06,Neurogene Inc,53.13,11.0,8.636363983,4200000.0,"Consumer, Non-cyclical",117.43,109.178,NASDAQ GM,NGNE,1,0.4524397513412245,Jefferies,0,13.88,4198.99,0.07,2.73,235.288,6.6,17953.974,99.882,0.049767537062487,8,6,9,8
2014-03-20,BGSF Inc,0.0154,0.0,,1540000.0,"Consumer, Non-cyclical",0.0,31.9603,New York,BGSF,0,,,0,13.88,4198.99,0.07,2.73,235.288,6.6,17953.974,99.882,0.049767537062487,7,8,6,7
2014-03-20,Q2 Holdings Inc,116.025,13.0,16.69230843,7760000.0,Communications,430.48,110.313,New York,QTWO,1,0.2695247165954283,JP Morgan,1,13.88,4198.99,0.07,2.73,235.288,6.6,17953.974,99.882,0.049767537062487,1,6,7,6
2014-03-20,A10 Networks Inc,187.5,15.0,8.066666603,12500000.0,Communications,885.44,98.9503,New York,ATEN,1,0.2117591254065775,Morgan Stanley,1,13.88,4198.99,0.07,2.73,235.288,6.6,17953.974,99.882,0.049767537062487,6,8,7,7
2014-03-21,Pulmatrix Inc,20.3312,7.25,0.0,2650000.0,"Consumer, Non-cyclical",34.83,10.6872,NASDAQ CM,PULM,0,0.5837266724088429,Dawson James Securities,0,13.88,4198.99,0.07,2.73,235.288,6.6,17953.974,99.882,0.049767537062487,5,6,7,6
2014-04-10,Dare Bioscience Inc,66.9879,7.0,-2.142857075,8500000.0,"Consumer, Non-cyclical",140.56,15.2098,NASDAQ CM,DARE,0,0.4765786852589641,Leerink Partners LLC,0,13.41,4114.56,0.09,2.67,236.468,6.2,18185.911,100.5341,-0.0253312349702422,7,8,6,7
2014-04-14,Paycom Software Inc,114.626,15.0,2.333333254,6650000.0,Technology,762.16,114.327,New York,PAYC,1,0.1503962422588433,Barclays,1,13.41,4114.56,0.09,2.67,236.468,6.2,18185.911,100.5341,-0.0253312349702422,1,1,6,3
2014-04-16,Immunic Inc,62.1,12.0,0.0,4500000.0,"Consumer, Non-cyclical",261.49,69.4185,NASDAQ CM,IMUX,0,0.2374851810776702,BofA Securities,1,13.41,4114.56,0.09,2.67,236.468,6.2,18185.911,100.5341,-0.0253312349702422,8,6,7,7
2014-04-16,Sabre Corp,721.28,16.0,3.125,39200000.0,"Consumer, Cyclical",4232.88,99.0605,NASDAQ GS,SABR,1,0.1703993498516376,Deutsche Bank,1,13.41,4114.56,0.09,2.67,236.468,6.2,18185.911,100.5341,-0.0253312349702422,6,8,7,7
2014-05-02,Aldeyra Therapeutics Inc,12.0,8.0,-10.0,1500000.0,"Consumer, Non-cyclical",43.7616,63.2131,NASDAQ CM,ALDX,0,0.274213008665131,Aegis Capital Corp,0,11.4,4242.62,0.09,2.48,236.918,6.3,18185.911,101.4169,-0.0201072162591479,8,6,9,8
2014-05-16,New Green Hemp Inc,0.455,0.0,,9100000.0,Industrial,0.0,,OTC US,NGHI,0,,,0,11.4,4242.62,0.09,2.48,236.918,6.3,18185.911,101.4169,-0.0201072162591479,3,8,9,8
2014-05-22,Heritage Insurance Holdings Inc,75.9,11.0,4.545454502,6000000.0,Financial,331.064,66.5085,New York,HRTG,1,0.2292608075779909,Citi,1,11.4,4242.62,0.09,2.48,236.918,6.3,18185.911,101.4169,-0.0201072162591479,6,7,8,8
2014-06-03,Matinas BioPharma Holdings Inc,14.915,0.0,,14900000.0,"Consumer, Non-cyclical",0.0,10.4615,NYSEAmerican,MTNB,0,,,0,11.57,4408.18,0.09,2.53,236.918,6.3,18185.911,101.4169,0.0311236195364752,5,6,8,7
2014-06-18,Larimar Therapeutics Inc,110.4,16.0,23.4375,6000000.0,"Consumer, Non-cyclical",363.31,78.7531,NASDAQ GM,LRMR,1,0.3038727257713798,Leerink Partners LLC,0,11.57,4408.18,0.09,2.53,236.918,6.3,18185.911,101.4169,0.0311236195364752,7,6,5,6
2014-06-25,GoPro Inc,491.28,24.0,30.58333397,17800000.0,Industrial,427.2,43.6233,NASDAQ GS,GPRO,1,1.15,JP Morgan,1,11.57,4408.18,0.09,2.53,236.918,6.3,18185.911,101.4169,0.0311236195364752,7,6,8,7
2014-06-30,Minerva Neurosciences Inc,33.693,6.0,0.833333314,5450000.0,"Consumer, Non-cyclical",110.634,79.6137,NASDAQ CM,NERV,1,0.3045447150062367,Jefferies,0,11.57,4408.18,0.09,2.53,236.918,6.3,18185.911,101.4169,0.0311236195364752,7,5,6,6
2014-07-09,BioAdaptives Inc,0.2406,0.0,,2010000.0,"Consumer, Non-cyclical",0.0,,OTC US,BDPT,0,,,0,16.95,4369.77,0.09,2.58,237.498,6.2,18406.941,102.5219,0.0390230565075355,7,6,9,8
2014-07-16,iRadimed Corp,14.49,6.25,58.40000153,2020000.0,"Consumer, Non-cyclical",66.99,62.5157,NASDAQ GM,IRMD,1,0.2163009404388715,Roth Capital Partners Inc,0,16.95,4369.77,0.09,2.58,237.498,6.2,18406.941,102.5219,0.0390230565075355,9,3,4,6
2014-07-22,T3 Defense Inc,0.12,0.12,8025.0,1000000.0,Industrial,0.6276,5.29563,NASDAQ GM,DFNS,1,0.1912045889101338,,0,16.95,4369.77,0.09,2.58,237.498,6.2,18406.941,102.5219,0.0390230565075355,8,7,6,7
2014-07-24,Ocular Therapeutix Inc,74.75,13.0,1.153846145,5000000.0,"Consumer, Non-cyclical",277.15,85.3885,NASDAQ GM,OCUL,1,0.2697095435684647,Morgan Stanley,1,16.95,4369.77,0.09,2.58,237.498,6.2,18406.941,102.5219,0.0390230565075355,7,5,8,7
2014-07-24,El Pollo Loco Holdings Inc,123.215,15.0,60.20000076,7140000.0,"Consumer, Cyclical",553.95,109.955,NASDAQ GS,LOCO,1,0.2224298221861178,Morgan Stanley,1,16.95,4369.77,0.09,2.58,237.498,6.2,18406.941,102.5219,0.0390230565075355,6,7,8,7
2014-08-07,Ryerson Holding Corp,121.0,11.0,-6.363636494,11000000.0,Industrial,352.41,69.6897,New York,RYZ,0,0.343350075196504,Deutsche Bank,1,11.98,4580.27,0.09,2.35,237.46,6.1,18406.941,104.9716,-0.0087133465511843,4,7,9,8
2014-09-08,Livento Group Inc,0.25,0.0,,1000000.0,"Consumer, Non-cyclical",0.0,,OTC US,LIVG,0,,,0,16.31,4493.39,0.09,2.52,237.477,5.9,18406.941,104.073,0.0481718717461101,5,6,9,7
2014-09-12,SafeSpace Global Corp,0.03,0.0,,3000000.0,"Consumer, Non-cyclical",0.0,,OTC US,SSGC,0,,,0,16.31,4493.39,0.09,2.52,237.477,5.9,18406.941,104.073,0.0481718717461101,2,8,9,8
2014-10-08,HubSpot Inc,143.75,25.0,20.39999962,5000000.0,Technology,777.795,96.2614,New York,HUBS,1,0.1848173361875558,Morgan Stanley,1,14.03,4630.74,0.09,2.35,237.43,5.7,18500.031,103.0352,-0.0189683140950206,1,7,8,6
2014-10-09,Dave & Buster's Entertainment Inc,108.237,16.0,8.0,5880000.0,"Consumer, Cyclical",625.386,117.203,NASDAQ GS,PLAY,1,0.1730723105410098,Jefferies,0,14.03,4630.74,0.09,2.35,237.43,5.7,18500.031,103.0352,-0.0189683140950206,6,7,8,7
2014-10-15,Atara Biotherapeutics Inc,63.25,11.0,-3.181818247,5000000.0,"Consumer, Non-cyclical",213.434,39.8816,NASDAQ GS,ATRA,0,0.2963445374214042,Goldman Sachs,1,14.03,4630.74,0.09,2.35,237.43,5.7,18500.031,103.0352,-0.0189683140950206,7,6,9,8
2014-10-21,Protara Therapeutics Inc,70.265,10.0,0.300000012,6110000.0,"Consumer, Non-cyclical",149.939,75.7554,NASDAQ GM,TARA,1,0.4686239070555359,Stifel,1,14.03,4630.74,0.09,2.35,237.43,5.7,18500.031,103.0352,-0.0189683140950206,6,5,9,7
2014-10-23,Corbus Pharmaceuticals Holdings Inc,0.0,0.0,,20200000.0,"Consumer, Non-cyclical",0.0,75.8504,NASDAQ CM,CRBP,0,,,0,14.03,4630.74,0.09,2.35,237.43,5.7,18500.031,103.0352,-0.0189683140950206,9,6,5,7
2014-11-04,Innovative Payment Solutions Inc,0.05,0.0,,5000000.0,"Consumer, Cyclical",0.0,,OTC US,IPSI,0,,,0,13.33,4791.63,0.09,2.18,237.43,5.7,18500.031,103.0352,0.0305671219279874,5,6,9,8
2014-11-05,Upland Software Inc,46.1544,12.0,-18.75,3850000.0,Technology,172.028,55.5853,NASDAQ GM,UPLD,0,0.2682958588136815,William Blair & Co LLC,0,13.33,4791.63,0.09,2.18,237.43,5.7,18500.031,103.0352,0.0305671219279874,5,8,7,7
2014-11-06,Freshpet Inc,179.689,15.0,27.39999962,10400000.0,"Consumer, Cyclical",500.424,124.69,NASDAQ GM,FRPT,1,0.3590735056671942,UBS,1,13.33,4791.63,0.09,2.18,237.43,5.7,18500.031,103.0352,0.0305671219279874,1,5,9,6
2014-11-06,Coherus Oncology Inc,91.85,13.5,-6.592592716,6300000.0,"Consumer, Non-cyclical",432.702,45.2687,NASDAQ GM,CHRS,0,0.2122708006896201,JP Morgan,1,13.33,4791.63,0.09,2.18,237.43,5.7,18500.031,103.0352,0.0305671219279874,7,6,8,7
2014-11-11,Joint Corp/The,22.425,6.5,1.230769277,3000000.0,"Consumer, Non-cyclical",59.6154,80.8344,NASDAQ CM,JYNT,1,0.3761611932487243,Feltl & Co,0,13.33,4791.63,0.09,2.18,237.43,5.7,18500.031,103.0352,0.0305671219279874,2,7,6,5
2014-11-11,Axalta Coating Systems Ltd,1121.25,19.5,6.410256386,50000000.0,Basic Materials,4466.85,118.297,New York,AXTA,1,0.2510158165149938,Morgan Stanley,1,13.33,4791.63,0.09,2.18,237.43,5.7,18500.031,103.0352,0.0305671219279874,3,7,6,6
2014-11-18,Lunai Bioworks Inc,12.0,0.0,,2400000.0,"Consumer, Non-cyclical",0.0,26.1505,NASDAQ CM,LNAI,0,,Benchmark Co Inc/The,0,13.33,4791.63,0.09,2.18,237.43,5.7,18500.031,103.0352,0.0305671219279874,6,5,4,5
2014-11-19,Evofem Biosciences Inc,65.1,14.0,-14.28571415,4650000.0,"Consumer, Non-cyclical",190.681,3.05e-06,OTC US,EVFM,0,0.3414079011542838,Piper Sandler & Co,0,13.33,4791.63,0.09,2.18,237.43,5.7,18500.031,103.0352,0.0305671219279874,5,6,9,8
2014-12-02,Ocugen Inc,65.0001,11.0,6.818181992,5910000.0,"Consumer, Non-cyclical",118.752,25.2686,NASDAQ CM,OCGN,1,0.5473600444624092,TD Securities,0,19.2,4736.05,0.12,2.17,236.252,5.6,18500.031,103.0234,0.03474390702134,8,6,9,8
2014-12-05,PetroGas Co,0.1,0.0,,10000000.0,Energy,0.0,,OTC US,PTCO,0,,,0,19.2,4736.05,0.12,2.17,236.252,5.6,18500.031,103.0234,0.03474390702134,8,6,9,8
2014-12-10,LendingClub Corp,1000.5,15.0,56.20000076,58000000.0,Financial,5547.18,89.3038,New York,LC,1,0.1803619136209749,Morgan Stanley,1,19.2,4736.05,0.12,2.17,236.252,5.6,18500.031,103.0234,0.03474390702134,7,8,6,7
2015-01-27,Nevada Canyon Gold Corp,0.2,0.0,,2000000.0,"Consumer, Non-cyclical",0.0,0.0351096,OTC US,NGLD,0,,,0,20.97,4635.24,0.11,1.68,234.747,5.7,18666.621,102.4302,-0.0115993931083994,7,6,8,7
2015-01-28,Decoy Therapeutics Inc,100.99,16.0,-6.5625,5400000.0,"Consumer, Non-cyclical",299.477,7.43845,NASDAQ CM,DCOY,0,0.3372212223309302,Jefferies,0,20.97,4635.24,0.11,1.68,234.747,5.7,18666.621,102.4302,-0.0115993931083994,5,6,9,8
2015-02-03,Anterix Inc,0.0,0.0,,11900000.0,Communications,0.0,92.4261,NASDAQ CM,ATEX,0,,,0,13.34,4963.53,0.11,2.0,234.747,5.7,18666.621,102.4302,-0.0212856705482417,5,7,8,7
2015-02-04,Wewards Inc,0.1,0.0,,10000000.0,Technology,0.0,56.5781,OTC US,WEWA,0,,,0,13.34,4963.53,0.11,2.0,234.747,5.7,18666.621,102.4302,-0.0212856705482417,8,6,7,7
2015-02-09,US Nuclear Corp,0.7725,0.0,,3090000.0,Industrial,0.0,,OTC US,UCLE,0,,,0,13.34,4963.53,0.11,2.0,234.747,5.7,18666.621,102.4302,-0.0212856705482417,7,8,6,7
2015-02-18,Rocket Pharmaceuticals Inc,40.002,6.0,0.0,6670000.0,"Consumer, Non-cyclical",95.265,88.016,NASDAQ GM,RCKT,0,0.4199023775783341,TD Securities,0,13.34,4963.53,0.11,2.0,234.747,5.7,18666.621,102.4302,-0.0212856705482417,7,6,9,8
2015-03-03,Greenwave Technology Solutions,5.04,0.0,,50400000.0,Industrial,0.0,1.76332,NASDAQ CM,GWAV,0,,,0,15.29,4900.88,0.11,1.94,234.747,5.7,18666.621,102.4302,0.0708248116602376,7,6,8,7
2015-03-31,GoDaddy Inc,520.0,20.0,30.75,23000000.0,Communications,1236.48,111.375,New York,GDDY,1,0.4205486542443064,Morgan Stanley,1,15.29,4900.88,0.11,1.94,234.747,5.7,18666.621,102.4302,0.0708248116602376,1,5,7,5
2015-04-08,KalVista Pharmaceuticals Inc,74.75,5.0,11.19999981,13000000.0,"Consumer, Non-cyclical",130.985,118.733,NASDAQ GM,KALV,1,0.5706760316066725,Leerink Partners LLC,0,14.55,4941.42,0.12,2.05,236.222,5.4,18782.243,99.7225,-0.0126220653446236,7,6,5,6
2015-04-14,XBiotech Inc,76.0,19.0,22.36842155,4000000.0,"Consumer, Non-cyclical",602.615,7.89281,NASDAQ GS,XBIT,1,0.1261170067124117,WR Hambrecht + Co LLC,0,14.55,4941.42,0.12,2.05,236.222,5.4,18782.243,99.7225,-0.0126220653446236,7,6,9,8
2015-04-15,Zevra Therapeutics Inc,55.99,11.0,1.818181872,5090000.0,"Consumer, Non-cyclical",148.093,70.1323,NASDAQ GS,ZVRA,1,0.3780732377627572,TD Securities,0,14.55,4941.42,0.12,2.05,236.222,5.4,18782.243,99.7225,-0.0126220653446236,8,7,9,8
2015-05-05,Summit Networks Inc,0.08,0.0,,2000000.0,"Consumer, Cyclical",0.0,1.50072,OTC US,SNTW,0,,,0,13.84,5070.03,0.12,2.12,237.001,5.6,18782.243,99.9617,0.0082719838069897,1,8,9,8
2015-05-05,OpGen Inc,17.1,6.0,-19.16666603,2850000.0,"Consumer, Non-cyclical",0.0,81.5822,OTC US,CFOR,0,,Maxim Group LLC,0,13.84,5070.03,0.12,2.12,237.001,5.6,18782.243,99.9617,0.0082719838069897,6,7,9,8
2015-05-06,Collegium Pharmaceutical Inc,80.04,12.0,2.416666746,5800000.0,"Consumer, Non-cyclical",236.495,148.664,NASDAQ GS,COLL,1,0.3384426732066217,Jefferies,0,13.84,5070.03,0.12,2.12,237.001,5.6,18782.243,99.9617,0.0082719838069897,8,6,9,8
2015-05-06,aTyr Pharma Inc,86.296,14.0,6.785714149,5360000.0,"Consumer, Non-cyclical",315.696,57.5097,NASDAQ CM,ATYR,1,0.2733515787339719,JP Morgan,1,13.84,5070.03,0.12,2.12,237.001,5.6,18782.243,99.9617,0.0082719838069897,7,6,8,7
2015-05-13,Jaguar Health Inc,20.02,7.0,-3.142857075,2860000.0,"Consumer, Non-cyclical",56.8393,2.80236,NASDAQ CM,JAGX,0,0.352221086466582,Aegis Capital Corp,0,13.84,5070.03,0.12,2.12,237.001,5.6,18782.243,99.9617,0.0082719838069897,7,5,8,7
2015-05-14,Kearny Financial Corp/MD,717.5,10.0,5.694001675,71800000.0,Financial,0.0,69.721,NASDAQ GS,KRNY,1,,Sandler O'Neill & Partners,0,13.84,5070.03,0.12,2.12,237.001,5.6,18782.243,99.9617,0.0082719838069897,7,5,6,6
2015-05-15,NightFood Holdings Inc,0.7266,0.0,,2790000.0,Industrial,0.0,5.97083,OTC US,NGTF,0,,,0,13.84,5070.03,0.12,2.12,237.001,5.6,18782.243,99.9617,0.0082719838069897,7,8,6,7
2015-05-22,Frequency Holdings Inc,0.0243,0.0,,2430000.0,"Consumer, Non-cyclical",0.0,9.00817,OTC US,FRQN,0,,,0,13.84,5070.03,0.12,2.12,237.001,5.6,18782.243,99.9617,0.0082719838069897,5,7,9,8
2015-06-04,Evolent Health Inc,224.825,17.0,10.94117641,11500000.0,Technology,704.679,112.242,New York,EVH,1,0.3190459769625602,Goldman Sachs,1,18.23,4986.87,0.13,2.35,237.657,5.3,18782.243,102.4138,0.0260269315298031,7,8,6,7
2015-06-11,Wingstop Inc,126.73,19.0,61.0,5800000.0,"Consumer, Cyclical",543.043,137.339,NASDAQ GS,WING,1,0.2333701014468467,Jefferies,1,18.23,4986.87,0.13,2.35,237.657,5.3,18782.243,102.4138,0.0260269315298031,4,6,5,5
2015-06-24,AIxCrypto Holdings Inc,20.0,5.0,-0.800000012,4000000.0,"Consumer, Non-cyclical",38.9405,0.388881,NASDAQ CM,AIXC,0,0.5136040882885428,Aegis Capital Corp,0,18.23,4986.87,0.13,2.35,237.657,5.3,18782.243,102.4138,0.0260269315298031,7,6,9,8
2015-06-24,TransUnion,764.489,22.5,12.88888931,29500000.0,"Consumer, Non-cyclical",4099.95,114.061,New York,TRU,1,0.1864630056464103,BofA Securities,1,18.23,4986.87,0.13,2.35,237.657,5.3,18782.243,102.4138,0.0260269315298031,6,3,7,6
2015-06-24,Lantheus Holdings Inc,73.539,6.0,12.83333302,10800000.0,"Consumer, Non-cyclical",167.072,124.875,NASDAQ GM,LNTH,1,0.440163522313733,UBS,0,18.23,4986.87,0.13,2.35,237.657,5.3,18782.243,102.4138,0.0260269315298031,8,6,7,7
2015-06-24,Glaukos Corp,124.2,18.0,73.44444275,6000000.0,"Consumer, Non-cyclical",562.734,106.385,New York,GKOS,1,0.2207081853948757,BofA Securities,1,18.23,4986.87,0.13,2.35,237.657,5.3,18782.243,102.4138,0.0260269315298031,6,5,8,7
2015-06-30,Palvella Therapeutics Inc,28.3324,2.75,0.0,9090000.0,"Consumer, Non-cyclical",105.93,70.7035,NASDAQ CM,PVLA,0,0.2674634192391201,Citizens Financial Group Inc,1,18.23,4986.87,0.13,2.35,237.657,5.3,18782.243,102.4138,0.0260269315298031,8,9,7,8
2015-07-16,MasterCraft Boat Holdings Inc,104.731,15.0,6.133333206,6070000.0,"Consumer, Cyclical",258.156,97.3384,NASDAQ GM,MCFT,1,0.4056888083174514,Raymond James & Associates,0,12.12,5128.28,0.13,2.2,238.034,5.2,18857.418,101.17,-0.0164022698090543,5,8,7,7
2015-07-23,CryoPort Inc,6.7951,3.25,23.07692337,2000000.0,Industrial,0.0,88.8779,NASDAQ CM,CYRX,1,,Aegis Capital Corp,0,12.12,5128.28,0.13,2.2,238.034,5.2,18857.418,101.17,-0.0164022698090543,5,6,9,8
2015-07-29,vTv Therapeutics Inc,117.188,15.0,-27.39999962,7810000.0,"Consumer, Non-cyclical",117.188,60.0989,NASDAQ CM,VTVT,0,1.0,Stifel,0,12.12,5128.28,0.13,2.2,238.034,5.2,18857.418,101.17,-0.0164022698090543,7,6,8,7
2015-08-03,American Resources Corp,1.5,0.0,,10000000.0,Energy,0.0,44.1169,NASDAQ CM,AREC,0,,,0,28.43,4776.51,0.13,2.21,238.034,5.2,18857.418,101.17,0.02835646407466,7,5,6,6
2015-08-05,Agentix Corp,1.4459,0.0,,1450000.0,Basic Materials,0.0,,OTC US,AGTX,0,,,0,28.43,4776.51,0.13,2.21,238.034,5.2,18857.418,101.17,0.02835646407466,8,6,9,8
2015-08-13,Presurance Holdings Inc,34.65,10.5,0.952380955,3100000.0,Financial,80.1255,17.3237,NASDAQ CM,PRHI,1,0.4324465993971956,Raymond James & Associates,0,28.43,4776.51,0.13,2.21,238.034,5.2,18857.418,101.17,0.02835646407466,6,5,8,7
2015-08-26,Axe Compute Inc,15.003,9.0,-47.78888702,1670000.0,"Consumer, Non-cyclical",0.0,3.12737,NASDAQ CM,AGPU,0,,,0,28.43,4776.51,0.13,2.21,238.034,5.2,18857.418,101.17,0.02835646407466,7,5,8,7
2015-09-16,REGENXBIO Inc,159.39,22.0,38.40909195,6300000.0,"Consumer, Non-cyclical",557.715,74.4367,NASDAQ GS,RGNX,1,0.2857911298781635,Morgan Stanley,1,24.5,4620.16,0.14,2.06,237.498,5.0,18857.418,101.1791,-0.0685941485254314,7,6,8,7
2015-09-17,Penumbra Inc,138.0,30.0,37.66666794,4000000.0,"Consumer, Non-cyclical",901.158,88.3506,New York,PEN,1,0.1531362979632872,JP Morgan,1,24.5,4620.16,0.14,2.06,237.498,5.0,18857.418,101.1791,-0.0685941485254314,6,9,7,8
2015-09-30,Performance Food Group Co,316.825,19.0,1.052631617,14500000.0,"Consumer, Non-cyclical",1893.47,106.679,New York,PFGC,1,0.1673250698453104,Barclays,1,24.5,4620.16,0.14,2.06,237.498,5.0,18857.418,101.1791,-0.0685941485254314,6,4,5,5
2015-09-30,Surgery Partners Inc,301.235,19.0,-4.6842103,14300000.0,"Consumer, Non-cyclical",914.983,131.766,NASDAQ GS,SGRY,0,0.3292246959779581,BofA Securities,1,24.5,4620.16,0.14,2.06,237.498,5.0,18857.418,101.1791,-0.0685941485254314,6,5,7,6
2015-10-06,Everpure Inc,488.75,17.0,-5.823529243,25000000.0,Technology,425.0,86.0382,New York,PSTG,0,1.15,Morgan Stanley,1,15.07,5053.75,0.12,2.16,237.733,5.0,18892.206,100.2241,-0.0327331042958143,2,5,7,5
2015-10-07,CytomX Therapeutics Inc,92.004,12.0,7.5,6670000.0,"Consumer, Non-cyclical",431.1,68.0809,NASDAQ GS,CTMX,1,0.2134168406402226,BofA Securities,1,15.07,5053.75,0.12,2.16,237.733,5.0,18892.206,100.2241,-0.0327331042958143,7,6,8,7
2015-10-08,CPI Card Group Inc,172.5,10.0,21.70000076,15000000.0,"Consumer, Non-cyclical",564.761,68.538,NASDAQ GM,PMTS,1,0.305438937887,BMO Capital Markets,1,15.07,5053.75,0.12,2.16,237.733,5.0,18892.206,100.2241,-0.0327331042958143,7,6,6,6
2015-10-13,Healthy Extract Inc,0.66,0.0,,6600000.0,"Consumer, Non-cyclical",0.0,,OTC US,HYEX,0,,,0,15.07,5053.75,0.12,2.16,237.733,5.0,18892.206,100.2241,-0.0327331042958143,6,7,9,8
2015-10-20,Balance Labs Inc,0.25,0.0,,1000000.0,"Consumer, Non-cyclical",0.0,,OTC US,BLNC,0,,,0,15.07,5053.75,0.12,2.16,237.733,5.0,18892.206,100.2241,-0.0327331042958143,7,5,9,8
2015-11-04,Kura Oncology Inc,55.068,8.0,50.0,6250000.0,"Consumer, Non-cyclical",171.134,104.225,NASDAQ GS,KURA,1,0.3217829303352928,Leerink Partners LLC,1,16.13,5108.67,0.12,2.21,237.733,5.0,18892.206,100.2241,0.0938473992242694,7,6,9,8
2015-11-06,First Guaranty Bancshares Inc,11.5914,18.5,3.891891956,600000.0,Financial,0.0,21.3346,NASDAQ GM,FGBI,1,,Sandler O'Neill & Partners,0,16.13,5108.67,0.12,2.21,237.733,5.0,18892.206,100.2241,0.0938473992242694,6,5,4,5
2015-11-19,Axsome Therapeutics Inc,51.0003,9.0,-2.888888836,5670000.0,"Consumer, Non-cyclical",159.484,77.2374,NASDAQ GM,AXSM,0,0.3197831757417672,Ladenburg Thalmann & Co,0,16.13,5108.67,0.12,2.21,237.733,5.0,18892.206,100.2241,0.0938473992242694,5,6,8,7
2015-11-27,Bone Biologics Corp,16.1266,0.0,,8060000.0,"Consumer, Non-cyclical",0.0,3.31673,NASDAQ CM,BBLG,0,,,0,16.13,5108.67,0.12,2.21,237.733,5.0,18892.206,100.2241,0.0938473992242694,7,5,9,8
2016-01-28,Sigyn Therapeutics Inc,1.9615,0.5,100.0,3920000.0,"Consumer, Non-cyclical",17.3115,10.7682,OTC US,SIGY,1,0.1133061837506859,,0,20.2,4613.95,0.34,1.94,237.652,4.8,19001.69,99.1409,-0.0198212059107361,8,7,5,7
2016-02-02,Editas Medicine Inc,108.56,16.0,13.75,5900000.0,"Consumer, Non-cyclical",585.352,54.1677,NASDAQ GS,EDIT,1,0.1854610559116566,JP Morgan,1,20.55,4557.95,0.38,1.74,237.336,4.9,19001.69,98.6094,-0.0785755510333685,7,9,4,7
2016-02-02,BeiGene Ltd,182.16,24.0,18.0,6600000.0,"Consumer, Non-cyclical",158.4,37.8043,NASDAQ GS,ONC,1,1.15,Morgan Stanley,1,20.55,4557.95,0.38,1.74,237.336,4.9,19001.69,98.6094,-0.0785755510333685,7,6,9,8
2016-03-04,DarioHealth Corp,6.0132,4.51,-19.1130867,9430000.0,Technology,24.0478,27.5614,NASDAQ CM,DRIO,0,0.2500519798068846,Joseph Gunnar & Co,0,13.95,4869.85,0.36,1.78,238.08,5.0,19001.69,97.7693,-0.0121371059504329,7,6,8,7
2016-03-17,Senseonics Holdings Inc,49.02,2.85,21.05263519,15800000.0,"Consumer, Non-cyclical",264.936,15.9342,NASDAQ GS,SENS,1,0.185025817555938,Leerink Partners LLC,0,13.95,4869.85,0.36,1.78,238.08,5.0,19001.69,97.7693,-0.0121371059504329,7,6,9,8
2016-03-22,Corvus Pharmaceuticals Inc,70.5,15.0,-5.0,4700000.0,"Consumer, Non-cyclical",306.096,58.4546,NASDAQ GM,CRVS,0,0.2303198996393288,UBS,0,13.95,4869.85,0.36,1.78,238.08,5.0,19001.69,97.7693,-0.0121371059504329,7,5,9,8
2016-04-06,Spyre Therapeutics Inc,54.819,10.0,-2.299999952,5000000.0,"Consumer, Non-cyclical",134.117,105.849,NASDAQ GS,SYRE,0,0.4087401298865916,UBS,0,15.7,4775.36,0.37,1.83,238.992,5.1,19062.709,97.3162,0.0684298862427188,8,7,9,8
2016-04-28,Global Water Resources Inc,8.37187,6.25,0.0,1160000.0,Utilities,122.382,27.7056,NASDAQ GM,GWRS,0,0.068407690673465,Roth Capital Partners Inc,0,15.7,4775.36,0.37,1.83,238.992,5.1,19062.709,97.3162,0.0684298862427188,7,6,5,6
2016-06-01,Moleculin Biotech Inc,9.24,6.0,33.33333206,1540000.0,"Consumer, Non-cyclical",0.0,3.63323,NASDAQ CM,MBRX,1,,Bonwick Capital Partners LLC,0,15.63,4842.67,0.38,1.49,240.222,4.9,19062.709,100.6295,0.036162718622261,7,5,8,7
2016-06-21,Cartesian Therapeutics Inc,74.0544,14.0,0.0,5000000.0,"Consumer, Non-cyclical",254.649,31.7518,NASDAQ GM,RNAC,0,0.2908097027673386,UBS,0,15.63,4842.67,0.38,1.49,240.222,4.9,19062.709,100.6295,0.036162718622261,7,6,8,7
2016-06-28,Chiron Real Estate Inc,150.0,10.0,0.100000002,10000000.0,Financial,176.057,76.6464,New York,XRN,1,0.8519967964920453,Wunderlich Securities Inc,0,15.63,4842.67,0.38,1.49,240.222,4.9,19062.709,100.6295,0.036162718622261,7,6,8,7
2016-07-20,Impinj Inc,77.28,14.0,28.3571434,4800000.0,Technology,259.42,111.626,NASDAQ GS,PI,1,0.2978953049109551,RBC Capital Markets,0,11.87,5162.13,0.39,1.46,240.101,4.8,19197.938,98.8304,-0.0212972787259627,5,7,6,6
2016-07-27,Tactile Systems Technology Inc,41.2,10.0,10.80000019,4000000.0,"Consumer, Non-cyclical",167.69,95.9381,NASDAQ GM,TCMD,1,0.2456914544695569,Piper Sandler & Co,0,11.87,5162.13,0.39,1.46,240.101,4.8,19197.938,98.8304,-0.0212972787259627,8,7,6,7
2016-08-04,MetaVia Inc,30.278,10.0,-8.0,3000000.0,"Consumer, Non-cyclical",84.594,3.21205,NASDAQ CM,MTVA,0,0.3579213655814833,Jefferies,0,13.42,5213.22,0.4,1.58,240.545,4.9,19197.938,101.0713,0.0659677409363017,6,5,7,6
2016-08-10,Medpace Holdings Inc,185.15,23.0,20.82608604,7000000.0,"Consumer, Non-cyclical",935.918,102.647,NASDAQ GS,MEDP,1,0.1978271600717157,Jefferies,0,13.42,5213.22,0.4,1.58,240.545,4.9,19197.938,101.0713,0.0659677409363017,6,7,8,7
2016-08-10,Protagonist Therapeutics Inc,90.0,12.0,-2.5,7500000.0,"Consumer, Non-cyclical",175.903,118.771,NASDAQ GM,PTGX,0,0.5116456228716963,Barclays,1,13.42,5213.22,0.4,1.58,240.545,4.9,19197.938,101.0713,0.0659677409363017,6,7,9,8
2016-08-12,Airgain Inc,12.0,8.0,0.0,1500000.0,Communications,57.9008,39.4698,NASDAQ CM,AIRG,0,0.2072510224383773,Northland Securities Group LLC,0,13.42,5213.22,0.4,1.58,240.545,4.9,19197.938,101.0713,0.0659677409363017,1,7,6,5
2016-09-13,Priority Technology Holdings Inc,50.0,10.0,0.0,5000000.0,"Consumer, Non-cyclical",54.025,,OTC US,PRTHU,0,0.9254974548819992,Chardan Capital Markets LLC,0,13.29,5312.0,0.4,1.6,241.176,5.0,19197.938,99.5363,0.0098970773692255,7,6,5,6
2016-09-20,Trade Desk Inc/The,96.6006,18.0,67.22222137,4670000.0,Communications,0.0,84.9179,NASDAQ GM,TTD,1,,Citi,1,13.29,5312.0,0.4,1.6,241.176,5.0,19197.938,99.5363,0.0098970773692255,6,8,7,7
2016-09-28,Fulgent Genetics Inc,43.47,9.0,2.0,4200000.0,"Consumer, Non-cyclical",159.087,69.3517,NASDAQ GM,FLGT,1,0.273246714062117,UBS,0,13.29,5312.0,0.4,1.6,241.176,5.0,19197.938,99.5363,0.0098970773692255,6,3,4,5
2016-09-29,Nutanix Inc,273.608,16.0,131.25,14900000.0,Technology,2232.06,94.9979,NASDAQ GS,NTNX,1,0.1225809342042776,RBC Capital Markets,1,13.29,5312.0,0.4,1.6,241.176,5.0,19197.938,99.5363,0.0098970773692255,5,8,7,7
2016-10-05,Vyome Holdings Inc,75.0,15.0,0.0,5000000.0,"Consumer, Non-cyclical",239.303,8.31711,NASDAQ CM,HIND,0,0.3134101954425979,UBS,0,17.06,5189.13,0.4,1.84,241.176,5.0,19197.938,99.5363,0.0189479822451381,7,6,8,7
2016-10-07,Everspin Technologies Inc,40.0,8.0,0.25,5000000.0,Technology,99.936,69.2203,NASDAQ GM,MRAM,1,0.4002561639449247,Needham Group Inc/The,0,17.06,5189.13,0.4,1.84,241.176,5.0,19197.938,99.5363,0.0189479822451381,3,6,7,6
2016-10-11,Bancorp 34 Inc,18.795,10.0,12.58730984,1880000.0,Financial,0.0,8.87308,OTC US,BCTF,1,,Stifel,0,17.06,5189.13,0.4,1.84,241.176,5.0,19197.938,99.5363,0.0189479822451381,8,5,6,7
2016-10-12,GridAI Technologies Corp,5.28,5.5,-0.363636375,960000.0,"Consumer, Non-cyclical",54.291,12.0143,NASDAQ CM,GRDX,0,0.0972536884566502,Network 1 Financial,0,17.06,5189.13,0.4,1.84,241.176,5.0,19197.938,99.5363,0.0189479822451381,5,6,9,7
2016-10-13,Mammoth Energy Services Inc,116.25,15.0,-11.60000038,7750000.0,Energy,562.5,72.3457,NASDAQ GS,TUSK,0,0.2066666666666666,UBS,1,17.06,5189.13,0.4,1.84,241.176,5.0,19197.938,99.5363,0.0189479822451381,6,7,5,6
2016-12-08,Ichor Holdings Ltd,52.9002,9.0,8.555555344,5880000.0,Industrial,213.55,107.493,NASDAQ GS,ICHR,1,0.2477180988059002,Deutsche Bank,0,14.04,5383.12,0.54,2.45,242.637,4.7,19197.938,98.7688,0.0259292020049604,2,8,6,6
2017-01-26,JELD-WEN Holding Inc,661.25,23.0,13.56521702,25000000.0,Industrial,2412.29,96.8191,New York,JELD,1,0.2741171252212628,Wells Fargo,1,11.99,5614.79,0.54,2.45,242.637,4.7,19197.938,98.7688,0.0111652090283411,6,7,5,6
2017-02-02,Ramaco Resources Inc,81.0,13.5,0.370370358,6000000.0,Energy,527.345,93.1137,NASDAQ GS,METC,1,0.1535996359119741,UBS,0,12.92,5825.44,0.66,2.36,244.006,4.6,19197.938,98.1741,0.043036380389068,2,3,9,8
2017-02-28,Hamilton Lane Inc,218.501,16.0,12.625,11900000.0,Financial,301.629,104.293,NASDAQ GS,HLNE,1,0.7244031575213259,Morgan Stanley,1,12.92,5825.44,0.66,2.36,244.006,4.6,19197.938,98.1741,0.043036380389068,7,4,6,6
2017-03-16,ProPetro Holding Corp,402.5,14.0,3.571428537,25000000.0,Energy,1162.56,86.0251,New York,PUMP,1,0.346218689788054,JP Morgan,1,12.37,5911.74,0.79,2.4,243.892,4.4,19197.938,99.2814,0.0375169863877367,1,6,7,6
2017-04-05,Schneider National Inc,612.75,19.0,0.0,28900000.0,Industrial,3297.23,68.5099,New York,SNDR,0,0.1858378093126654,UBS,1,10.82,6047.61,0.79,2.29,243.892,4.4,19197.938,99.2814,0.0148143316213025,6,8,7,7
2017-04-12,Warrior Met Coal Inc,316.667,19.0,-5.263157845,16700000.0,Energy,1016.5,102.885,New York,HCC,0,0.311526807673389,UBS,1,10.82,6047.61,0.79,2.29,243.892,4.4,19197.938,99.2814,0.0148143316213025,7,5,8,7
2017-04-27,Emerald Holding Inc,303.025,17.0,14.70588207,15500000.0,"Consumer, Non-cyclical",1227.44,97.8239,New York,EEX,1,0.2468756110278302,Barclays,1,10.82,6047.61,0.79,2.29,243.892,4.4,19197.938,99.2814,0.0148143316213025,6,7,8,7
2017-05-11,Veritone Inc,37.5,15.0,-12.86666679,2500000.0,Technology,208.194,39.69,NASDAQ GM,VERI,0,0.1801204645667022,Wunderlich Securities Inc,0,10.41,6198.52,0.91,2.21,244.004,4.4,19197.938,98.8899,0.022983081123324,1,1,8,5
2017-05-11,Solaris Energy Infrastructure,121.2,12.0,-3.75,10100000.0,Energy,121.2,126.529,New York,SEI,0,1.0,Piper Sandler & Co,1,10.41,6198.52,0.91,2.21,244.004,4.4,19197.938,98.8899,0.022983081123324,5,6,7,6
2017-05-23,Penguin Solutions Inc,58.3,11.0,22.27272797,5300000.0,Technology,227.78,120.598,NASDAQ GS,PENG,1,0.2559487224514882,Barclays,1,10.41,6198.52,0.91,2.21,244.004,4.4,19197.938,98.8899,0.022983081123324,8,6,5,7
2017-05-24,Appian Corp,86.25,12.0,25.08333397,6250000.0,Technology,704.255,86.7131,NASDAQ GM,APPN,1,0.1224698440195667,Goldman Sachs,1,10.41,6198.52,0.91,2.21,244.004,4.4,19197.938,98.8899,0.022983081123324,2,6,7,6
2017-06-07,SoundThinking Inc,35.42,11.0,30.72727203,2800000.0,"Consumer, Non-cyclical",104.862,93.5116,NASDAQ CM,SSTI,1,0.3377772691728176,Roth Capital Partners Inc,0,11.18,6140.42,1.04,2.31,244.163,4.3,19197.938,101.8996,0.0249536593794905,6,7,8,7
2017-06-15,Envirotech Vehicles Inc,12.5,5.0,45.0,2500000.0,"Consumer, Cyclical",0.0,5.31491,NASDAQ CM,EVTV,1,,Boustead Management Services Sdn Bhd,0,11.18,6140.42,1.04,2.31,244.163,4.3,19197.938,101.8996,0.0249536593794905,6,7,8,7
2017-06-16,Boston Omaha Corp,97.0495,13.0,1.538461566,6540000.0,Communications,172.994,68.3888,New York,BOC,1,0.5609992254066615,TD Securities,0,11.18,6140.42,1.04,2.31,244.163,4.3,19197.938,101.8996,0.0249536593794905,6,7,8,7
2017-07-12,Co-Diagnostics Inc,7.071,6.0,-3.166666746,1180000.0,"Consumer, Non-cyclical",0.0,10.3402,NASDAQ CM,CODX,0,,Network 1 Financial,0,10.26,6348.12,1.04,2.3,244.163,4.3,19197.938,101.8996,-0.0093732052167292,7,5,6,6
2017-07-14,Emmaus Life Sciences Inc,8.7937,5.25,-17.52380943,1680000.0,"Consumer, Non-cyclical",22.124,,OTC US,EMMA,0,0.3974733321280058,Maxim Group LLC,0,10.26,6348.12,1.04,2.3,244.163,4.3,19197.938,101.8996,-0.0093732052167292,5,4,9,8
2017-07-19,Cibus Inc,64.4,8.0,40.625,7000000.0,"Consumer, Non-cyclical",221.2,19.3938,NASDAQ CM,CBUS,1,0.2911392405063291,Citi,1,10.26,6348.12,1.04,2.3,244.163,4.3,19197.938,101.8996,-0.0093732052167292,8,7,6,7
2017-08-03,Citius Pharmaceuticals Inc,6.8001,4.125,-24.84848404,8000000.0,"Consumer, Non-cyclical",27.661,15.4051,NASDAQ CM,CTXR,0,0.2458370991648891,Aegis Capital Corp,0,10.59,6428.66,1.16,2.12,245.183,4.4,19197.938,101.7111,0.0338250477980333,7,6,9,8
2017-08-07,Whitehawk Therapeutics Inc,136.835,0.0,,27400000.0,"Consumer, Non-cyclical",0.0,81.092,NASDAQ CM,WHWK,0,,,0,10.59,6428.66,1.16,2.12,245.183,4.4,19197.938,101.7111,0.0338250477980333,7,5,9,8
2017-09-20,Celcuity Inc,26.22,9.5,50.42105103,2400000.0,"Consumer, Non-cyclical",95.7799,99.8197,NASDAQ CM,CELC,1,0.2737526349474159,Craig-Hallum Capital Group Ltd,0,9.51,6495.96,1.15,2.33,246.435,4.3,19197.938,100.2175,0.012687220783476,7,8,9,8
2017-10-04,Rhythm Pharmaceuticals Inc,137.827,17.0,76.47058868,7050000.0,"Consumer, Non-cyclical",454.719,110.541,NASDAQ GM,RYTM,1,0.3031036750168785,Morgan Stanley,1,10.18,6727.67,1.15,2.38,246.435,4.3,19197.938,100.2175,0.0104687446528515,8,6,7,7
2017-10-12,OrthoPediatrics Corp,59.8,13.0,47.84615326,4000000.0,"Consumer, Non-cyclical",164.377,97.6847,NASDAQ GM,KIDS,1,0.3637978549310426,Piper Sandler & Co,0,10.18,6727.67,1.15,2.38,246.435,4.3,19197.938,100.2175,0.0104687446528515,6,5,7,6
2017-11-01,ENvue Medical Inc,6.0001,4.9,41.83673096,1220000.0,"Consumer, Non-cyclical",17.1005,3.72433,NASDAQ CM,FEED,1,0.350872781497617,Dawson James Securities,0,11.28,6873.97,1.16,2.42,247.284,4.2,19197.938,100.7508,0.0356698624991533,8,6,9,8
2017-11-07,Stellar Bancorp Inc,71.76,26.0,10.42307663,2400000.0,Financial,645.401,65.4254,New York,STEL,1,0.1111866885858559,Stephens Inc,0,11.28,6873.97,1.16,2.42,247.284,4.2,19197.938,100.7508,0.0356698624991533,7,6,8,7
2017-11-07,Metropolitan Bank Holding Corp,124.775,35.0,6.314285755,3100000.0,Financial,286.93,78.7399,New York,MCB,1,0.4348621615028055,JP Morgan,1,11.28,6873.97,1.16,2.42,247.284,4.2,19197.938,100.7508,0.0356698624991533,7,6,8,7
2017-11-08,Apellis Pharmaceuticals Inc,172.495,14.0,0.214285716,10700000.0,"Consumer, Non-cyclical",712.096,107.238,NASDAQ GS,APLS,1,0.2422355974475351,JP Morgan,1,11.28,6873.97,1.16,2.42,247.284,4.2,19197.938,100.7508,0.0356698624991533,5,6,9,7
2017-11-15,X4 Pharmaceuticals Inc,46.0,10.0,40.29999924,4000000.0,"Consumer, Non-cyclical",142.944,106.403,NASDAQ CM,XFOR,1,0.3218043429594807,Citi,1,11.28,6873.97,1.16,2.42,247.284,4.2,19197.938,100.7508,0.0356698624991533,5,6,8,7
2017-11-16,cbdMD Inc,12.0,6.0,-7.5,2000000.0,"Consumer, Non-cyclical",44.9538,11.1963,NYSEAmerican,YCBD,0,0.2669407258118335,Joseph Gunnar & Co,0,11.28,6873.97,1.16,2.42,247.284,4.2,19197.938,100.7508,0.0356698624991533,7,3,6,6
2017-11-28,Boxlight Corp,7.0,7.0,14.0,1000000.0,"Consumer, Cyclical",57.9516,9.85292,NASDAQ CM,BOXL,1,0.1207904527226168,Aegis Capital Corp,0,11.28,6873.97,1.16,2.42,247.284,4.2,19197.938,100.7508,0.0356698624991533,6,5,9,8
2017-12-06,Quanterix Corp,73.7475,15.0,16.46666718,4280000.0,"Consumer, Non-cyclical",327.313,86.4287,NASDAQ GM,QTRX,1,0.2253118574575406,JP Morgan,1,11.04,6903.39,1.3,2.4,247.805,4.1,19197.938,101.6188,0.0217460131070639,5,6,8,7
2017-12-07,Denali Therapeutics Inc,287.5,18.0,19.16666603,13900000.0,"Consumer, Non-cyclical",1583.63,101.048,NASDAQ GS,DNLI,1,0.1815449315812405,Goldman Sachs,1,11.04,6903.39,1.3,2.4,247.805,4.1,19197.938,101.6188,0.0217460131070639,7,6,9,8
2017-12-22,LiveOne Inc,21.8408,4.0,0.0,5000000.0,Communications,200.444,15.9193,NASDAQ CM,LVO,0,0.108962104128834,Citizens Financial Group Inc,1,11.04,6903.39,1.3,2.4,247.805,4.1,19197.938,101.6188,0.0217460131070639,5,7,9,8
2018-01-12,Liberty Energy Inc,248.894,17.0,27.94117737,12700000.0,Energy,1205.04,102.736,New York,LBRT,1,0.2065441811060213,Evercore,1,13.54,7411.48,1.41,2.72,248.859,4.0,20044.077,101.6368,0.004279913936197,6,7,6,6
2018-01-25,Adicet Bio Inc,97.7505,15.0,12.53333378,5670000.0,"Consumer, Non-cyclical",420.695,,NASDAQ CM,ACET,1,0.2323547938530289,BofA Securities,1,13.54,7411.48,1.41,2.72,248.859,4.0,20044.077,101.6368,0.004279913936197,8,7,9,8
2018-01-25,Hyperion DeFi Inc,27.3,10.0,-0.800000012,2730000.0,"Consumer, Non-cyclical",99.367,20.3458,NASDAQ CM,HYPD,0,0.2747390984934636,Ladenburg Thalmann & Co,0,13.54,7411.48,1.41,2.72,248.859,4.0,20044.077,101.6368,0.004279913936197,5,4,3,4
2018-02-01,One Stop Systems Inc,19.5,5.0,-2.400000095,3800000.0,Technology,57.5945,42.7994,NASDAQ CM,OSS,0,0.3385739957808471,Roth Capital Partners Inc,0,19.85,7273.01,1.42,2.87,249.529,4.1,20044.077,101.7099,0.0736000718487581,1,1,6,3
2018-02-07,Evolus Inc,60.57,12.0,-4.166666508,5000000.0,"Consumer, Non-cyclical",283.685,86.6437,NASDAQ GM,EOLS,0,0.2135114651814512,Cantor Fitzgerald,0,19.85,7273.01,1.42,2.87,249.529,4.1,20044.077,101.7099,0.0736000718487581,5,6,7,6
2018-03-14,Arcus Biosciences Inc,138.0,15.0,13.33333302,8000000.0,"Consumer, Non-cyclical",656.258,71.6746,New York,RCUS,1,0.2102831508339707,Goldman Sachs,1,19.97,7063.44,1.51,2.74,249.577,4.0,20044.077,102.4963,-0.0186831779887417,6,5,8,7
2018-03-15,Zscaler Inc,220.8,16.0,106.25,12000000.0,Technology,1906.1,57.0598,NASDAQ GS,ZS,1,0.1158386233670846,UBS,1,19.97,7063.44,1.51,2.74,249.577,4.0,20044.077,102.4963,-0.0186831779887417,2,8,7,7
2018-03-27,OP Bancorp,25.3,11.0,8.181818008,2000000.0,Financial,170.395,66.9376,NASDAQ GM,OPBK,1,0.1484785351682854,Stifel,0,19.97,7063.44,1.51,2.74,249.577,4.0,20044.077,102.4963,-0.0186831779887417,5,6,7,6
2018-03-27,Q32 Bio Inc,165.6,16.0,16.625,9000000.0,"Consumer, Non-cyclical",598.893,66.0231,NASDAQ CM,QTTB,1,0.2765101612475016,BofA Securities,1,19.97,7063.44,1.51,2.74,249.577,4.0,20044.077,102.4963,-0.0186831779887417,9,3,4,6
2018-03-28,Cogent Biosciences Inc,71.82,12.0,-7.416666508,5770000.0,"Consumer, Non-cyclical",357.992,109.844,NASDAQ GS,COGT,0,0.2006190082459943,Morgan Stanley,1,19.97,7063.44,1.51,2.74,249.577,4.0,20044.077,102.4963,-0.0186831779887417,7,6,9,8
2018-04-27,Forge Innovation Development Corp,1.2346,0.0,,4940000.0,Financial,0.0,,OTC US,FGNV,0,,,0,15.93,7066.27,1.51,2.95,249.577,4.0,20044.077,102.4963,-0.0288147548264061,4,5,8,6
2018-05-02,Inspire Medical Systems Inc,124.2,16.0,56.125,6750000.0,"Consumer, Non-cyclical",340.051,124.124,New York,INSP,1,0.3652393317472967,Goldman Sachs,1,15.43,7442.12,1.7,2.83,250.792,3.8,20044.077,101.2601,0.0004006546385331,6,5,7,6
2018-05-08,Origin Bancorp Inc,142.174,34.0,10.29411793,3640000.0,Financial,767.411,65.4412,New York,OBK,1,0.1852644801807636,Stephens Inc,0,15.43,7442.12,1.7,2.83,250.792,3.8,20044.077,101.2601,0.0004006546385331,6,5,7,6
2018-05-23,Kiniksa Pharmaceuticals International Plc,170.716,18.0,8.166666985,8480000.0,"Consumer, Non-cyclical",283.585,104.727,NASDAQ GS,KNSA,1,0.6019923479732708,Goldman Sachs,1,15.43,7442.12,1.7,2.83,250.792,3.8,20044.077,101.2601,0.0004006546385331,7,6,9,8
2018-05-24,Iterum Therapeutics plc,82.55,13.0,-1.153846145,6150000.0,"Consumer, Non-cyclical",184.072,3.71521,OTC US,ITRMF,0,0.4484658177234994,Leerink Partners LLC,0,15.43,7442.12,1.7,2.83,250.792,3.8,20044.077,101.2601,0.0004006546385331,6,7,9,8
2018-05-31,enVVeno Medical Corp,8.625,5.0,4.800000191,1500000.0,"Consumer, Non-cyclical",0.0,27.7681,NASDAQ CM,NVNO,1,,Network 1 Financial,0,15.43,7442.12,1.7,2.83,250.792,3.8,20044.077,101.2601,0.0004006546385331,8,6,9,8
2018-06-07,MeiraGTx Holdings plc,75.0,15.0,0.0,5000000.0,"Consumer, Non-cyclical",407.762,61.5833,NASDAQ GS,MGTX,0,0.183930822391493,BofA Securities,1,16.09,7510.3,1.82,2.85,251.018,4.0,20044.077,104.603,0.053189306380877,8,7,9,8
2018-06-14,Verrica Pharmaceuticals Inc,86.25,15.0,16.66666603,5000000.0,"Consumer, Non-cyclical",385.446,46.6653,NASDAQ CM,VRCA,1,0.2237667533195311,BofA Securities,1,16.09,7510.3,1.82,2.85,251.018,4.0,20044.077,104.603,0.053189306380877,5,6,8,7
2018-06-20,Kezar Life Sciences Inc,86.25,15.0,18.33333397,5000000.0,"Consumer, Non-cyclical",286.072,64.427,NASDAQ CM,KZR,1,0.3014975250985766,Jefferies,0,16.09,7510.3,1.82,2.85,251.018,4.0,20044.077,104.603,0.053189306380877,9,6,5,7
2018-06-20,Dianthus Therapeutics Inc,100.001,15.0,-3.200000048,6670000.0,"Consumer, Non-cyclical",515.554,99.0973,NASDAQ CM,DNTH,0,0.1939680421449547,JP Morgan,1,16.09,7510.3,1.82,2.85,251.018,4.0,20044.077,104.603,0.053189306380877,9,6,7,8
2018-06-20,Tectonic Therapeutic Inc,114.669,19.0,64.21052551,5250000.0,"Consumer, Non-cyclical",454.799,84.8935,NASDAQ GM,TECX,1,0.2521311612382613,Morgan Stanley,1,16.09,7510.3,1.82,2.85,251.018,4.0,20044.077,104.603,0.053189306380877,7,6,5,6
2018-07-17,Crinetics Pharmaceuticals Inc,117.3,17.0,44.17647171,6000000.0,"Consumer, Non-cyclical",406.436,113.454,NASDAQ GS,CRNX,1,0.2886063242429312,JP Morgan,1,12.83,7671.79,1.82,2.96,251.018,4.0,20044.077,104.603,0.009161367997291,7,6,8,7
2018-07-18,First Western Financial Inc,43.1547,19.0,3.684210539,1980000.0,Financial,143.26,74.0613,NASDAQ GS,MYFW,1,0.3012334217506631,Stifel,0,12.83,7671.79,1.82,2.96,251.018,4.0,20044.077,104.603,0.009161367997291,7,6,6,6
2018-07-19,Replimune Group Inc,100.5,15.0,1.066666722,6700000.0,"Consumer, Non-cyclical",462.579,104.314,NASDAQ GS,REPL,1,0.2172601869086145,JP Morgan,1,12.83,7671.79,1.82,2.96,251.018,4.0,20044.077,104.603,0.009161367997291,8,7,9,8
2018-07-24,Aquestive Therapeutics Inc,73.8855,15.0,7.0,4500000.0,"Consumer, Non-cyclical",366.385,61.3942,NASDAQ GM,AQST,1,0.2016608212672462,BMO Capital Markets,0,12.83,7671.79,1.82,2.96,251.018,4.0,20044.077,104.603,0.009161367997291,1,1,8,5
2018-07-27,Adial Pharmaceuticals Inc,7.32,5.0,-19.0,1460000.0,"Consumer, Non-cyclical",32.691,12.2594,NASDAQ CM,ADIL,0,0.223914838946499,Joseph Gunnar & Co,0,12.83,7671.79,1.82,2.96,251.018,4.0,20044.077,104.603,0.009161367997291,6,5,9,7
2018-07-27,Datavault AI Inc,12.0,5.0,-6.006000042,2400000.0,Technology,73.8225,7.06048,NASDAQ CM,DVLT,0,0.162552067459108,Wallachbeth Capital LLC,0,12.83,7671.79,1.82,2.96,251.018,4.0,20044.077,104.603,0.009161367997291,5,7,9,8
2018-08-02,Arlo Technologies Inc,187.957,16.0,38.125,10200000.0,"Consumer, Non-cyclical",1187.96,103.205,New York,ARLO,1,0.1582182901781204,BofA Securities,1,12.86,8109.54,1.91,2.86,251.663,3.8,20044.077,106.086,0.0215024699412806,7,8,6,7
2018-08-09,PCB Bancorp,50.164,20.0,2.75,2390000.0,Financial,318.888,42.5884,NASDAQ GS,PCB,1,0.1573091492937959,Stifel,0,12.86,8109.54,1.91,2.86,251.663,3.8,20044.077,106.086,0.0215024699412806,7,6,6,6
2018-08-09,Republic Airways Holdings Inc,131.694,12.0,-2.083333254,9630000.0,"Consumer, Cyclical",422.413,64.6148,NASDAQ GS,RJET,0,0.3117659731116229,Raymond James & Associates,1,12.86,8109.54,1.91,2.86,251.663,3.8,20044.077,106.086,0.0215024699412806,7,8,6,7
2018-08-14,Avalon GloboCare Corp,2.1139,2.25,20.0,939500.0,"Consumer, Non-cyclical",159.071,8.69478,NASDAQ CM,ALBT,1,0.0132890344563119,Boustead Securities LLC,0,12.86,8109.54,1.91,2.86,251.663,3.8,20044.077,106.086,0.0215024699412806,6,8,9,8
2018-09-13,FVCBankcorp Inc,36.87,20.0,1.5,1750000.0,Financial,258.396,50.103,NASDAQ CM,FVCB,1,0.1426879673059954,Sandler O'Neill & Partners,0,12.12,8046.35,1.91,3.05,251.663,3.8,20044.077,106.086,0.0570596953253412,7,6,8,7
2018-09-19,Bank7 Corp,64.6,19.0,0.473684222,3400000.0,Financial,192.137,49.7136,NASDAQ GS,BSVN,1,0.3362184274762279,Stifel,0,12.12,8046.35,1.91,3.05,251.663,3.8,20044.077,106.086,0.0570596953253412,9,3,4,6
2018-09-26,Sutro Biopharma Inc,85.005,15.0,1.333333373,5670000.0,"Consumer, Non-cyclical",342.354,40.0744,NASDAQ GM,STRO,1,0.2482956238279675,TD Securities,0,12.12,8046.35,1.91,3.05,251.663,3.8,20044.077,106.086,0.0570596953253412,7,6,8,7
2018-10-03,Kodiak Sciences Inc,94.0,10.0,1.600000024,9000000.0,"Consumer, Non-cyclical",379.234,94.6557,NASDAQ GM,KOD,1,0.2478680709008158,Morgan Stanley,1,21.23,7305.9,2.19,3.15,252.772,3.8,20304.874,103.489,-0.0077920572560218,6,7,5,6
2018-10-10,Allogene Therapeutics Inc,372.6,18.0,38.88888931,18000000.0,"Consumer, Non-cyclical",2122.69,60.7748,NASDAQ GS,ALLO,1,0.1755319900692046,JP Morgan,1,21.23,7305.9,2.19,3.15,252.772,3.8,20304.874,103.489,-0.0077920572560218,7,6,5,6
2018-11-12,Eton Pharmaceuticals Inc,24.84,6.0,4.166666508,3600000.0,"Consumer, Non-cyclical",101.15,59.148,NASDAQ GM,ETON,1,0.2455758774097874,National Securities Corp,0,18.07,7330.54,2.2,3.01,252.594,3.8,20304.874,103.2555,-0.0920230912152716,8,7,9,8
2018-12-07,DiaMedica Therapeutics Inc,16.4,4.0,-22.5,4100000.0,"Consumer, Non-cyclical",47.3568,48.8951,NASDAQ CM,DMAC,0,0.3463071829177647,Craig-Hallum Capital Group Ltd,0,25.42,6635.28,2.2,2.69,252.594,3.8,20304.874,103.2555,0.0033726166522947,6,5,4,5
2019-01-16,Rhinebeck Bancorp Inc,47.873,10.0,17.5,4790000.0,Financial,0.0,77.298,NASDAQ CM,RBKB,1,,Sandler O'Neill & Partners,0,16.57,7281.74,2.4,2.63,252.561,4.0,20431.641,103.2203,-0.0948443088776543,8,4,6,6
2019-01-30,New Fortress Energy Inc,291.722,14.0,-6.642857075,20000000.0,Energy,280.0,64.2276,NASDAQ GS,NFE,0,1.0418642857142857,Morgan Stanley,1,16.57,7281.74,2.4,2.63,252.561,4.0,20431.641,103.2203,-0.0948443088776543,8,6,7,7
2019-02-06,Alector Inc,185.051,19.0,-5.263157845,9250000.0,"Consumer, Non-cyclical",1308.24,80.229,NASDAQ GS,ALEC,0,0.1414503455023543,Morgan Stanley,1,14.78,7532.53,2.4,2.73,253.319,3.8,20431.641,102.7862,0.0974276895624601,6,7,9,8
2019-02-13,Imac Holdings Inc,4.3562,5.125,-28.19512177,850000.0,"Consumer, Non-cyclical",37.1204,,OTC US,BACK,0,0.1173532612795121,Cuttone & Co Inc,0,14.78,7532.53,2.4,2.73,253.319,3.8,20431.641,102.7862,0.0974276895624601,7,6,9,8
2019-02-15,Hoth Therapeutics Inc,7.0,5.6,52.32143021,1250000.0,"Consumer, Non-cyclical",52.7778,5.95814,NASDAQ CM,HOTH,1,0.1326315231025165,Laidlaw & Co UK Ltd,0,14.78,7532.53,2.4,2.73,253.319,3.8,20431.641,102.7862,0.0974276895624601,8,7,9,8
2019-02-26,Super League Enterprise Inc,24.9997,11.0,-22.72727203,2270000.0,"Consumer, Cyclical",91.718,11.004,NASDAQ CM,SLE,0,0.2725713600383785,Northland Securities Group LLC,0,14.78,7532.53,2.4,2.73,253.319,3.8,20431.641,102.7862,0.0974276895624601,6,7,8,7
2019-03-28,Lyft Inc,2340.0,72.0,8.736110687,32500000.0,Communications,19663.0,120.876,NASDAQ GS,LYFT,1,0.1190052382647612,JP Morgan,1,13.71,7729.32,2.41,2.41,254.277,3.8,20431.641,103.1553,0.0344409440600734,6,9,8,8
2019-04-03,Tradeweb Markets Inc,1242.0,27.0,32.62963104,40000000.0,Financial,1242.0,107.351,NASDAQ GS,TW,1,1.0,JP Morgan,1,13.12,8095.39,2.42,2.51,255.233,3.7,20602.275,100.5864,0.026125352305268,7,8,6,7
2019-04-10,PagerDuty Inc,250.332,24.0,59.375,9070000.0,Technology,1799.32,84.1728,New York,PD,1,0.1391258920036458,Morgan Stanley,1,13.12,8095.39,2.42,2.51,255.233,3.7,20602.275,100.5864,0.026125352305268,6,8,9,8
2019-04-16,Palomar Holdings Inc,84.375,15.0,26.60000038,5630000.0,Financial,339.375,97.8108,NASDAQ GS,PLMR,1,0.2486187845303867,JP Morgan,1,13.12,8095.39,2.42,2.51,255.233,3.7,20602.275,100.5864,0.026125352305268,8,3,5,6
2019-04-17,Greenlane Holdings Inc,109.65,17.0,24.11764717,6000000.0,"Consumer, Non-cyclical",159.021,9.00784,NASDAQ CM,GNLN,1,0.6895315713019036,Canaccord Genuity,0,13.12,8095.39,2.42,2.51,255.233,3.7,20602.275,100.5864,0.026125352305268,9,7,6,8
2019-04-17,Pinterest Inc,1638.75,19.0,28.42105293,75000000.0,Communications,1638.75,99.992,New York,PINS,1,1.0,RBC Capital Markets,1,13.12,8095.39,2.42,2.51,255.233,3.7,20602.275,100.5864,0.026125352305268,6,8,7,7
2019-05-01,Beyond Meat Inc,276.72,25.0,163.0,9630000.0,"Consumer, Non-cyclical",1493.8,36.7336,NASDAQ GS,BYND,1,0.1852456821528986,JP Morgan,1,18.71,7453.15,2.39,2.14,255.296,3.6,20602.275,101.1465,0.0473612167693924,7,5,6,6
2019-05-07,Trevi Therapeutics Inc,55.0,10.0,-21.10000038,5500000.0,"Consumer, Non-cyclical",177.718,101.456,NASDAQ GM,TRVI,0,0.30947906233471,SVB Financial Group,0,18.71,7453.15,2.39,2.14,255.296,3.6,20602.275,101.1465,0.0473612167693924,7,6,8,7
2019-05-08,South Plains Financial Inc,68.0225,17.5,1.200000048,3380000.0,Financial,314.624,39.1372,NASDAQ GS,SPFI,1,0.2162025147477623,Stifel,0,18.71,7453.15,2.39,2.14,255.296,3.6,20602.275,101.1465,0.0473612167693924,7,6,5,6
2019-05-22,Ideaya Biosciences Inc,57.5,10.0,11.89999962,5000000.0,"Consumer, Non-cyclical",202.287,120.48,NASDAQ GS,IDYA,1,0.2842496057581555,JP Morgan,1,18.71,7453.15,2.39,2.14,255.296,3.6,20602.275,101.1465,0.0473612167693924,5,6,8,7
2019-06-06,Revolve Group Inc,243.529,18.0,88.8888855,11800000.0,Communications,219.706,122.924,New York,RVLV,1,1.1084312672389467,Morgan Stanley,1,15.08,8006.24,2.39,2.0,255.296,3.6,20602.275,101.1465,-0.079334040731824,2,7,6,6
2019-06-18,Stoke Therapeutics Inc,163.346,18.0,42.05555725,7890000.0,"Consumer, Non-cyclical",587.603,116.66,NASDAQ GS,STOK,1,0.277987008235152,JP Morgan,1,15.08,8006.24,2.39,2.0,255.296,3.6,20602.275,101.1465,-0.079334040731824,8,6,7,7
2019-06-19,Personalis Inc,154.865,17.0,67.58823395,7920000.0,"Consumer, Non-cyclical",525.97,64.8331,NASDAQ GM,PSNL,1,0.2944369450729129,BofA Securities,1,15.08,8006.24,2.39,2.0,255.296,3.6,20602.275,101.1465,-0.079334040731824,6,7,8,7
2019-06-19,Grocery Outlet Holding Corp,434.843,22.0,29.59090996,17200000.0,"Consumer, Non-cyclical",1885.48,123.744,NASDAQ GS,GO,1,0.2306272142902603,TD Securities,1,15.08,8006.24,2.39,2.0,255.296,3.6,20602.275,101.1465,-0.079334040731824,6,3,4,5
2019-06-26,Adaptive Biotechnologies Corp,345.0,20.0,101.5,15000000.0,"Consumer, Non-cyclical",2464.48,102.097,NASDAQ GS,ADPT,1,0.1399889631889891,JP Morgan,1,15.08,8006.24,2.39,2.0,255.296,3.6,20602.275,101.1465,-0.079334040731824,7,6,8,7
2019-06-26,Bridgebio Pharma Inc,399.5,17.0,62.05882263,20500000.0,"Consumer, Non-cyclical",2099.5,101.452,NASDAQ GS,BBIO,1,0.1902834008097166,JP Morgan,1,15.08,8006.24,2.39,2.0,255.296,3.6,20602.275,101.1465,-0.079334040731824,5,6,8,7
2019-07-17,Pioneer Bancorp Inc/NY,111.704,10.0,47.5,11200000.0,Financial,225.893,79.9939,NASDAQ CM,PBFS,1,0.4944996082215916,Sandler O'Neill & Partners,0,16.12,8175.42,2.4,2.02,255.802,3.7,20843.322,101.9104,0.0742088915425021,7,5,6,6
2019-07-17,Mirum Pharmaceuticals Inc,75.0,15.0,-11.9333334,5000000.0,"Consumer, Non-cyclical",345.237,102.616,NASDAQ GM,MIRM,0,0.2172420684920793,Citi,1,16.12,8175.42,2.4,2.02,255.802,3.7,20843.322,101.9104,0.0742088915425021,7,6,8,7
2019-07-17,Fulcrum Therapeutics Inc,72.0,16.0,-15.625,4500000.0,"Consumer, Non-cyclical",373.44,113.955,NASDAQ GM,FULC,0,0.1928020565552699,Morgan Stanley,1,16.12,8175.42,2.4,2.02,255.802,3.7,20843.322,101.9104,0.0742088915425021,8,7,6,7
2019-07-31,Dynatrace Inc,655.218,16.0,49.0625,35600000.0,Technology,4486.58,104.25,New York,DT,1,0.1460395223087518,UBS,1,16.12,8175.42,2.4,2.02,255.802,3.7,20843.322,101.9104,0.0742088915425021,7,6,8,7
2019-08-02,BioCardia Inc,10.0002,6.0,-16.66666603,1670000.0,"Consumer, Non-cyclical",0.0,19.6812,NASDAQ CM,BCDA,0,,Maxim Group LLC,0,18.98,7962.88,2.13,1.5,256.036,3.6,20843.322,104.7901,0.0211310178061112,8,7,7,8
2019-08-08,indie Semiconductor Inc,345.0,10.0,-2.0,30000000.0,"Consumer, Cyclical",345.0,110.468,NASDAQ CM,INDI,0,1.0,,0,18.98,7962.88,2.13,1.5,256.036,3.6,20843.322,104.7901,0.0211310178061112,5,8,6,7
2019-09-11,10X Genomics Inc,448.5,39.0,35.25640869,10000000.0,"Consumer, Non-cyclical",764.221,117.158,NASDAQ GS,TXG,1,0.5868721220694014,Goldman Sachs,1,16.24,7999.33,2.13,1.68,256.036,3.6,20843.322,104.7901,-0.0259974411100591,1,5,7,5
2019-09-12,Cloudflare Inc,603.75,15.0,20.0,35000000.0,Technology,1299.16,105.663,New York,NET,1,0.4647233597093506,RBC Capital Markets,1,16.24,7999.33,2.13,1.68,256.036,3.6,20843.322,104.7901,-0.0259974411100591,6,5,4,5
2019-09-17,Envista Holdings Corp,677.23,22.0,27.04545403,26800000.0,"Consumer, Non-cyclical",3490.33,118.502,New York,NVST,1,0.1940303638910934,JP Morgan,1,16.24,7999.33,2.13,1.68,256.036,3.6,20843.322,104.7901,-0.0259974411100591,6,5,7,6
2019-09-18,Datadog Inc,745.2,27.0,39.07407379,24000000.0,Technology,745.2,92.5866,NASDAQ GS,DDOG,1,1.0,RBC Capital Markets,1,16.24,7999.33,2.13,1.68,256.036,3.6,20843.322,104.7901,-0.0259974411100591,6,7,8,7
2019-09-25,Peloton Interactive Inc,1334.0,29.0,-11.17241383,40000000.0,"Consumer, Cyclical",1260.0,92.9499,NASDAQ GS,PTON,0,1.0587301587301587,TD Securities,1,16.24,7999.33,2.13,1.68,256.036,3.6,20843.322,104.7901,-0.0259974411100591,7,6,8,7
2019-10-24,Progyny Inc,149.5,13.0,22.61538506,10000000.0,"Consumer, Non-cyclical",1068.27,117.345,NASDAQ GS,PGNY,1,0.1399458938283392,JP Morgan,1,13.22,8292.36,1.83,1.69,257.155,3.6,20985.448,101.1273,0.0045774895515189,7,3,4,5
2019-10-25,Cabaletta Bio Inc,80.0305,11.0,-9.090909004,6800000.0,"Consumer, Non-cyclical",253.312,90.866,NASDAQ GS,CABA,0,0.3159364735977766,Morgan Stanley,1,13.22,8292.36,1.83,1.69,257.155,3.6,20985.448,101.1273,0.0045774895515189,6,5,8,7
2019-11-06,Galera Therapeutics Inc,65.3484,12.0,0.0,5000000.0,"Consumer, Non-cyclical",297.694,21.8266,OTC US,GRTX,0,0.2195153412564579,BofA Securities,1,12.62,8665.47,1.55,1.78,257.879,3.6,20985.448,101.29,0.0366318179147504,7,6,5,6
2019-11-20,SiTime Corp,64.285,13.0,43.46154022,4300000.0,Technology,194.285,94.8954,NASDAQ GM,SITM,1,0.3308798929407828,Barclays,1,12.62,8665.47,1.55,1.78,257.879,3.6,20985.448,101.29,0.0366318179147504,5,6,7,6
2020-01-14,Bogota Financial Corp,56.577,10.0,15.89999962,5660000.0,Financial,131.753,73.6624,NASDAQ CM,BSBK,1,0.4294171669715301,Sandler O'Neill & Partners,0,18.84,9150.94,1.55,1.51,259.127,3.6,20709.212,101.0313,0.035442970779427,7,5,6,6
2020-01-28,Annovis Bio Inc,13.8,6.0,59.83333206,2000000.0,"Consumer, Non-cyclical",40.9092,19.2142,New York,ANVS,1,0.3373324337801766,ThinkEquity LLC,0,18.84,9150.94,1.55,1.51,259.127,3.6,20709.212,101.0313,0.035442970779427,1,1,8,5
2020-01-29,Black Diamond Therapeutics Inc,231.31,19.0,107.7894745,10600000.0,"Consumer, Non-cyclical",682.303,88.9636,NASDAQ GS,BDTX,1,0.3390136053923257,JP Morgan,1,18.84,9150.94,1.55,1.51,259.127,3.6,20709.212,101.0313,0.035442970779427,9,6,7,8
2020-01-30,Reynolds Consumer Products Inc,1410.38,26.0,9.807692528,47200000.0,"Consumer, Non-cyclical",5452.23,33.7377,NASDAQ GS,REYN,1,0.258679476104273,HSBC,1,18.84,9150.94,1.55,1.51,259.127,3.6,20709.212,101.0313,0.035442970779427,6,7,5,6
2020-01-30,Arcutis Biotherapeutics Inc,183.282,17.0,28.23529434,9380000.0,"Consumer, Non-cyclical",646.564,108.436,NASDAQ GS,ARQT,1,0.2834707778348315,Goldman Sachs,1,18.84,9150.94,1.55,1.51,259.127,3.6,20709.212,101.0313,0.035442970779427,7,6,9,8
2020-02-05,Schrodinger Inc/United States,232.302,17.0,68.47058868,11900000.0,Technology,851.112,111.203,NASDAQ GS,SDGR,1,0.2729394016298677,Morgan Stanley,1,40.11,8567.37,1.55,1.13,259.127,3.6,20709.212,101.0313,0.0198760671377304,8,6,5,7
2020-02-06,OneWater Marine Inc,63.6924,12.0,26.16666603,4620000.0,"Consumer, Cyclical",73.0548,88.6098,NASDAQ GM,ONEW,1,0.8718441498710557,Raymond James & Associates,0,40.11,8567.37,1.55,1.13,259.127,3.6,20709.212,101.0313,0.0198760671377304,6,8,7,7
2020-02-13,Sadot Group Inc,7.7,5.0,-22.79999924,1540000.0,"Consumer, Non-cyclical",15.975,4.05786,NASDAQ CM,SDOT,0,0.4820031298904538,Alexander Capital LP,0,40.11,8567.37,1.55,1.13,259.127,3.6,20709.212,101.0313,0.0198760671377304,7,6,8,7
2020-02-27,Passage Bio Inc,248.4,18.0,23.33333397,12000000.0,"Consumer, Non-cyclical",824.369,49.9307,NASDAQ CM,PASG,1,0.3013213742874853,Goldman Sachs,1,40.11,8567.37,1.55,1.13,259.127,3.6,20709.212,101.0313,0.0198760671377304,6,5,8,7
2020-03-11,Enliven Therapeutics Inc,86.48,16.0,-6.25,4700000.0,"Consumer, Non-cyclical",276.488,101.305,NASDAQ GS,ELVN,0,0.3127803014959058,Morgan Stanley,1,53.54,7700.1,1.55,0.7,259.127,3.6,20709.212,101.0313,-0.0637715906781161,7,6,5,6
2020-04-02,Zentalis Pharmaceuticals Inc,190.026,18.0,28.88888931,9180000.0,"Consumer, Non-cyclical",645.813,86.9699,NASDAQ GM,ZNTL,1,0.2942430703624734,Morgan Stanley,1,34.15,8889.55,0.05,0.64,256.032,14.8,19077.992,82.5429,-0.1012294321361164,5,6,8,7
2020-05-01,Delcath Systems Inc,22.0,10.0,-23.39999962,2200000.0,"Consumer, Non-cyclical",22.728,53.3624,NASDAQ CM,DCTH,0,0.9679690249912002,Roth Capital Partners Inc,0,27.51,9489.87,0.05,0.65,255.802,13.2,19077.992,84.8896,0.154472019843898,8,6,9,8
2020-05-20,Windtree Therapeutics Inc,22.9999,7.25,-2.758620739,2760000.0,"Consumer, Non-cyclical",122.306,,OTC US,WINT,0,0.1880520988340719,Ladenburg Thalmann & Co,0,27.51,9489.87,0.05,0.65,255.802,13.2,19077.992,84.8896,0.154472019843898,6,5,8,7
2020-06-02,Pliant Therapeutics Inc,165.6,16.0,33.125,9000000.0,"Consumer, Non-cyclical",547.221,76.4597,NASDAQ GS,PLRX,1,0.3026199652425619,Citi,1,30.43,10058.77,0.08,0.66,257.042,11.0,19077.992,92.9363,0.0675309773835572,6,5,8,7
2020-06-10,Lantern Pharma Inc,26.25,15.0,-0.333333343,1750000.0,"Consumer, Non-cyclical",93.264,20.7547,NASDAQ CM,LTRN,0,0.2814590838908904,ThinkEquity LLC,0,30.43,10058.77,0.08,0.66,257.042,11.0,19077.992,92.9363,0.0675309773835572,7,6,8,7
2020-06-11,Vaxcyte Inc,287.501,16.0,63.4375,15600000.0,"Consumer, Non-cyclical",811.672,111.371,NASDAQ GS,PCVX,1,0.354208350171005,BofA Securities,1,30.43,10058.77,0.08,0.66,257.042,11.0,19077.992,92.9363,0.0675309773835572,8,7,5,7
2020-06-25,Albertsons Cos Inc,800.0,16.0,-3.4375,50000000.0,"Consumer, Non-cyclical",7664.43,97.3138,New York,ACI,0,0.1043782773148166,Deutsche Bank,1,30.43,10058.77,0.08,0.66,257.042,11.0,19077.992,92.9363,0.0675309773835572,7,6,6,6
2020-06-30,Aditxt Inc,11.0403,9.0,-43.77777863,1230000.0,"Consumer, Non-cyclical",46.5525,0.8134,NASDAQ CM,ADTX,0,0.2371580473658772,Dawson James Securities,0,30.43,10058.77,0.08,0.66,257.042,11.0,19077.992,92.9363,0.0675309773835572,5,6,7,6
2020-07-16,ALX Oncology Holdings Inc,185.725,19.0,57.89473724,8500000.0,"Consumer, Non-cyclical",683.745,41.8435,NASDAQ GS,ALXO,1,0.2716290429911736,Jefferies,0,24.46,10745.27,0.09,0.55,258.352,10.2,20558.879,95.0642,0.059948134168329,7,9,6,8
2020-07-22,Montrose Environmental Group Inc,172.5,15.0,46.66666794,10000000.0,Industrial,327.48,103.472,New York,MEG,1,0.5267497251740564,William Blair & Co LLC,1,24.46,10745.27,0.09,0.55,258.352,10.2,20558.879,95.0642,0.059948134168329,7,6,4,6
2020-07-23,Nurix Therapeutics Inc,209.0,19.0,0.052631579,11000000.0,"Consumer, Non-cyclical",703.722,112.451,NASDAQ GM,NRIX,1,0.2969922782007668,JP Morgan,1,24.46,10745.27,0.09,0.55,258.352,10.2,20558.879,95.0642,0.059948134168329,7,6,8,7
2020-07-28,Vertex Inc,462.128,19.0,25.94736862,21200000.0,Technology,482.917,114.193,NASDAQ GM,VERX,1,0.9569511945116864,Morgan Stanley,1,24.46,10745.27,0.09,0.55,258.352,10.2,20558.879,95.0642,0.059948134168329,6,3,4,5
2020-07-30,Vital Farms Inc,235.391,22.0,60.27272797,9300000.0,"Consumer, Non-cyclical",861.868,111.034,NASDAQ GM,VITL,1,0.273117229088445,Morgan Stanley,1,24.46,10745.27,0.09,0.55,258.352,10.2,20558.879,95.0642,0.059948134168329,1,1,6,3
2020-08-04,Orchestra BioMed Holdings Inc,160.0,10.0,14.0,13900000.0,"Consumer, Non-cyclical",199.283,63.5111,NASDAQ GM,OBIO,1,0.8028783187728006,Chardan Capital Markets LLC,1,26.41,11775.46,0.09,0.72,258.352,10.2,20558.879,95.0642,0.0682489012076028,7,6,8,7
2020-08-04,Commerce.com Inc,248.94,24.0,201.125,9020000.0,Technology,1483.69,70.2122,NASDAQ GM,CMRC,1,0.1677843754423093,Morgan Stanley,1,26.41,11775.46,0.09,0.72,258.352,10.2,20558.879,95.0642,0.0682489012076028,1,5,8,6
2020-08-12,Disc Medicine Inc,120.75,10.0,3.0,10500000.0,"Consumer, Non-cyclical",151.1,107.978,NASDAQ GM,IRON,1,0.799139642620781,Jefferies,0,26.41,11775.46,0.09,0.72,258.352,10.2,20558.879,95.0642,0.0682489012076028,8,7,9,8
2020-08-14,Flux Power Holdings Inc,12.3972,4.0,5.0,2700000.0,Energy,45.6792,36.8044,NASDAQ CM,FLUX,1,0.2713970472337519,National Securities Corp,0,26.41,11775.46,0.09,0.72,258.352,10.2,20558.879,95.0642,0.0682489012076028,7,5,9,8
2020-09-03,Tango Therapeutics Inc,166.75,10.0,2.299999952,14500000.0,"Consumer, Non-cyclical",207.9,123.969,NASDAQ GM,TNGX,1,0.802068302068302,SVB Financial Group,0,26.37,11167.68,0.09,0.69,259.997,7.8,20558.879,95.7684,0.0958738123844258,8,6,7,7
2020-09-16,Dyne Therapeutics Inc,267.697,19.0,25.78947449,12300000.0,"Consumer, Non-cyclical",863.035,114.448,NASDAQ GS,DYN,1,0.310180931248443,Jefferies,1,26.37,11167.68,0.09,0.69,259.997,7.8,20558.879,95.7684,0.0958738123844258,7,8,6,7
2020-09-17,LeonaBio Inc,204.0,17.0,0.647058845,12000000.0,"Consumer, Non-cyclical",489.848,74.9898,NASDAQ CM,LONA,1,0.4164557168754389,Goldman Sachs,1,26.37,11167.68,0.09,0.69,259.997,7.8,20558.879,95.7684,0.0958738123844258,9,2,5,6
2020-09-18,BioVie Inc,18.0,10.0,-0.100000002,5000000.0,"Consumer, Non-cyclical",138.197,16.2526,NASDAQ CM,BIVI,0,0.1302488476595005,EF Hutton,0,26.37,11167.68,0.09,0.69,259.997,7.8,20558.879,95.7684,0.0958738123844258,8,6,4,6
2020-09-22,Corsair Gaming Inc,257.302,17.0,-16.1764698,14000000.0,Technology,1561.44,89.3631,NASDAQ GS,CRSR,0,0.164785070191618,Goldman Sachs,1,26.37,11167.68,0.09,0.69,259.997,7.8,20558.879,95.7684,0.0958738123844258,6,7,8,7
2020-09-22,Bentley Systems Inc,271.942,22.0,52.22727203,10800000.0,Technology,5491.93,51.442,NASDAQ GS,BSY,1,0.0495166544366006,Goldman Sachs,1,26.37,11167.68,0.09,0.69,259.997,7.8,20558.879,95.7684,0.0958738123844258,8,7,6,7
2020-09-24,CalciMedica Inc,90.0,16.0,3.125,5630000.0,"Consumer, Non-cyclical",321.49,57.1289,NASDAQ CM,CALC,1,0.2799464991135027,SVB Financial Group,0,26.37,11167.68,0.09,0.69,259.997,7.8,20558.879,95.7684,0.0958738123844258,8,6,7,7
2020-09-24,Prelude Therapeutics Inc,181.902,19.0,37.89473724,8330000.0,"Consumer, Non-cyclical",830.365,45.3764,NASDAQ GS,PRLD,1,0.2190627013421808,Morgan Stanley,1,26.37,11167.68,0.09,0.69,259.997,7.8,20558.879,95.7684,0.0958738123844258,5,6,8,7
2020-09-24,PMV Pharmaceuticals Inc,243.536,18.0,108.3888855,11800000.0,"Consumer, Non-cyclical",805.754,57.9675,NASDAQ GS,PMVP,1,0.3022460949619859,Goldman Sachs,1,26.37,11167.68,0.09,0.69,259.997,7.8,20558.879,95.7684,0.0958738123844258,6,5,8,7
2020-09-25,Amesite Inc,15.0,5.0,4.400000095,3000000.0,Technology,102.115,9.07473,NASDAQ CM,AMST,1,0.1468932086373206,Laidlaw & Co UK Ltd,0,26.37,11167.68,0.09,0.69,259.997,7.8,20558.879,95.7684,0.0958738123844258,6,5,7,6
2020-09-30,Mission Produce Inc,110.4,12.0,15.0,8000000.0,"Consumer, Non-cyclical",846.611,43.0026,NASDAQ GS,AVO,1,0.1304022744802512,BofA Securities,1,26.37,11167.68,0.09,0.69,259.997,7.8,20558.879,95.7684,0.0958738123844258,6,5,7,6
2020-10-01,C4 Therapeutics Inc,209.76,19.0,34.15789413,9600000.0,"Consumer, Non-cyclical",816.719,83.8443,NASDAQ GS,CCCC,1,0.2568325213445505,Jefferies,0,38.02,10911.59,0.09,0.88,260.319,6.9,20791.917,96.5977,-0.0516141195333345,7,6,9,8
2020-10-01,Academy Sports & Outdoors Inc,226.622,13.0,-0.07692308,15600000.0,"Consumer, Cyclical",1168.84,121.91,NASDAQ GS,ASO,0,0.1938862461928065,Wells Fargo,1,38.02,10911.59,0.09,0.88,260.319,6.9,20791.917,96.5977,-0.0516141195333345,6,4,5,5
2020-10-07,Elutia Inc,50.0004,17.0,-14.70588207,2940000.0,"Consumer, Non-cyclical",133.059,49.0467,NASDAQ CM,ELUT,0,0.3757761594480644,Piper Sandler & Co,0,38.02,10911.59,0.09,0.88,260.319,6.9,20791.917,96.5977,-0.0516141195333345,2,5,7,5
2020-10-08,Spruce Biosciences Inc,103.5,15.0,13.33333302,6000000.0,"Consumer, Non-cyclical",332.454,70.1127,NASDAQ CM,SPRB,1,0.3113212654983847,SVB Financial Group,0,38.02,10911.59,0.09,0.88,260.319,6.9,20791.917,96.5977,-0.0516141195333345,7,5,9,8
2020-10-09,Intrusion Inc,28.52,8.0,16.375,1900000.0,Technology,139.154,12.8634,NASDAQ CM,INTZ,1,0.2049527861218506,B Riley Financial Inc,0,38.02,10911.59,0.09,0.88,260.319,6.9,20791.917,96.5977,-0.0516141195333345,7,6,8,7
2020-10-09,Eastern Bankshares Inc,1792.88,10.0,21.5,179000000.0,Financial,0.0,84.1862,NASDAQ GS,EBC,1,,Stifel,0,38.02,10911.59,0.09,0.88,260.319,6.9,20791.917,96.5977,-0.0516141195333345,9,3,4,6
2020-10-15,Tarsus Pharmaceuticals Inc,101.2,16.0,28.625,5500000.0,"Consumer, Non-cyclical",321.344,108.808,NASDAQ GS,TARS,1,0.3149273053176658,Jefferies,1,38.02,10911.59,0.09,0.88,260.319,6.9,20791.917,96.5977,-0.0516141195333345,7,6,8,7
2020-10-22,Foghorn Therapeutics Inc,135.229,16.0,13.25,7500000.0,"Consumer, Non-cyclical",586.346,75.4163,NASDAQ GM,FHTX,1,0.2306300375546179,Goldman Sachs,1,38.02,10911.59,0.09,0.88,260.319,6.9,20791.917,96.5977,-0.0516141195333345,6,5,8,7
2020-10-28,Biodesix Inc,72.0,18.0,-28.83333397,4000000.0,"Consumer, Non-cyclical",472.574,23.4537,NASDAQ GM,BDSX,0,0.1523570911645583,Morgan Stanley,1,38.02,10911.59,0.09,0.88,260.319,6.9,20791.917,96.5977,-0.0516141195333345,6,7,9,8
2020-10-29,Atea Pharmaceuticals Inc,345.0,24.0,26.41666603,12500000.0,"Consumer, Non-cyclical",1982.81,81.1841,NASDAQ GS,AVIR,1,0.1739954912472703,JP Morgan,1,38.02,10911.59,0.09,0.88,260.319,6.9,20791.917,96.5977,-0.0516141195333345,7,8,6,7
2020-11-18,Olema Pharmaceuticals Inc,240.35,19.0,157.8947296,11000000.0,"Consumer, Non-cyclical",744.224,99.8785,NASDAQ GS,OLMA,1,0.3229538418540654,JP Morgan,1,20.57,12198.74,0.09,0.84,260.319,6.9,20791.917,96.5977,-0.0229313519012006,7,5,8,7
2020-11-19,Telos Corp,292.641,17.0,19.35294151,15000000.0,Technology,1055.45,60.4784,NASDAQ GM,TLS,1,0.2772665687621394,B Riley Financial Inc,0,20.57,12198.74,0.09,0.84,260.319,6.9,20791.917,96.5977,-0.0229313519012006,6,7,5,6
2020-11-19,Sotera Health Co,1232.57,23.0,9.13043499,46600000.0,"Consumer, Non-cyclical",6541.71,87.0585,NASDAQ GS,SHC,1,0.1884170958357982,RBC Capital Markets,1,20.57,12198.74,0.09,0.84,260.319,6.9,20791.917,96.5977,-0.0229313519012006,7,5,8,7
2020-12-01,Outdoor Holding Co,20.6827,2.1,9.523814201,500000.0,Industrial,126.927,52.7881,NASDAQ CM,POWW,1,0.1629495694375507,Alexander Capital LP,0,22.75,12888.28,0.09,0.93,262.045,6.7,20791.917,98.0282,0.117961726934388,8,6,7,7
2020-12-03,Ondas Inc,34.5,6.0,-100.0,5000000.0,Industrial,159.153,36.0161,NASDAQ CM,ONDS,0,0.2167725396316752,Oppenheimer & Co,0,22.75,12888.28,0.09,0.93,262.045,6.7,20791.917,98.0282,0.117961726934388,6,7,9,8
2020-12-03,Seer Inc,201.25,19.0,197.1578979,9210000.0,"Consumer, Non-cyclical",1023.4,36.8617,NASDAQ GS,SEER,1,0.1966484268125855,BofA Securities,1,22.75,12888.28,0.09,0.93,262.045,6.7,20791.917,98.0282,0.117961726934388,3,6,4,5
2020-12-08,PubMatic Inc,135.7,20.0,47.25,5900000.0,Technology,118.0,64.7513,NASDAQ GM,PUBM,1,1.15,Jefferies,0,22.75,12888.28,0.09,0.93,262.045,6.7,20791.917,98.0282,0.117961726934388,5,6,4,5
2020-12-09,Hydrofarm Holdings Group Inc,199.334,20.0,159.9499969,8670000.0,Industrial,660.42,16.3325,NASDAQ CM,HYFM,1,0.3018291390327368,JP Morgan,1,22.75,12888.28,0.09,0.93,262.045,6.7,20791.917,98.0282,0.117961726934388,5,3,7,6
2020-12-10,Certara Inc,768.506,23.0,65.56521606,29100000.0,"Consumer, Non-cyclical",3518.53,119.511,NASDAQ GS,CERT,1,0.2184167820083955,Morgan Stanley,1,22.75,12888.28,0.09,0.93,262.045,6.7,20791.917,98.0282,0.117961726934388,6,4,5,5
2020-12-10,Vivos Therapeutics Inc,24.15,6.0,49.83333206,3500000.0,"Consumer, Non-cyclical",109.15,21.0691,NASDAQ CM,VVOS,1,0.2212551534585432,Roth Capital Partners Inc,0,22.75,12888.28,0.09,0.93,262.045,6.7,20791.917,98.0282,0.117961726934388,9,3,4,6
2020-12-10,4D Molecular Therapeutics Inc,222.18,23.0,76.08695984,8400000.0,"Consumer, Non-cyclical",609.355,112.853,NASDAQ GS,FDMT,1,0.3646150437757957,Goldman Sachs,1,22.75,12888.28,0.09,0.93,262.045,6.7,20791.917,98.0282,0.117961726934388,6,7,8,7
2020-12-15,Upstart Holdings Inc,276.362,20.0,47.34999847,12000000.0,Financial,1449.22,71.624,NASDAQ GS,UPST,1,0.1906970646278687,Goldman Sachs,1,22.75,12888.28,0.09,0.93,262.045,6.7,20791.917,98.0282,0.117961726934388,5,6,4,5
2020-12-16,Dogwood Therapeutics Inc,34.5,10.0,67.09999847,3000000.0,"Consumer, Non-cyclical",82.825,65.8033,NASDAQ CM,DWTX,1,0.4165408994868699,ThinkEquity LLC,0,22.75,12888.28,0.09,0.93,262.045,6.7,20791.917,98.0282,0.117961726934388,6,5,9,7
2020-12-22,Inhibikase Therapeutics Inc,18.0,10.0,-1.0,1800000.0,"Consumer, Non-cyclical",100.508,91.0649,NASDAQ CM,IKT,0,0.1790902216738966,ThinkEquity LLC,0,22.75,12888.28,0.09,0.93,262.045,6.7,20791.917,98.0282,0.117961726934388,6,5,9,7
2021-01-07,Cullinan Therapeutics Inc,287.385,21.0,42.42856979,11900000.0,"Consumer, Non-cyclical",866.939,105.729,NASDAQ GS,CGEM,1,0.3314939113363224,Evercore,1,33.09,13070.69,0.09,1.11,262.687,6.4,21082.134,99.1685,0.0565255100116897,7,6,8,7
2021-01-13,Petco Health & Wellness Co Inc,993.6,18.0,63.33333206,48000000.0,"Consumer, Cyclical",4075.63,121.931,NASDAQ GS,WOOF,1,0.2437905305437441,Wells Fargo,1,33.09,13070.69,0.09,1.11,262.687,6.4,21082.134,99.1685,0.0565255100116897,5,8,6,7
2021-01-20,Dream Finders Homes Inc,143.52,13.0,61.15384674,9600000.0,"Consumer, Cyclical",419.839,97.2778,New York,DFH,1,0.3418453264227478,BofA Securities,1,33.09,13070.69,0.09,1.11,262.687,6.4,21082.134,99.1685,0.0565255100116897,6,7,8,7
2021-01-20,Affinity Bancshares Inc,37.015,10.0,0.800000012,3700000.0,Financial,0.0,32.9679,NASDAQ CM,AFBI,1,,Performance Trust Capital Partners LLC,0,33.09,13070.69,0.09,1.11,262.687,6.4,21082.134,99.1685,0.0565255100116897,7,4,6,6
2021-01-27,RYTHM Inc,62.1,10.0,27.39999962,5400000.0,"Consumer, Non-cyclical",134.918,18.026,NASDAQ CM,RYM,1,0.4602795772246846,Maxim Group LLC,0,33.09,13070.69,0.09,1.11,262.687,6.4,21082.134,99.1685,0.0565255100116897,6,7,9,8
2021-02-01,Jaws Mustang Acquisition Corp,1035.0,10.0,6.199999809,90000000.0,Diversified,1035.0,,OTC US,JWSUF,1,1.0,UBS,1,27.95,13192.35,0.08,1.44,263.579,6.2,21082.134,96.1387,0.0141531686152069,6,5,7,6
2021-02-02,Cuentas Inc,12.0,4.3,-10.00000381,2790000.0,Communications,57.8113,128.258,OTC US,CUEN,0,0.207571876086509,Maxim Group LLC,0,27.95,13192.35,0.08,1.44,263.579,6.2,21082.134,96.1387,0.0141531686152069,7,8,9,8
2021-02-03,Sensei Biotherapeutics Inc,152.576,19.0,-0.526315808,7000000.0,"Consumer, Non-cyclical",581.182,40.8486,NASDAQ CM,SNSE,0,0.2625270569288105,Citi,1,27.95,13192.35,0.08,1.44,263.579,6.2,21082.134,96.1387,0.0141531686152069,7,9,4,7
2021-02-04,SmartRent Inc,345.0,10.0,11.0,30000000.0,Industrial,345.0,69.8257,New York,SMRT,1,1.0,Deutsche Bank,1,27.95,13192.35,0.08,1.44,263.579,6.2,21082.134,96.1387,0.0141531686152069,5,7,6,6
2021-02-04,Bolt Biotherapeutics Inc,264.5,20.0,60.75,11500000.0,"Consumer, Non-cyclical",264.5,37.0418,NASDAQ CM,BOLT,1,1.0,Morgan Stanley,1,27.95,13192.35,0.08,1.44,263.579,6.2,21082.134,96.1387,0.0141531686152069,9,3,6,6
2021-02-04,Terns Pharmaceuticals Inc,146.625,17.0,8.176470757,7500000.0,"Consumer, Non-cyclical",426.644,112.784,NASDAQ GS,TERN,1,0.3436706012506914,Goldman Sachs,1,27.95,13192.35,0.08,1.44,263.579,6.2,21082.134,96.1387,0.0141531686152069,6,5,7,6
2021-02-08,Reliance Global Group Inc,12.42,6.0,-3.0,1800000.0,Financial,65.3346,10.6888,NASDAQ CM,EZRA,0,0.1900983552359699,EF Hutton,0,27.95,13192.35,0.08,1.44,263.579,6.2,21082.134,96.1387,0.0141531686152069,7,5,8,7
2021-02-09,GRI Bio Inc,18.0,8.0,-6.0,2250000.0,"Consumer, Non-cyclical",54.0496,0.825275,NASDAQ CM,GRI,0,0.3330274414611764,ThinkEquity LLC,0,27.95,13192.35,0.08,1.44,263.579,6.2,21082.134,96.1387,0.0141531686152069,6,4,8,7
2021-02-10,loanDepot Inc,61.985,14.0,57.1428566,3850000.0,Financial,84.9632,68.2957,New York,LDI,1,0.7295511468494595,UBS,1,27.95,13192.35,0.08,1.44,263.579,6.2,21082.134,96.1387,0.0141531686152069,8,6,7,7
2021-03-02,Oscar Health Inc,1444.6,39.0,-10.76923084,37000000.0,"Consumer, Non-cyclical",6553.03,67.1712,New York,OSCR,0,0.220447640251914,Goldman Sachs,1,19.4,13246.87,0.07,1.74,264.961,6.1,21082.134,98.8595,0.0093078483232331,5,4,6,5
2021-03-03,Innovage Holding Corp,398.914,21.0,15.23809528,16700000.0,"Consumer, Non-cyclical",2796.93,95.3731,NASDAQ GS,INNV,1,0.142625664567937,JP Morgan,1,19.4,13246.87,0.07,1.74,264.961,6.1,21082.134,98.8595,0.0093078483232331,7,5,6,6
2021-03-08,Symbotic Inc,320.0,10.0,2.5,28000000.0,Industrial,390.0,49.9877,NASDAQ GM,SYM,1,0.8205128205128205,Cantor Fitzgerald,1,19.4,13246.87,0.07,1.74,264.961,6.1,21082.134,98.8595,0.0093078483232331,7,8,6,7
2021-03-11,Hayward Holdings Inc,732.593,17.0,0.0,40300000.0,Industrial,3937.44,107.649,New York,HAYW,0,0.1860582002519403,Robert W Baird & Co,1,19.4,13246.87,0.07,1.74,264.961,6.1,21082.134,98.8595,0.0093078483232331,6,5,7,6
2021-03-16,Sun Country Airlines Holdings Inc,250.908,24.0,51.58333206,9090000.0,"Consumer, Cyclical",1371.68,119.268,NASDAQ GS,SNCY,1,0.1829202146273183,Barclays,1,19.4,13246.87,0.07,1.74,264.961,6.1,21082.134,98.8595,0.0093078483232331,7,4,8,6
2021-03-18,Gain Therapeutics Inc,46.0009,11.0,1.818181872,3640000.0,"Consumer, Non-cyclical",130.642,19.8565,NASDAQ GM,GANX,1,0.3521141746145956,BTIG LLC,0,19.4,13246.87,0.07,1.74,264.961,6.1,21082.134,98.8595,0.0093078483232331,8,6,9,8
2021-03-23,Nextdoor Holdings Inc,416.344,10.0,0.0,40000000.0,Communications,477.344,67.6042,New York,NXDR,0,0.8722095595629148,Goldman Sachs,1,19.4,13246.87,0.07,1.74,264.961,6.1,21082.134,98.8595,0.0093078483232331,7,8,6,7
2021-03-23,Corvex Inc,48.875,5.0,32.0,8500000.0,"Consumer, Non-cyclical",160.622,5.95795,NASDAQ CM,MOVE,1,0.3042858388016585,National Securities Corp,0,19.4,13246.87,0.07,1.74,264.961,6.1,21082.134,98.8595,0.0093078483232331,6,5,7,6
2021-03-24,SEMrush Holdings Inc,150.07,14.0,-19.8571434,10000000.0,Technology,245.27,58.5874,New York,SEMR,0,0.611856321604762,Goldman Sachs,1,19.4,13246.87,0.07,1.74,264.961,6.1,21082.134,98.8595,0.0093078483232331,2,7,6,5
2021-03-24,Cricut Inc,306.298,20.0,-11.0,15300000.0,Technology,306.298,65.1454,NASDAQ GS,CRCT,0,1.0,Goldman Sachs,1,19.4,13246.87,0.07,1.74,264.961,6.1,21082.134,98.8595,0.0093078483232331,7,8,6,7
2021-03-25,ImageneBio Inc,143.75,16.0,100.0,7810000.0,"Consumer, Non-cyclical",500.688,48.334,NASDAQ CM,IMA,1,0.2871049435976097,Jefferies,0,19.4,13246.87,0.07,1.74,264.961,6.1,21082.134,98.8595,0.0093078483232331,8,6,9,8
2021-03-25,Design Therapeutics Inc,276.0,20.0,107.4499969,12000000.0,"Consumer, Non-cyclical",1112.35,75.5887,NASDAQ GS,DSGN,1,0.2481233424731424,Goldman Sachs,1,19.4,13246.87,0.07,1.74,264.961,6.1,21082.134,98.8595,0.0093078483232331,8,5,4,6
2021-03-31,Frontier Group Holdings Inc,655.5,19.0,-0.789473712,30000000.0,"Consumer, Cyclical",4086.48,70.1505,NASDAQ GS,ULCC,0,0.1604070006460327,Barclays,1,19.4,13246.87,0.07,1.74,264.961,6.1,21082.134,98.8595,0.0093078483232331,8,4,6,6
2021-04-08,OnKure Therapeutics Inc,93.75,15.0,-7.400000095,6250000.0,"Consumer, Non-cyclical",363.161,50.6988,NASDAQ GM,OKUR,0,0.2581499665437643,Jefferies,0,18.61,13962.68,0.07,1.65,266.614,6.1,21440.929,97.1737,0.0041326981167115,8,6,9,8
2021-04-15,Biomea Fusion Inc,153.0,17.0,9.411765099,9000000.0,"Consumer, Non-cyclical",489.054,43.1157,NASDAQ GS,BMEA,1,0.3128488878528752,JP Morgan,1,18.61,13962.68,0.07,1.65,266.614,6.1,21440.929,97.1737,0.0041326981167115,7,8,6,7
2021-04-15,Recursion Pharmaceuticals Inc,501.818,18.0,73.8888855,24200000.0,"Consumer, Non-cyclical",2701.46,61.5118,NASDAQ GS,RXRX,1,0.1857580715613039,JP Morgan,1,18.61,13962.68,0.07,1.65,266.614,6.1,21440.929,97.1737,0.0041326981167115,8,6,5,7
2021-04-15,agilon health Inc,1232.57,23.0,34.78260803,46600000.0,"Consumer, Non-cyclical",8993.28,108.251,New York,AGL,1,0.1370545562909194,JP Morgan,1,18.61,13962.68,0.07,1.65,266.614,6.1,21440.929,97.1737,0.0041326981167115,5,7,9,8
2021-04-20,DoubleVerify Holdings Inc,413.999,27.0,33.33333206,13300000.0,Technology,4230.36,108.282,New York,DV,1,0.0978637751869817,Truist Securities Inc,1,18.61,13962.68,0.07,1.65,266.614,6.1,21440.929,97.1737,0.0041326981167115,7,6,6,6
2021-04-20,SkyWater Technology Inc,112.056,14.0,26.7142849,6960000.0,Technology,546.836,56.0294,NASDAQ CM,SKYT,1,0.2049170135104492,Jefferies,0,18.61,13962.68,0.07,1.65,266.614,6.1,21440.929,97.1737,0.0041326981167115,5,6,7,6
2021-04-22,Latham Group Inc,437.0,19.0,43.42105103,20000000.0,Industrial,2287.78,100.12,NASDAQ GS,SWIM,1,0.1910148703109564,Barclays,1,18.61,13962.68,0.07,1.65,266.614,6.1,21440.929,97.1737,0.0041326981167115,6,5,7,6
2021-04-22,Treace Medical Concepts Inc,219.938,17.0,50.17647171,11300000.0,"Consumer, Non-cyclical",869.82,83.0052,NASDAQ GS,TMCI,1,0.2528546135982157,JP Morgan,1,18.61,13962.68,0.07,1.65,266.614,6.1,21440.929,97.1737,0.0041326981167115,6,5,7,6
2021-04-26,Protagenic Therapeutics Inc,13.197,4.15,-10.60241127,1700000.0,"Consumer, Non-cyclical",57.1895,6.44017,OTC US,PTIX,0,0.2307591428496489,EF Hutton,0,18.61,13962.68,0.07,1.65,266.614,6.1,21440.929,97.1737,0.0041326981167115,7,6,8,8
2021-04-27,FTC Solar Inc,257.92,13.0,9.692307472,19800000.0,Energy,1105.78,28.772,NASDAQ CM,FTCI,1,0.2332471196802257,Barclays,1,18.61,13962.68,0.07,1.65,266.614,6.1,21440.929,97.1737,0.0041326981167115,6,8,7,7
2021-04-28,Privia Health Group Inc,515.775,23.0,51.08695602,19500000.0,"Consumer, Non-cyclical",2364.07,105.382,NASDAQ GS,PRVA,1,0.2181724737423172,JP Morgan,1,18.61,13962.68,0.07,1.65,266.614,6.1,21440.929,97.1737,0.0041326981167115,8,5,6,7
2021-05-04,Webstar Technology Group Inc,0.6,1.0,100.0,600000.0,Technology,114.9,,OTC US,WBSR,1,0.0052219321148825,,0,16.76,13748.74,0.07,1.58,266.614,6.1,21440.929,97.1737,0.0540361609950124,7,6,9,8
2021-05-04,Five Star Bancorp,121.096,20.0,21.25,5270000.0,Financial,341.102,63.934,NASDAQ GS,FSBC,1,0.3550140427203593,Stifel,0,16.76,13748.74,0.07,1.58,266.614,6.1,21440.929,97.1737,0.0540361609950124,7,5,8,7
2021-05-12,iPower Inc,19.32,5.0,14.80000019,3360000.0,Communications,127.343,12.1708,NASDAQ CM,IPW,1,0.151716230966759,DA Davidson & Co,0,16.76,13748.74,0.07,1.58,266.614,6.1,21440.929,97.1737,0.0540361609950124,5,6,8,7
2021-05-13,Vera Therapeutics Inc,47.85,11.0,4.545454502,4350000.0,"Consumer, Non-cyclical",225.272,118.564,NASDAQ GM,VERA,1,0.2124098867147271,Jefferies,0,16.76,13748.74,0.07,1.58,266.614,6.1,21440.929,97.1737,0.0540361609950124,6,4,7,6
2021-05-24,Mobile Infrastructure Corp,275.0,10.0,0.0,25000000.0,Financial,346.07,15.464,NASDAQ GM,BEEP,0,0.7946369231658336,Goldman Sachs,1,16.76,13748.74,0.07,1.58,266.614,6.1,21440.929,97.1737,0.0540361609950124,7,6,8,8
2021-05-25,Senti Biosciences Inc,230.0,10.0,-0.200000003,20000000.0,"Consumer, Non-cyclical",236.555,50.3037,NASDAQ CM,SNTI,0,0.9722897423432184,JP Morgan,1,16.76,13748.74,0.07,1.58,266.614,6.1,21440.929,97.1737,0.0540361609950124,7,6,5,6
2021-05-26,Day One Biopharmaceuticals Inc,184.0,16.0,61.8125,10000000.0,"Consumer, Non-cyclical",989.398,97.688,NASDAQ GS,DAWN,1,0.1859716716629708,JP Morgan,1,16.76,13748.74,0.07,1.58,266.614,6.1,21440.929,97.1737,0.0540361609950124,9,3,7,7
2021-05-26,Figs Inc,667.577,22.0,36.45454407,26400000.0,Communications,3246.93,94.4337,New York,FIGS,1,0.2056025229986479,BofA Securities,1,16.76,13748.74,0.07,1.58,266.614,6.1,21440.929,97.1737,0.0540361609950124,1,7,6,6
2021-06-10,Splash Beverage Group Inc,15.0,4.0,35.75013733,3750000.0,"Consumer, Non-cyclical",121.95,15.6433,NYSEAmerican,SBEV,1,0.1230012300123001,Benchmark Investments,0,15.83,14503.95,0.08,1.45,270.654,5.9,21440.929,100.9728,-0.0153222733744524,2,5,9,8
2021-06-11,Janux Therapeutics Inc,222.87,17.0,47.94117737,11400000.0,"Consumer, Non-cyclical",707.395,133.545,NASDAQ GM,JANX,1,0.3150573583358661,BofA Securities,1,15.83,14503.95,0.08,1.45,270.654,5.9,21440.929,100.9728,-0.0153222733744524,8,6,7,7
2021-06-14,Alzamend Neuro Inc,14.375,5.0,170.0,2500000.0,"Consumer, Non-cyclical",426.522,7.15452,NASDAQ CM,ALZN,1,0.0337028336170232,Spartan Capital Securities LLC,0,15.83,14503.95,0.08,1.45,270.654,5.9,21440.929,100.9728,-0.0153222733744524,5,6,8,7
2021-06-17,Femasys Inc,34.45,13.0,-7.692307472,2650000.0,"Consumer, Non-cyclical",152.901,12.907,NASDAQ CM,FEMY,0,0.2253091869902747,Chardan Capital Markets LLC,0,15.83,14503.95,0.08,1.45,270.654,5.9,21440.929,100.9728,-0.0153222733744524,9,6,7,8
2021-06-17,Century Therapeutics Inc,242.65,20.0,14.14999962,10600000.0,"Consumer, Non-cyclical",1128.14,59.7021,NASDAQ CM,IPSC,1,0.2150885528391866,BofA Securities,1,15.83,14503.95,0.08,1.45,270.654,5.9,21440.929,100.9728,-0.0153222733744524,7,6,4,6
2021-06-23,Upexi Inc,11.0,5.0,12.0,2200000.0,Communications,71.042,46.8962,NASDAQ CM,UPXI,1,0.1548379831648883,Benchmark Investments,0,15.83,14503.95,0.08,1.45,270.654,5.9,21440.929,100.9728,-0.0153222733744524,6,7,8,7
2021-06-24,LENZ Therapeutics Inc,273.7,17.0,8.823529243,14000000.0,"Consumer, Non-cyclical",987.343,112.63,NASDAQ GS,LENZ,1,0.2772086296251657,BofA Securities,1,15.83,14503.95,0.08,1.45,270.654,5.9,21440.929,100.9728,-0.0153222733744524,8,7,9,8
2021-06-25,Acurx Pharmaceuticals Inc,17.25,6.0,31.5,2500000.0,"Consumer, Non-cyclical",59.4972,9.03868,NASDAQ CM,ACXP,1,0.2899296101329138,Alexander Capital LP,0,15.83,14503.95,0.08,1.45,270.654,5.9,21440.929,100.9728,-0.0153222733744524,6,5,7,6
2021-06-29,SRX Health Solutions Inc,40.0,5.0,-17.79999924,8000000.0,"Consumer, Non-cyclical",147.925,0.277373,NYSEAmerican,SRXH,0,0.2704073009971269,DA Davidson & Co,0,15.83,14503.95,0.08,1.45,270.654,5.9,21440.929,100.9728,-0.0153222733744524,8,7,6,7
2021-06-29,Aerovate Therapeutics Inc,139.782,14.0,63.07143021,8680000.0,"Consumer, Non-cyclical",341.746,103.181,NASDAQ CM,JBIO,1,0.4090230756175639,Jefferies,0,15.83,14503.95,0.08,1.45,270.654,5.9,21440.929,100.9728,-0.0153222733744524,8,6,9,8
2021-06-30,Krispy Kreme Inc,559.501,17.0,23.52941132,29400000.0,"Consumer, Cyclical",2840.63,102.556,NASDAQ GS,DNUT,1,0.1969637017140563,BNP Paribas,1,15.83,14503.95,0.08,1.45,270.654,5.9,21440.929,100.9728,-0.0153222733744524,7,6,8,7
2021-06-30,ProKidney Corp,250.0,10.0,1.100000024,22000000.0,"Consumer, Non-cyclical",286.0,58.5935,NASDAQ CM,PROK,1,0.8741258741258742,Morgan Stanley,1,15.83,14503.95,0.08,1.45,270.654,5.9,21440.929,100.9728,-0.0153222733744524,6,5,9,8
2021-06-30,Acumen Pharmaceuticals Inc,183.998,16.0,25.625,10000000.0,"Consumer, Non-cyclical",618.429,60.1657,NASDAQ GS,ABOS,1,0.2975248573401312,BofA Securities,1,15.83,14503.95,0.08,1.45,270.654,5.9,21440.929,100.9728,-0.0153222733744524,9,6,5,7
2021-06-30,Glimpse Group Inc/The,14.0875,7.0,152.2857208,1750000.0,Technology,68.7008,21.4448,NASDAQ CM,GGRP,1,0.2050558363221389,EF Hutton,0,15.83,14503.95,0.08,1.45,270.654,5.9,21440.929,100.9728,-0.0153222733744524,5,7,8,7
2021-07-07,Oklo Inc,500.0,10.0,-0.200000003,45000000.0,Utilities,562.5,50.706,New York,OKLO,0,0.8888888888888888,Citi,1,18.24,14672.68,0.1,1.24,271.903,5.4,21617.828,100.2208,0.0549293971665767,7,6,8,7
2021-07-09,Northeast Community Bancorp Inc,97.841,10.0,6.099999905,9780000.0,Financial,0.0,61.5235,NASDAQ CM,NECB,1,,Piper Sandler & Co,0,18.24,14672.68,0.1,1.24,271.903,5.4,21617.828,100.2208,0.0549293971665767,8,3,4,5
2021-07-13,Unicycive Therapeutics Inc,25.0,5.0,17.0,5000000.0,"Consumer, Non-cyclical",72.4845,52.6003,NASDAQ CM,UNCY,1,0.3449013237312805,Roth Capital Partners Inc,0,18.24,14672.68,0.1,1.24,271.903,5.4,21617.828,100.2208,0.0549293971665767,8,6,9,8
2021-07-14,1895 Bancorp of Wisconsin Inc,35.42,10.0,19.42566299,3540000.0,Financial,0.0,4.04883,OTC US,BCOW,1,,Stifel,0,18.24,14672.68,0.1,1.24,271.903,5.4,21617.828,100.2208,0.0549293971665767,8,5,7,7
2021-07-15,Blend Labs Inc,404.424,18.0,16.11111069,20000000.0,Technology,3800.61,90.5937,New York,BLND,1,0.1064102867697553,Allen & Co,1,18.24,14672.68,0.1,1.24,271.903,5.4,21617.828,100.2208,0.0549293971665767,6,8,9,8
2021-07-15,TScan Therapeutics Inc,100.001,15.0,-30.0,6670000.0,"Consumer, Non-cyclical",275.38,73.1759,NASDAQ GM,TCRX,0,0.3631382090202629,Morgan Stanley,1,18.24,14672.68,0.1,1.24,271.903,5.4,21617.828,100.2208,0.0549293971665767,8,6,9,8
2021-07-15,Cullman Bancorp Inc/MD,42.844,10.0,14.0,4280000.0,Financial,74.06,0.0366064,OTC US,CULL,1,0.5785039157439914,,0,18.24,14672.68,0.1,1.24,271.903,5.4,21617.828,100.2208,0.0549293971665767,7,5,6,6
2021-07-19,HCW Biologics Inc,56.0,8.0,-21.25,7000000.0,"Consumer, Non-cyclical",285.204,8.45424,NASDAQ CM,HCWB,0,0.196350682318621,EF Hutton,0,18.24,14672.68,0.1,1.24,271.903,5.4,21617.828,100.2208,0.0549293971665767,8,5,6,7
2021-07-21,Twin Vee PowerCats Co,20.7,6.0,24.83333397,3000000.0,"Consumer, Cyclical",44.7,8.25493,NASDAQ CM,VEEE,1,0.4630872483221476,ThinkEquity LLC,0,18.24,14672.68,0.1,1.24,271.903,5.4,21617.828,100.2208,0.0549293971665767,7,5,4,5
2021-07-22,Cytek Biosciences Inc,284.738,17.0,10.35294151,14600000.0,"Consumer, Non-cyclical",2260.89,78.1946,NASDAQ GS,CTKB,1,0.1259406693824113,Morgan Stanley,1,18.24,14672.68,0.1,1.24,271.903,5.4,21617.828,100.2208,0.0549293971665767,6,7,5,6
2021-07-22,Teads Holding Co,160.0,20.0,0.0,8000000.0,Technology,1077.11,26.8097,NASDAQ GS,TEAD,0,0.1485456452915672,Jefferies,1,18.24,14672.68,0.1,1.24,271.903,5.4,21617.828,100.2208,0.0549293971665767,5,7,6,6
2021-07-26,Candel Therapeutics,79.104,8.0,-12.5,9000000.0,"Consumer, Non-cyclical",229.476,34.7705,NASDAQ GM,CADL,0,0.3447157872718716,Jefferies,0,18.24,14672.68,0.1,1.24,271.903,5.4,21617.828,100.2208,0.0549293971665767,8,6,9,8
2021-07-27,Plum Acquisition Corp III,282.5,10.0,-1.200000048,25000000.0,Diversified,353.0,,OTC US,PLMUF,0,0.8002832861189801,Citi,1,18.24,14672.68,0.1,1.24,271.903,5.4,21617.828,100.2208,0.0549293971665767,6,5,8,7
2021-07-28,Traeger Inc,487.058,18.0,22.22222137,23500000.0,"Consumer, Cyclical",2115.86,69.1835,New York,COOK,1,0.2301938691595852,Stifel,1,18.24,14672.68,0.1,1.24,271.903,5.4,21617.828,100.2208,0.0549293971665767,1,4,3,3
2021-07-28,Robinhood Markets Inc,2255.46,38.0,-8.368420601,55000000.0,Communications,27168.1,75.3971,NASDAQ GS,HOOD,0,0.0830186873575995,Mizuho Financial,1,18.24,14672.68,0.1,1.24,271.903,5.4,21617.828,100.2208,0.0549293971665767,9,6,7,8
2021-07-28,Nuvalent Inc,180.413,17.0,10.29411793,9150000.0,"Consumer, Non-cyclical",724.178,114.372,NASDAQ GS,NUVL,1,0.2491279768233777,JP Morgan,1,18.24,14672.68,0.1,1.24,271.903,5.4,21617.828,100.2208,0.0549293971665767,9,4,7,7
2021-07-29,Rani Therapeutics Holdings Inc,84.3337,11.0,0.0,6670000.0,"Consumer, Non-cyclical",217.126,50.8596,NASDAQ GM,RANI,0,0.3884090343855641,BofA Securities,1,18.24,14672.68,0.1,1.24,271.903,5.4,21617.828,100.2208,0.0549293971665767,9,2,3,6
2021-07-29,Immuneering Corp,129.375,15.0,17.26666641,7500000.0,"Consumer, Non-cyclical",382.716,47.8908,NASDAQ GM,IMRX,1,0.3380443984573417,Morgan Stanley,1,18.24,14672.68,0.1,1.24,271.903,5.4,21617.828,100.2208,0.0549293971665767,8,9,7,8
2021-07-29,MaxCyte Inc,201.825,13.0,30.76922989,13500000.0,"Consumer, Non-cyclical",1302.79,95.2874,NASDAQ GS,MXCT,1,0.1549175231618296,TD Securities,0,18.24,14672.68,0.1,1.24,271.903,5.4,21617.828,100.2208,0.0549293971665767,7,8,6,7
2021-07-30,Tenaya Therapeutics Inc,207.0,15.0,2.333333254,12000000.0,"Consumer, Non-cyclical",616.87,52.2491,NASDAQ GS,TNYA,1,0.335565029909057,Morgan Stanley,1,18.24,14672.68,0.1,1.24,271.903,5.4,21617.828,100.2208,0.0549293971665767,8,6,9,8
2021-08-09,Climb Bio Inc,92.0,12.5,27.20000076,6400000.0,"Consumer, Non-cyclical",328.978,76.7951,NASDAQ GM,CLYM,1,0.279653958623373,SVB Financial Group,0,16.48,15259.24,0.1,1.3,271.903,5.4,21617.828,100.2208,0.011633382630249,5,6,7,6
2021-08-10,PetVivo Holdings Inc,11.25,4.5,88.8888855,2500000.0,"Consumer, Non-cyclical",0.0,29.1347,OTC US,PETV,1,,ThinkEquity LLC,0,16.48,15259.24,0.1,1.3,271.903,5.4,21617.828,100.2208,0.011633382630249,6,7,9,8
2021-08-31,Concord Acquisition Corp II,280.098,10.0,-1.399999976,25000000.0,Diversified,280.098,26.5086,OTC US,CNDAU,0,1.0,Citi,1,16.48,15259.24,0.1,1.3,271.903,5.4,21617.828,100.2208,0.011633382630249,7,6,5,6
2021-09-14,Dutch Bros Inc,556.841,23.0,59.47826004,21100000.0,"Consumer, Cyclical",784.017,94.3776,New York,BROS,1,0.7102409769175924,William Blair & Co LLC,1,23.14,14448.58,0.08,1.52,273.91,4.7,21617.828,98.6102,0.0399763369745675,6,7,8,7
2021-09-14,Pasithea Therapeutics Corp,24.0,5.0,-28.79999924,4800000.0,"Consumer, Non-cyclical",65.292,105.817,NASDAQ CM,KTTA,0,0.3675794890645102,EF Hutton,0,23.14,14448.58,0.08,1.52,273.91,4.7,21617.828,98.6102,0.0399763369745675,7,5,9,8
2021-09-14,Tyra Biosciences Inc,198.72,16.0,62.5,10800000.0,"Consumer, Non-cyclical",651.762,126.418,NASDAQ GS,TYRA,1,0.3048965726753017,BofA Securities,1,23.14,14448.58,0.08,1.52,273.91,4.7,21617.828,98.6102,0.0399763369745675,7,8,4,6
2021-09-14,PROCEPT BioRobotics Corp,188.485,25.0,67.76000214,6560000.0,"Consumer, Non-cyclical",1054.92,102.51,NASDAQ GM,PRCT,1,0.1786723163841808,BofA Securities,1,23.14,14448.58,0.08,1.52,273.91,4.7,21617.828,98.6102,0.0399763369745675,8,4,3,5
2021-09-14,WinVest Acquisition Corp,115.0,10.0,0.800000012,10000000.0,Diversified,115.0,,OTC US,WINVU,1,1.0,Chardan Capital Markets LLC,0,23.14,14448.58,0.08,1.52,273.91,4.7,21617.828,98.6102,0.0399763369745675,7,8,6,7
2021-09-15,Enact Holdings Inc,290.833,19.0,7.842105389,13300000.0,Financial,3093.96,102.468,NASDAQ GS,ACT,1,0.0940002456398919,JP Morgan,1,23.14,14448.58,0.08,1.52,273.91,4.7,21617.828,98.6102,0.0399763369745675,8,7,6,7
2021-09-21,aka Brands Holding Corp,110.0,11.0,-9.181818008,10000000.0,Communications,1392.49,75.3955,New York,AKA,0,0.078995181293941,BofA Securities,1,23.14,14448.58,0.08,1.52,273.91,4.7,21617.828,98.6102,0.0399763369745675,7,6,8,7
2021-09-21,Freshworks Inc,1128.6,36.0,32.08333206,28500000.0,Technology,1026.0,87.3404,NASDAQ GS,FRSH,1,1.1,Jefferies,1,23.14,14448.58,0.08,1.52,273.91,4.7,21617.828,98.6102,0.0399763369745675,4,5,7,6
2021-10-01,Nutriband Inc,7.59,6.25,7.039999962,1060000.0,"Consumer, Non-cyclical",0.0,3.39803,NASDAQ CM,NTRB,1,,Wallachbeth Capital LLC,0,16.26,15498.39,0.08,1.55,276.55,4.5,21988.737,99.8735,-0.0531258437510648,8,6,7,7
2021-10-07,Pyxis Oncology Inc,168.0,16.0,-17.5,10500000.0,"Consumer, Non-cyclical",507.746,37.0849,NASDAQ GS,PYXS,0,0.3308740984665561,BofA Securities,1,16.26,15498.39,0.08,1.55,276.55,4.5,21988.737,99.8735,-0.0531258437510648,9,6,4,7
2021-10-08,Cognition Therapeutics Inc,51.9996,12.0,6.416666508,3770000.0,"Consumer, Non-cyclical",258.222,24.7945,NASDAQ CM,CGTX,1,0.2013755605641657,B Riley Financial Inc,0,16.26,15498.39,0.08,1.55,276.55,4.5,21988.737,99.8735,-0.0531258437510648,7,6,9,8
2021-10-12,Healthcare Triangle Inc,18.8372,4.0,-10.25,4710000.0,Technology,138.779,0.540105,NASDAQ CM,HCTI,0,0.1357352337169168,EF Hutton,0,16.26,15498.39,0.08,1.55,276.55,4.5,21988.737,99.8735,-0.0531258437510648,3,4,7,5
2021-10-12,Catalyst Bancorp Inc,52.9,10.0,35.59999847,5290000.0,Financial,0.0,39.5302,NASDAQ CM,CLST,1,,Piper Sandler & Co,0,16.26,15498.39,0.08,1.55,276.55,4.5,21988.737,99.8735,-0.0531258437510648,7,5,6,6
2021-10-13,Lucid Diagnostics Inc,70.0,14.0,-16.0,5000000.0,"Consumer, Non-cyclical",517.889,17.8763,NASDAQ CM,LUCD,0,0.1351640988706074,Cantor Fitzgerald,0,16.26,15498.39,0.08,1.55,276.55,4.5,21988.737,99.8735,-0.0531258437510648,5,6,8,7
2021-10-14,Compass Digital Acquisition Corp,212.405,10.0,-1.799999952,20000000.0,Diversified,212.405,,OTC US,CDAUF,0,1.0,Citi,1,16.26,15498.39,0.08,1.55,276.55,4.5,21988.737,99.8735,-0.0531258437510648,6,8,7,7
2021-10-19,Context Therapeutics Inc,25.0,5.0,2.0,5000000.0,"Consumer, Non-cyclical",51.049,81.0236,NASDAQ CM,CNTX,1,0.4897255577974103,ThinkEquity LLC,0,16.26,15498.39,0.08,1.55,276.55,4.5,21988.737,99.8735,-0.0531258437510648,6,5,9,8
2021-10-26,Rent the Runway Inc,357.0,21.0,-8.142857552,17000000.0,"Consumer, Cyclical",1258.71,82.9823,NASDAQ GM,RENT,0,0.283623709988798,Goldman Sachs,1,16.26,15498.39,0.08,1.55,276.55,4.5,21988.737,99.8735,-0.0531258437510648,7,5,8,7
2021-10-26,Marpai Inc,28.75,4.0,18.75,6250000.0,"Consumer, Non-cyclical",77.0628,10.0192,OTC US,MRAI,1,0.3730723513809517,ThinkEquity LLC,0,16.26,15498.39,0.08,1.55,276.55,4.5,21988.737,99.8735,-0.0531258437510648,6,7,9,8
2021-10-27,Fluence Energy Inc,998.2,28.0,25.0,31000000.0,Energy,1385.81,69.063,NASDAQ GS,FLNC,1,0.7203007627308218,Barclays,1,16.26,15498.39,0.08,1.55,276.55,4.5,21988.737,99.8735,-0.0531258437510648,5,7,6,6
2021-10-27,Solo Brands Inc,252.258,17.0,3.588235378,12900000.0,Communications,1077.76,52.5765,OTC US,SBDS,1,0.2340576751781472,BofA Securities,1,16.26,15498.39,0.08,1.55,276.55,4.5,21988.737,99.8735,-0.0531258437510648,7,3,8,6
2021-10-28,Entrada Therapeutics Inc,208.726,20.0,19.75,9080000.0,"Consumer, Non-cyclical",624.974,81.5626,NASDAQ GM,TRDA,1,0.3339754933805246,Goldman Sachs,1,16.26,15498.39,0.08,1.55,276.55,4.5,21988.737,99.8735,-0.0531258437510648,7,6,5,6
2021-10-28,Aura Biosciences Inc,86.94,14.0,5.714285851,5400000.0,"Consumer, Non-cyclical",397.734,79.9975,NASDAQ GM,AURA,1,0.2185883027349937,SVB Financial Group,0,16.26,15498.39,0.08,1.55,276.55,4.5,21988.737,99.8735,-0.0531258437510648,7,6,9,8
2021-10-28,Biofrontera Inc,20.7,5.0,-11.80000019,3600000.0,"Consumer, Non-cyclical",60.7,26.7317,NASDAQ CM,BFRI,0,0.3410214168039538,Roth Capital Partners Inc,0,16.26,15498.39,0.08,1.55,276.55,4.5,21988.737,99.8735,-0.0531258437510648,7,6,8,7
2021-10-29,AltEnergy Acquisition Corp,230.0,10.0,0.5,20000000.0,Diversified,230.0,6.52174,OTC US,AEAEU,1,1.0,B Riley Financial Inc,0,16.26,15498.39,0.08,1.55,276.55,4.5,21988.737,99.8735,-0.0531258437510648,5,6,9,8
2021-11-01,Compass Therapeutics Inc,125.003,3.5,0.0,35700000.0,"Consumer, Non-cyclical",0.0,97.5852,NASDAQ CM,CMPX,0,,SVB Financial Group,0,27.19,15537.69,0.08,1.43,278.919,4.1,21988.737,100.1615,0.0726583512012943,5,6,9,7
2021-11-02,Allbirds Inc,348.316,15.0,92.59999847,20200000.0,Communications,302.885,29.2737,NASDAQ GS,BIRD,1,1.149994222229559,BofA Securities,1,27.19,15537.69,0.08,1.43,278.919,4.1,21988.737,100.1615,0.0726583512012943,7,6,4,6
2021-11-03,Cadre Holdings Inc,78.0,13.0,17.61538506,6000000.0,Industrial,432.284,79.8195,New York,CDRE,1,0.1804369349779311,B Riley Financial Inc,0,27.19,15537.69,0.08,1.43,278.919,4.1,21988.737,100.1615,0.0726583512012943,5,6,7,6
2021-11-03,NerdWallet Inc,150.075,18.0,57.22222137,7250000.0,Financial,614.686,96.8857,NASDAQ GM,NRDS,1,0.2441490452035673,Barclays,1,27.19,15537.69,0.08,1.43,278.919,4.1,21988.737,100.1615,0.0726583512012943,6,8,7,7
2021-11-08,Third Coast Bancshares Inc,87.5,25.0,0.039999999,3500000.0,Financial,320.348,61.6732,New York,TCBX,1,0.2731404597500218,Stephens Inc,0,27.19,15537.69,0.08,1.43,278.919,4.1,21988.737,100.1615,0.0726583512012943,7,8,6,7
2021-11-08,Hertz Global Holdings Inc,1291.08,29.0,12.48275852,44500000.0,"Consumer, Non-cyclical",13730.7,113.093,NASDAQ GS,HTZ,1,0.0940287093884506,Barclays,1,27.19,15537.69,0.08,1.43,278.919,4.1,21988.737,100.1615,0.0726583512012943,6,7,9,8
2021-11-09,Chain Bridge I,230.0,10.0,0.600000024,20000000.0,Diversified,230.0,29.51,OTC US,CBGGF,1,1.0,TD Securities,0,27.19,15537.69,0.08,1.43,278.919,4.1,21988.737,100.1615,0.0726583512012943,7,5,6,6
2021-11-10,Backblaze Inc,115.0,16.0,24.375,6250000.0,Communications,126.638,54.5881,NASDAQ GM,BLZE,1,0.9081002542680712,Oppenheimer & Co,1,27.19,15537.69,0.08,1.43,278.919,4.1,21988.737,100.1615,0.0726583512012943,6,7,8,7
2021-11-12,Journey Medical Corp,35.2,10.0,-5.0,3520000.0,"Consumer, Non-cyclical",164.412,56.3046,NASDAQ CM,DERM,0,0.2140962946743546,B Riley Financial Inc,0,27.19,15537.69,0.08,1.43,278.919,4.1,21988.737,100.1615,0.0726583512012943,8,7,6,7
2021-11-18,Finwise Bancorp,42.2625,10.5,21.23809433,3500000.0,Financial,128.594,30.4101,NASDAQ GM,FINW,1,0.3286506368881908,Piper Sandler & Co,0,27.19,15537.69,0.08,1.43,278.919,4.1,21988.737,100.1615,0.0726583512012943,7,5,8,7
2021-11-30,Capitalworks Emerging Markets Acquisition Corp,230.0,10.0,0.400000006,20000000.0,Diversified,230.0,,OTC US,CMCUF,1,1.0,Barclays,1,27.19,15537.69,0.08,1.43,278.919,4.1,21988.737,100.1615,0.0726583512012943,6,7,5,6
2021-12-01,TLGY Acquisition Corp,230.0,10.0,0.5,20000000.0,Diversified,230.0,24.4172,OTC US,TLGUF,1,1.0,Mizuho Financial,0,17.22,15644.97,0.08,1.52,280.845,3.9,21988.737,99.9979,0.0025357472614897,7,8,9,8
2021-12-08,Inception Growth Acquisition Ltd,103.5,10.0,0.300000012,9000000.0,Diversified,103.5,,OTC US,IGTAU,1,1.0,EF Hutton,0,17.22,15644.97,0.08,1.52,280.845,3.9,21988.737,99.9979,0.0025357472614897,6,4,7,6
2021-12-09,Athena Technology Acquisition Corp II,253.75,10.0,-0.200000003,25000000.0,Diversified,263.25,29.4803,OTC US,ATEKU,0,0.9639126305792972,Citi,1,17.22,15644.97,0.08,1.52,280.845,3.9,21988.737,99.9979,0.0025357472614897,7,3,6,6
2021-12-13,Alpha Star Acquisition Corp,115.0,10.0,0.699999988,10000000.0,Diversified,118.0,34.9658,OTC US,ALSUF,1,0.9745762711864406,Ladenburg Thalmann & Co,0,17.22,15644.97,0.08,1.52,280.845,3.9,21988.737,99.9979,0.0025357472614897,7,6,8,7
2021-12-15,Samsara Inc,886.579,23.0,7.391304493,35000000.0,Technology,886.579,97.5271,New York,IOT,1,1.0,Allen & Co,1,17.22,15644.97,0.08,1.52,280.845,3.9,21988.737,99.9979,0.0025357472614897,5,7,8,7
2021-12-15,Immix Biopharma Inc,21.0,5.0,-26.60000038,4200000.0,"Consumer, Non-cyclical",37.875,53.2044,NASDAQ CM,IMMX,0,0.5544554455445545,ThinkEquity LLC,0,17.22,15644.97,0.08,1.52,280.845,3.9,21988.737,99.9979,0.0025357472614897,7,5,8,7
2022-01-06,Amylyx Pharmaceuticals Inc,216.019,19.0,-4.894736767,10000000.0,"Consumer, Non-cyclical",1098.87,107.437,NASDAQ GS,AMLX,0,0.1965828532947482,Goldman Sachs,1,24.83,14239.88,0.08,1.79,280.845,3.9,21988.737,99.9979,0.0069045012482549,7,6,9,8
2022-01-11,Canton Strategic Holdings Inc,15.0,4.0,-13.0,3750000.0,"Consumer, Non-cyclical",44.93,16.7891,NASDAQ CM,CNTN,0,0.3338526596928555,ThinkEquity LLC,0,24.83,14239.88,0.08,1.79,280.845,3.9,21988.737,99.9979,0.0069045012482549,7,6,9,8
2022-01-27,Ponce Financial Group Inc,138.863,10.0,52.5,13900000.0,Financial,0.0,61.094,NASDAQ GM,PDLB,1,,Janney Montgomery Scott LLC,0,24.83,14239.88,0.08,1.79,280.845,3.9,21988.737,99.9979,0.0069045012482549,8,4,6,6
2022-02-04,Arcellx Inc,142.312,15.0,12.0,8250000.0,"Consumer, Non-cyclical",521.715,88.6232,NASDAQ GS,ACLX,1,0.2727772826159876,BofA Securities,1,30.15,13751.4,0.08,1.83,284.5,3.9,21988.737,101.1074,-0.0898109743898518,7,6,9,8
2022-02-10,Modular Medical Inc,15.0,6.0,-38.16666794,2500000.0,"Consumer, Non-cyclical",0.0,24.9212,NASDAQ CM,MODD,0,,Oppenheimer & Co,0,30.15,13751.4,0.08,1.83,284.5,3.9,21988.737,101.1074,-0.0898109743898518,6,5,9,8
2022-02-11,Arena Group Holdings Inc/The,34.4982,8.25,0.0,1530000.0,Communications,143.012,8.99918,NYSEAmerican,AREN,0,0.2412259111123542,B Riley Financial Inc,0,30.15,13751.4,0.08,1.83,284.5,3.9,21988.737,101.1074,-0.0898109743898518,6,8,9,8
2022-02-11,Vivakor Inc,8.0,5.0,74.0017395,1600000.0,Industrial,74.0585,0.0673605,OTC US,VIVKD,1,0.1080227117751507,EF Hutton,0,30.15,13751.4,0.08,1.83,284.5,3.9,21988.737,101.1074,-0.0898109743898518,5,6,8,7
2022-02-17,Onconetix Inc,19.9998,9.0,537.777771,2220000.0,"Consumer, Non-cyclical",99.4374,15.2577,NASDAQ CM,ONCO,1,0.2011295548757308,Boustead Securities LLC,0,30.15,13751.4,0.08,1.83,284.5,3.9,21988.737,101.1074,-0.0898109743898518,5,6,7,6
2022-02-28,Valuence Merger Corp I,220.1,10.0,0.0,20000000.0,Diversified,220.1,12.5016,OTC US,VMCUF,0,1.0,SVB Financial Group,0,30.15,13751.4,0.08,1.83,284.5,3.9,21988.737,101.1074,-0.0898109743898518,7,6,8,7
2022-03-16,Goldenstone Acquisition Ltd,57.5,10.0,0.100000002,5000000.0,Diversified,0.0,6.51637,OTC US,GDSTU,1,,Maxim Group LLC,0,20.56,14220.52,0.2,2.32,287.674,3.7,21988.737,101.8388,-0.0343036598623022,7,6,8,7
2022-03-24,AN2 Therapeutics Inc,69.0,15.0,2.666666746,4600000.0,"Consumer, Non-cyclical",272.097,65.3022,NASDAQ GS,ANTX,1,0.2535860373322749,SVB Financial Group,0,20.56,14220.52,0.2,2.32,287.674,3.7,21988.737,101.8388,-0.0343036598623022,7,6,9,8
2022-03-31,Iveda Solutions Inc,8.0112,4.25,33.83529282,1890000.0,Industrial,49.1368,21.2566,NASDAQ CM,IVDA,1,0.1630387001188518,Maxim Group LLC,0,20.56,14220.52,0.2,2.32,287.674,3.7,21988.737,101.8388,-0.0343036598623022,2,6,9,7
2022-03-31,Metal Sky Star Acquisition Corp,115.0,10.0,0.0,10000000.0,Diversified,118.0,19.8648,OTC US,MSSUF,0,0.9745762711864406,Ladenburg Thalmann & Co,0,20.56,14220.52,0.2,2.32,287.674,3.7,21988.737,101.8388,-0.0343036598623022,7,6,8,7
2022-04-12,Excelerate Energy Inc,441.6,24.0,11.875,16000000.0,Energy,642.667,105.08,New York,EE,1,0.6871365730619434,,0,33.4,12334.64,0.33,2.89,288.561,3.7,21967.045,99.2231,0.0341143447212648,7,5,8,7
2022-04-25,Aimfinity Investment Corp I,80.5,10.0,-0.300000012,7000000.0,Diversified,85.0,80.201,OTC US,AIMUF,0,0.9470588235294116,US Tiger Securities Inc,0,33.4,12334.64,0.33,2.89,288.561,3.7,21967.045,99.2231,0.0341143447212648,6,5,7,6
2022-04-27,Tenon Medical Inc,16.0,5.0,350.0,3200000.0,"Consumer, Non-cyclical",56.184,5.03283,NASDAQ CM,TNON,1,0.2847785846504343,Valuable Capital Ltd,0,33.4,12334.64,0.33,2.89,288.561,3.7,21967.045,99.2231,0.0341143447212648,7,5,8,7
2022-05-05,CARTESIAN GROWTH CORP II,230.0,10.0,0.200000003,20000000.0,Diversified,230.0,11.7391,OTC US,REEUF,1,1.0,Cantor Fitzgerald,0,26.19,12081.39,0.33,2.85,288.561,3.7,21967.045,99.2231,-0.1326168100744558,7,6,5,6
2022-05-13,Actelis Networks Inc,16.85,4.0,-40.0,3750000.0,Communications,69.3812,11.2404,NASDAQ CM,ASNS,0,0.2428611785325131,Boustead Securities LLC,0,26.19,12081.39,0.33,2.85,288.561,3.7,21967.045,99.2231,-0.1326168100744558,8,5,7,7
2022-06-07,Phoenix Motor Inc,15.75,7.5,-45.86666489,2100000.0,"Consumer, Cyclical",147.0,,OTC US,PEVM,0,0.1071428571428571,Prime Number Capital LLC,0,28.71,11028.74,1.21,2.98,294.957,3.6,21967.045,102.1331,-0.0205316085430948,6,7,8,7
2022-06-15,AiRWA Inc,4.0,4.0,-50.75,1000000.0,Technology,50.6528,2.64862,NASDAQ CM,YYAI,0,0.0789689809842693,Spartan Capital Securities LLC,0,28.71,11028.74,1.21,2.98,294.957,3.6,21967.045,102.1331,-0.0205316085430948,9,4,5,7
2022-06-27,Ivanhoe Electric Inc / US,169.059,11.75,-8.08510685,14400000.0,Basic Materials,1091.43,73.9261,NYSEAmerican,IE,0,0.1548967867843105,Jefferies,1,28.71,11028.74,1.21,2.98,294.957,3.6,21967.045,102.1331,-0.0205316085430948,5,6,8,7
2022-07-13,VWF Bancorp Inc,19.229,10.0,29.0,1920000.0,Financial,0.0,13.036,OTC US,VWFB,1,,Performance Trust Capital Partners LLC,0,21.33,12390.69,1.68,2.67,294.913,3.5,22125.625,101.4776,-0.0871298749564412,7,5,6,6
2022-07-27,MAIA Biotechnology Inc,10.0,5.0,-10.80000019,2000000.0,"Consumer, Non-cyclical",53.1795,8.8209,NYSEAmerican,MAIA,0,0.1880423847535234,ThinkEquity LLC,0,21.33,12390.69,1.68,2.67,294.913,3.5,22125.625,101.4776,-0.0871298749564412,8,7,3,6
2022-07-27,ECB Bancorp Inc/MD,89.152,10.0,40.90000153,8920000.0,Financial,0.0,39.5037,NASDAQ CM,ECBK,1,,Stifel,0,21.33,12390.69,1.68,2.67,294.913,3.5,22125.625,101.4776,-0.0871298749564412,7,5,6,6
2022-07-28,Mobile Global Esports Inc,6.9,4.0,179.75,1500000.0,Communications,74.1392,2.92724,OTC US,MGAM,1,0.0930681744610138,Westpark Capital Inc,0,21.33,12390.69,1.68,2.67,294.913,3.5,22125.625,101.4776,-0.0871298749564412,6,8,7,7
2022-08-09,Sui Group Holdings Ltd,5.0,4.0,8.0,1250000.0,Financial,24.2988,32.7402,NASDAQ CM,SUIG,1,0.2057714784269182,Alexander Capital LP,0,25.87,11816.2,2.33,3.15,295.097,3.6,22125.625,102.9905,0.1234909880911148,7,6,8,7
2022-08-10,Treasure Global Inc,9.2,4.0,345.5,2000000.0,Technology,64.0168,6.30994,NASDAQ CM,TGL,1,0.1437122755276739,EF Hutton,0,25.87,11816.2,2.33,3.15,295.097,3.6,22125.625,102.9905,0.1234909880911148,6,7,9,8
2022-08-11,Reborn Coffee Inc,7.2,5.0,-4.0,1440000.0,"Consumer, Non-cyclical",0.0,11.3843,NASDAQ CM,REBN,0,,EF Hutton,0,25.87,11816.2,2.33,3.15,295.097,3.6,22125.625,102.9905,0.1234909880911148,7,4,6,6
2022-09-13,LINKBANCORP Inc,38.259,7.5,26.79999924,4580000.0,Financial,112.047,35.9319,NASDAQ CM,LNKB,1,0.3414549251653324,Stephens Inc,0,31.62,10575.62,2.56,3.83,296.349,3.5,22125.625,101.3846,-0.0463646495877145,6,5,8,7
2022-09-14,Corebridge Financial Inc,1680.0,21.0,-1.285714269,80000000.0,Financial,13545.0,105.868,New York,CRBG,0,0.1240310077519379,BofA Securities,1,31.62,10575.62,2.56,3.83,296.349,3.5,22125.625,101.3846,-0.0463646495877145,7,6,8,7
2022-09-27,Silo Pharma Inc,5.75,5.0,2.0,1000000.0,"Consumer, Non-cyclical",15.6895,15.2932,NASDAQ CM,SILO,1,0.366487141081615,Laidlaw & Co UK Ltd,0,31.62,10575.62,2.56,3.83,296.349,3.5,22125.625,101.3846,-0.0463646495877145,5,6,7,6
2022-10-19,Prime Medicine Inc,199.264,17.0,-9.588234901,10300000.0,"Consumer, Non-cyclical",1627.41,62.0649,NASDAQ GM,PRME,0,0.1224424084895631,Goldman Sachs,1,25.88,10988.15,2.56,4.1,296.349,3.5,22125.625,101.3846,-0.1049897598212623,7,6,9,8
2022-11-14,Acrivon Therapeutics Inc,94.375,12.5,33.11999893,7550000.0,"Consumer, Non-cyclical",235.123,58.9263,NASDAQ GM,ACRV,1,0.4013856577195765,Jefferies,0,20.58,11468.0,3.78,3.68,298.786,3.6,22125.625,100.3301,0.0390076421051435,6,8,5,6
2022-11-17,Goldenwell Biotech Inc,0.08,0.0,,1600000.0,"Consumer, Non-cyclical",0.0,,OTC US,GWLL,0,,,0,20.58,11468.0,3.78,3.68,298.786,3.6,22125.625,100.3301,0.0390076421051435,2,8,9,8
2022-11-17,CoJax Oil and Gas Corp,12.0,0.0,,6000000.0,Energy,0.0,25.0328,OTC US,CJAX,0,,,0,20.58,11468.0,3.78,3.68,298.786,3.6,22125.625,100.3301,0.0390076421051435,6,8,9,8
2022-11-18,Crown ElectroKinetics Corp,9.4405,0.0,,12600000.0,Industrial,0.0,,OTC US,CRKN,0,,,0,20.58,11468.0,3.78,3.68,298.786,3.6,22125.625,100.3301,0.0390076421051435,2,8,9,8
2022-12-19,Lipella Pharmaceuticals Inc,7.0001,5.75,-18.08695602,1220000.0,"Consumer, Non-cyclical",32.7359,,OTC US,LIPO,0,0.2138355750109207,Spartan Capital Securities LLC,0,21.67,10466.48,4.1,3.88,298.832,3.5,22125.625,99.6085,0.0436697715265992,7,6,8,7
2022-12-21,Horizon Space Acquisition I Corp,69.0,10.0,0.699999988,6000000.0,Diversified,72.52,6.48042,OTC US,HSPUF,1,0.95146166574738,Network 1 Financial,0,21.67,10466.48,4.1,3.88,298.832,3.5,22125.625,99.6085,0.0436697715265992,7,6,8,7
2023-01-12,Skyward Specialty Insurance Group Inc,154.41,15.0,27.33333397,8950000.0,Financial,564.001,89.7967,NASDAQ GS,SKWD,1,0.2737761103260455,Stifel,1,19.4,11584.55,4.1,3.52,298.832,3.5,22125.625,99.6085,-0.087331705615626,4,3,2,3
2023-01-13,Israel Acquisitions Corp,146.625,10.2,-0.686272681,12500000.0,Diversified,154.02,124.177,OTC US,ISLUF,0,0.9519867549668872,BTIG LLC,0,19.4,11584.55,4.1,3.52,298.832,3.5,22125.625,99.6085,-0.087331705615626,6,5,7,6
2023-02-14,Gaxos.ai Inc,6.9998,4.15,-2.409640789,1690000.0,Technology,50.2316,8.76696,NASDAQ CM,GXAI,0,0.1393505283526704,Laidlaw & Co UK Ltd,0,20.7,11455.54,4.57,3.92,301.45,3.6,22125.625,100.9022,0.1068238796615481,5,7,9,8
2023-03-21,Mangoceuticals Inc,5.0,4.0,0.0,1250000.0,"Consumer, Cyclical",61.26,18.6195,NASDAQ CM,MGRX,0,0.0816193274567417,Boustead Securities LLC,0,18.7,12221.91,4.65,3.48,301.821,3.5,22125.625,101.373,-0.0111363842359002,9,6,7,8
2023-03-23,Clean Energy Technologies Inc,3.9,4.0,13.0,975000.0,Energy,152.6,39.0927,NASDAQ CM,CETY,1,0.0255570117955439,Ninth Eternity Securities LLC,0,18.7,12221.91,4.65,3.48,301.821,3.5,22125.625,101.373,-0.0111363842359002,6,8,9,8
2023-04-27,Interactive Strength Inc,12.0,8.0,-17.375,1500000.0,Technology,114.617,0.57198,NASDAQ CM,TRNR,0,0.1046965109887713,Aegis Capital Corp,0,15.78,12226.58,4.65,3.44,301.821,3.5,22125.625,101.373,0.066899508883911,7,5,9,8
2023-05-03,Kenvue Inc,4372.17,22.0,22.27272797,173000000.0,"Consumer, Non-cyclical",0.0,97.2351,New York,KVUE,1,,BNP Paribas,1,17.94,12935.29,5.06,3.64,303.334,3.6,22125.625,99.6617,0.0003821006700261,5,4,7,6
2023-05-04,Alchemy Investments Acquisition Corp 1,115.0,10.0,1.100000024,,Diversified,115.0,5.78425,NASDAQ CM,ALCYU,1,1.0,Cantor Fitzgerald,0,17.94,12935.29,5.06,3.64,303.334,3.6,22125.625,99.6617,0.0003821006700261,7,6,8,7
2023-05-16,CaliberCos Inc,4.8,4.0,50.0,1200000.0,Financial,52.802,3.34974,NASDAQ CM,CWD,1,0.0909056475133517,Spartan Capital Securities LLC,0,17.94,12935.29,5.06,3.64,303.334,3.6,22125.625,99.6617,0.0003821006700261,5,6,8,7
2023-06-14,Cava Group Inc,365.444,22.0,99.0,14400000.0,"Consumer, Cyclical",2498.14,107.514,New York,CAVA,1,0.1462864371092092,Citi,1,13.59,13787.92,5.08,3.81,304.014,3.6,22125.625,101.2773,0.0579646965872713,5,6,7,6
2023-06-27,GEN Restaurant Group Inc,49.68,12.0,27.83333397,3600000.0,"Consumer, Cyclical",49.68,24.0207,NASDAQ GM,GENK,1,1.0,Roth Capital Partners Inc,0,13.59,13787.92,5.08,3.81,304.014,3.6,22125.625,101.2773,0.0579646965872713,7,6,8,7
2023-06-28,Kodiak Gas Services Inc,294.4,16.0,-1.875,16000000.0,Energy,1200.0,101.411,New York,KGS,0,0.2453333333333333,Barclays,1,13.59,13787.92,5.08,3.81,304.014,3.6,22125.625,101.2773,0.0579646965872713,8,3,4,5
2023-06-28,Savers Value Village Inc,401.251,18.0,27.27777863,22300000.0,"Consumer, Cyclical",2888.15,110.068,New York,SVV,1,0.1389301109706905,UBS,1,13.59,13787.92,5.08,3.81,304.014,3.6,22125.625,101.2773,0.0579646965872713,7,5,6,6
2023-06-29,Intensity Therapeutics Inc,22.425,5.0,19.20000076,3900000.0,"Consumer, Non-cyclical",65.7445,9.29973,NASDAQ CM,INTS,1,0.3410931712918951,Freedom Capital Markets,0,13.59,13787.92,5.08,3.81,304.014,3.6,22125.625,101.2773,0.0579646965872713,6,5,8,7
2023-06-29,Alliance Entertainment Holding,4.005,3.0,10.0,1340000.0,"Consumer, Cyclical",152.499,2.31669,NASDAQ CM,AENT,1,0.0262624672948675,ThinkEquity LLC,0,13.59,13787.92,5.08,3.81,304.014,3.6,22125.625,101.2773,0.0579646965872713,1,8,6,6
2023-07-13,Sagimet Biosciences Inc,96.4288,16.0,-0.3125,5310000.0,"Consumer, Non-cyclical",341.786,52.9701,NASDAQ GM,SGMT,0,0.2821320943514362,Goldman Sachs,1,13.63,14346.02,5.08,3.97,304.014,3.6,22125.625,101.2773,0.0659150278037832,8,5,4,6
2023-07-13,Apogee Therapeutics Inc,345.057,17.0,24.88235283,17700000.0,"Consumer, Non-cyclical",0.0,128.864,NASDAQ GM,APGE,1,,TD Securities,0,13.63,14346.02,5.08,3.97,304.014,3.6,22125.625,101.2773,0.0659150278037832,2,5,7,6
2023-07-24,Keen Vision Acquisition Corp,149.5,10.0,0.800000012,13000000.0,Diversified,0.0,0.0254259,NASDAQ GM,KVACU,1,,Arcadia Securities LLC,0,13.63,14346.02,5.08,3.97,304.014,3.6,22125.625,101.2773,0.0659150278037832,6,5,8,7
2023-07-24,DeFi Development Corp,5.65,4.0,-4.5,1410000.0,Technology,39.9748,24.3377,NASDAQ CM,DFDV,0,0.1413390435974664,Spartan Capital Securities LLC,0,13.63,14346.02,5.08,3.97,304.014,3.6,22125.625,101.2773,0.0659150278037832,7,6,8,7
2023-07-31,Cheetah Net Supply Chain Service Inc,5.0,4.0,72.5,1250000.0,"Consumer, Cyclical",71.664,0.321958,NASDAQ CM,CTNT,1,0.0697700379549006,Maxim Group LLC,0,13.63,14346.02,5.08,3.97,304.014,3.6,22125.625,101.2773,0.0659150278037832,6,8,7,7
2023-07-31,BV Financial Inc,97.99,10.0,2.400000095,9800000.0,Financial,0.0,63.1129,NASDAQ CM,BVFL,1,,Performance Trust Capital Partners LLC,0,13.63,14346.02,5.08,3.97,304.014,3.6,22125.625,101.2773,0.0659150278037832,7,5,6,6
2023-08-02,Mira Pharmaceuticals Inc,8.925,7.0,6.0,1280000.0,"Consumer, Non-cyclical",103.216,5.86476,NASDAQ CM,MIRA,1,0.0864691520694466,Kingswood Capital Partners LLC,0,13.57,14034.97,5.33,4.09,306.082,3.7,22125.625,103.0943,0.0404774614300054,2,5,9,7
2023-08-09,Neuraxis Inc,6.5916,6.0,0.0,1100000.0,"Consumer, Non-cyclical",36.6606,24.8044,NYSEAmerican,NRXS,0,0.1798006579270388,Alexander Capital LP,0,13.57,14034.97,5.33,4.09,306.082,3.7,22125.625,103.0943,0.0404774614300054,8,7,8,8
2023-08-15,Tron Inc,6.25,5.0,-0.400000006,1250000.0,"Consumer, Cyclical",47.25,1.84182,NASDAQ CM,TRON,0,0.1322751322751322,,0,13.57,14034.97,5.33,4.09,306.082,3.7,22125.625,103.0943,0.0404774614300054,7,5,6,6
2023-08-30,Inspire Veterinary Partners Inc,6.4,4.0,-23.25,1600000.0,"Consumer, Non-cyclical",24.2488,0.748585,OTC US,IVPR,0,0.2639305862558147,Spartan Capital Securities LLC,0,13.57,14034.97,5.33,4.09,306.082,3.7,22125.625,103.0943,0.0404774614300054,8,6,9,8
2023-09-20,MDB Capital Holdings LLC,20.0004,12.0,4.166666508,1670000.0,Financial,0.0,3.37448,NASDAQ CM,MDBH,1,,,0,17.52,13219.32,5.33,4.59,307.276,3.7,22125.625,101.2247,-0.0216819717245619,8,1,5,6
2023-09-20,SR Bancorp Inc,90.552,10.0,-7.199999809,9060000.0,Financial,0.0,40.2565,NASDAQ CM,SRBK,0,,Stifel,0,17.52,13219.32,5.33,4.59,307.276,3.7,22125.625,101.2247,-0.0216819717245619,6,5,7,6
2023-09-29,Syra Health Corp,6.6619,4.125,-27.27272797,1620000.0,"Consumer, Non-cyclical",21.2112,,OTC US,SYRA,0,0.314074639812929,Kingswood Capital Partners LLC,0,17.52,13219.32,5.33,4.59,307.276,3.7,22125.625,101.2247,-0.0216819717245619,5,6,8,7
2023-10-05,Maison Solutions Inc,10.0,4.0,124.0,2500000.0,"Consumer, Non-cyclical",65.04,4.97923,NASDAQ CM,MSS,1,0.1537515375153751,Joseph Stone Capital LLC,0,18.14,12851.24,5.33,4.88,307.276,3.7,22125.625,101.2247,-0.0581155499441751,4,5,7,6
2023-10-05,Quetta Acquisition Corp,69.0,10.0,0.899999976,6000000.0,Diversified,69.0,22.047,NASDAQ GM,QETAU,1,1.0,Lehman Brothers,0,18.14,12851.24,5.33,4.88,307.276,3.7,22125.625,101.2247,-0.0581155499441751,7,8,6,7
2023-10-18,Northann Corp,6.0,5.0,-8.0,1200000.0,Industrial,115.0,26.0888,NYSEAmerican,NCL,0,0.0521739130434782,Prime Number Capital LLC,0,18.14,12851.24,5.33,4.88,307.276,3.7,22125.625,101.2247,-0.0581155499441751,8,6,7,7
2023-10-20,Central Plains Bancshares Inc,41.308,10.0,-9.0,4130000.0,Financial,41.308,38.9961,NASDAQ CM,CPBI,0,1.0,Stifel,0,18.14,12851.24,5.33,4.88,307.276,3.7,22125.625,101.2247,-0.0581155499441751,6,2,3,4
2023-11-02,Lexeo Therapeutics Inc,99.9999,11.0,-8.636363983,9090000.0,"Consumer, Non-cyclical",276.862,116.894,NASDAQ GM,LXEO,0,0.3611904125521017,JP Morgan,1,12.92,14226.22,5.33,4.37,308.148,3.7,22125.625,100.0255,-0.0278440948551059,8,6,9,8
2023-11-08,Agriculture & Natural Solutions Acquisition Corp,300.0,10.0,0.5,30000000.0,Diversified,0.0,14.6302,NASDAQ GM,ANSCU,1,,Citi,1,12.92,14226.22,5.33,4.37,308.148,3.7,22125.625,100.0255,-0.0278440948551059,6,4,8,6
2023-11-13,Shimmick Corp,25.025,7.0,-8.571428299,3580000.0,Industrial,178.451,61.4568,NASDAQ CM,SHIM,0,0.1402345741968383,Roth Capital Partners Inc,0,12.92,14226.22,5.33,4.37,308.148,3.7,22125.625,100.0255,-0.0278440948551059,7,6,6,6
2023-11-17,Richtech Robotics Inc,10.713,5.0,5.0,2100000.0,Industrial,99.278,31.0455,NASDAQ CM,RR,1,0.1079091037289228,RF Lafferty & Co,0,12.92,14226.22,5.33,4.37,308.148,3.7,22125.625,100.0255,-0.0278440948551059,5,6,7,6
2023-12-01,Aimei Health Technology Co Ltd,69.0,10.0,1.5,6000000.0,Diversified,87.65,34.2022,NASDAQ GM,AFJKU,1,0.7872219053051911,Spartan Capital Securities LLC,0,12.45,15011.35,5.33,3.88,308.741,3.8,22125.625,100.1358,0.1069920101095303,6,5,7,6
2023-12-05,Inno Holdings Inc,10.0,4.0,246.75,2500000.0,Basic Materials,83.0068,2.19746,NASDAQ CM,INHD,1,0.1204720577109345,AC Sunshine Securities LLC,0,12.45,15011.35,5.33,3.88,308.741,3.8,22125.625,100.1358,0.1069920101095303,2,6,8,6
2024-01-25,ArriVent Biopharma Inc,201.249,18.0,11.11111069,9720000.0,"Consumer, Non-cyclical",576.47,92.6505,NASDAQ GM,AVBP,1,0.3491057643936371,Citi,1,14.35,15164.01,5.33,3.99,309.698,3.7,23082.119,99.5004,0.0551889398589366,9,5,7,8
2024-01-26,Autonomix Medical Inc,11.171,5.0,1.399999976,2230000.0,"Consumer, Non-cyclical",0.0,3.35386,NASDAQ CM,AMIX,1,,RF Lafferty & Co,0,14.35,15164.01,5.33,3.99,309.698,3.7,23082.119,99.5004,0.0551889398589366,6,4,7,6
2024-02-08,Telomir Pharmaceuticals Inc,7.0,7.0,-28.5714283,1000000.0,"Consumer, Non-cyclical",207.269,7.20832,NASDAQ CM,TELO,0,0.0337725371377292,Kingswood Capital Partners LLC,0,13.4,16091.92,5.33,4.25,310.967,3.9,23082.119,100.352,0.0101696383070144,7,6,8,7
2024-02-08,Metagenomi Therapeutics Inc,93.75,15.0,-31.26666641,6250000.0,"Consumer, Non-cyclical",562.915,28.0139,NASDAQ GS,MGX,0,0.1665437943561639,BMO Capital Markets,1,13.4,16091.92,5.33,4.25,310.967,3.9,23082.119,100.352,0.0101696383070144,7,6,8,7
2024-02-16,Pelthos Therapeutics Inc,6.6,6.0,-20.0,1100000.0,"Consumer, Non-cyclical",33.5046,30.2094,NYSEAmerican,PTHS,0,0.1969878762916136,AGP / Alliance Global Partners Corp,0,13.4,16091.92,5.33,4.25,310.967,3.9,23082.119,100.352,0.0101696383070144,7,5,9,8
2024-02-26,SolarMax Technology Inc,20.16,4.0,100.0,4500000.0,Energy,180.161,2.60041,NASDAQ CM,SMXT,1,0.1118999117456053,Kingswood Capital Partners LLC,0,13.4,16091.92,5.33,4.25,310.967,3.9,23082.119,100.352,0.0101696383070144,9,6,7,8
2024-03-21,Black Hawk Acquisition Corp,69.0,10.0,1.5,6900000.0,Diversified,0.0,56.6334,NASDAQ GM,BKHAU,1,,EF Hutton,0,13.01,16379.46,5.33,4.2,312.345,3.9,23082.119,100.3015,0.0611915977370101,8,6,7,7
2024-04-04,Contineum Therapeutics Inc,118.768,16.0,-3.75,6880000.0,"Consumer, Non-cyclical",383.128,93.4241,NASDAQ GS,CTNM,0,0.3099956150424923,Morgan Stanley,1,15.65,15657.82,5.33,4.69,313.023,3.9,23286.508,98.9341,0.0178685949221719,7,6,6,6
2024-04-10,PACS Group Inc,517.501,21.0,9.523809433,21400000.0,"Consumer, Non-cyclical",3153.19,29.8915,New York,PACS,1,0.1641198278568687,Goldman Sachs,1,15.65,15657.82,5.33,4.69,313.023,3.9,23286.508,98.9341,0.0178685949221719,8,7,8,8
2024-04-17,Ibotta Inc,663.942,88.0,17.32954597,6560000.0,Technology,2395.49,92.7129,New York,IBTA,1,0.2771633361024258,BofA Securities,1,15.65,15657.82,5.33,4.69,313.023,3.9,23286.508,98.9341,0.0178685949221719,3,4,6,5
2024-04-17,Serve Robotics Inc,40.0,4.0,32.5,10000000.0,Communications,0.0,44.1943,NASDAQ CM,SERV,1,,Aegis Capital Corp,0,15.65,15657.82,5.33,4.69,313.023,3.9,23286.508,98.9341,0.0178685949221719,5,7,9,8
2024-04-26,Cleancore Solutions Inc,5.0,4.0,-12.5,1250000.0,"Consumer, Cyclical",27.2536,35.1315,NYSEAmerican,ZONE,0,0.1834620013502803,Boustead Securities LLC,0,15.65,15657.82,5.33,4.69,313.023,3.9,23286.508,98.9341,0.0178685949221719,7,5,6,6
2024-05-02,Churchill Capital Corp IX,287.5,10.0,0.699999988,25000000.0,Diversified,294.0,13.0035,NASDAQ GM,CCIXU,1,0.9778911564625852,Citi,1,12.92,16735.02,5.33,4.51,313.175,3.9,23286.508,99.4906,-0.0440576185051276,6,7,8,7
2024-05-07,NANO Nuclear Energy Inc,11.784,4.0,29.75,2560000.0,Industrial,117.564,48.914,NASDAQ CM,NNE,1,0.1002347657446157,Benchmark Co Inc/The,0,12.92,16735.02,5.33,4.51,313.175,3.9,23286.508,99.4906,-0.0440576185051276,5,6,9,7
2024-05-08,Proficient Auto Logistics Inc,236.52,15.0,-1.666666627,14300000.0,Industrial,383.22,78.4006,NASDAQ GS,PAL,0,0.6171911695631752,Raymond James & Associates,0,12.92,16735.02,5.33,4.51,313.175,3.9,23286.508,99.4906,-0.0440576185051276,5,6,7,6
2024-05-08,Silvaco Group Inc,114.0,19.0,4.210526466,6000000.0,Technology,542.368,28.6537,NASDAQ GS,SVCO,1,0.2101893917045253,TD Securities,0,12.92,16735.02,5.33,4.51,313.175,3.9,23286.508,99.4906,-0.0440576185051276,7,6,5,6
2024-05-09,GP-Act III Acquisition Corp,287.5,10.0,0.899999976,25000000.0,Diversified,250.0,15.1956,NASDAQ GM,GPATU,1,1.15,Cantor Fitzgerald,0,12.92,16735.02,5.33,4.51,313.175,3.9,23286.508,99.4906,-0.0440576185051276,7,6,8,7
2024-06-06,Rapport Therapeutics Inc,156.4,17.0,22.35294151,8000000.0,"Consumer, Non-cyclical",621.792,102.927,NASDAQ GM,RAPP,1,0.2515310586176728,Jefferies,1,12.44,17732.6,5.33,4.36,313.175,3.9,23286.508,99.4906,0.068796294758785,6,5,7,6
2024-06-06,Waystar Holding Corp,967.5,21.5,-3.720930338,45000000.0,Technology,3583.19,114.045,NASDAQ GS,WAY,0,0.2700108004320172,Barclays,1,12.44,17732.6,5.33,4.36,313.175,3.9,23286.508,99.4906,0.068796294758785,6,5,7,6
2024-06-12,Perceptive Capital Solutions Corp,86.25,10.0,0.5,7500000.0,Diversified,107.75,97.7439,NASDAQ GM,PCSC,1,0.8004640371229699,Jefferies,0,12.44,17732.6,5.33,4.36,313.175,3.9,23286.508,99.4906,0.068796294758785,7,5,8,7
2024-06-18,Flag Ship Acquisition Corp,60.0,10.0,0.0,6000000.0,Diversified,63.1,0.11302,NASDAQ GM,FSHPU,0,0.9508716323296356,Lucid Management & Capital Partners LP,0,12.44,17732.6,5.33,4.36,313.175,3.9,23286.508,99.4906,0.068796294758785,8,4,3,5
2024-06-26,Webtoon Entertainment Inc,343.802,21.0,9.523809433,15000000.0,"Consumer, Cyclical",2697.25,16.5153,NASDAQ GS,WBTN,1,0.1274638984150523,Deutsche Bank,1,12.44,17732.6,5.33,4.36,313.175,3.9,23286.508,99.4906,0.068796294758785,7,3,4,5
2024-06-27,Lakeside Holding Ltd,6.75,4.5,-10.88888931,1500000.0,Industrial,33.75,3.45397,NASDAQ CM,LSH,0,0.2,Axiom Capital Management Inc,0,12.44,17732.6,5.33,4.36,313.175,3.9,23286.508,99.4906,0.068796294758785,7,8,6,7
2024-06-27,Alumis Inc,210.0,16.0,-16.875,13100000.0,"Consumer, Non-cyclical",901.915,80.3198,NASDAQ GS,ALMS,0,0.2328379060110986,Cantor Fitzgerald,1,12.44,17732.6,5.33,4.36,313.175,3.9,23286.508,99.4906,0.068796294758785,8,9,7,8
2024-06-27,Landbridge Co LLC,283.475,17.0,36.17647171,14500000.0,Energy,246.5,94.2599,New York,LB,1,1.15,Barclays,1,12.44,17732.6,5.33,4.36,313.175,3.9,23286.508,99.4906,0.068796294758785,9,3,6,6
2024-07-24,Concentra Group Holdings Parent Inc,528.75,23.5,-4.340425491,22500000.0,"Consumer, Non-cyclical",2974.94,93.2705,New York,CON,0,0.1777346770018891,BofA Securities,1,16.36,17599.4,5.33,4.09,313.569,4.2,23478.57,100.5064,0.0596103261304736,7,5,6,6
2024-07-24,DT Cloud Star Acquisition Corp,69.0,10.0,0.300000012,6000000.0,Diversified,70.93,21.9907,NASDAQ GM,DTSQU,1,0.9727900747215564,AGP / Alliance Global Partners Corp,0,16.36,17599.4,5.33,4.09,313.569,4.2,23478.57,100.5064,0.0596103261304736,7,6,8,7
2024-07-31,Fifth District Bancorp Inc,54.595,10.0,2.5,5460000.0,Financial,0.0,31.8553,NASDAQ CM,FDSB,1,,Performance Trust Capital Partners LLC,0,16.36,17599.4,5.33,4.09,313.569,4.2,23478.57,100.5064,0.0596103261304736,7,5,6,6
2024-08-12,Actuate Therapeutics Inc,22.4,8.0,7.625,2800000.0,"Consumer, Non-cyclical",153.327,65.7553,NASDAQ GM,ACTU,1,0.1460929907974459,Titan Partners Group,0,15.0,17713.62,5.33,3.91,314.062,4.2,23478.57,102.7566,-0.0075115888251016,8,6,9,8
2024-08-28,Safe Pro Group Inc,5.1,5.0,-14.60000038,1020000.0,Technology,69.301,17.974,NASDAQ CM,SPAI,0,0.0735920116592834,Dawson James Securities,0,15.0,17713.62,5.33,3.91,314.062,4.2,23478.57,102.7566,-0.0075115888251016,7,6,8,7
2024-08-29,GigCapital7 Corp,200.0,10.0,-0.600000024,20000000.0,Diversified,250.0,22.9394,NASDAQ GM,GIGGU,0,0.8,EF Hutton,0,15.0,17713.62,5.33,3.91,314.062,4.2,23478.57,102.7566,-0.0075115888251016,7,6,8,7
2024-09-12,Bicara Therapeutics Inc,362.25,18.0,30.05555534,17500000.0,"Consumer, Non-cyclical",881.403,86.9333,NASDAQ GM,BCAX,1,0.4109924744980446,Cantor Fitzgerald,1,16.73,18189.17,5.33,3.81,314.062,4.2,23478.57,102.7566,0.0064899939770672,9,4,3,6
2024-09-12,MBX Biosciences Inc,187.68,16.0,47.8125,10200000.0,"Consumer, Non-cyclical",509.659,106.601,NASDAQ GS,MBX,1,0.3682462195310982,Guggenheim Capital,1,16.73,18189.17,5.33,3.81,314.062,4.2,23478.57,102.7566,0.0064899939770672,5,6,7,6
2024-09-16,Healthy Choice Wellness Corp,4.0,10.0,-47.59999847,400000.0,"Consumer, Cyclical",98.0,2.58728,NYSEAmerican,HCWC,0,0.0408163265306122,Maxim Group LLC,0,16.73,18189.17,5.33,3.81,314.062,4.2,23478.57,102.7566,0.0064899939770672,6,8,7,7
2024-09-19,Cayson Acquisition Corp,60.0,10.0,0.0,6000000.0,Diversified,62.3,0.20977,NASDAQ GM,CAPNU,0,0.9630818619582664,EarlyBirdCapital.com,0,16.73,18189.17,5.33,3.81,314.062,4.2,23478.57,102.7566,0.0064899939770672,8,3,6,6
2024-09-25,Guardian Pharmacy Services,128.8,14.0,14.28571415,8000000.0,"Consumer, Non-cyclical",0.0,98.7089,New York,GRDN,1,,Stephens Inc,0,16.73,18189.17,5.33,3.81,314.062,4.2,23478.57,102.7566,0.0064899939770672,7,5,6,6
2024-09-25,BioAge Labs Inc,227.7,18.0,1.722222209,11000000.0,"Consumer, Non-cyclical",615.009,65.5044,NASDAQ GS,BIOA,1,0.3702384843148636,Citi,1,16.73,18189.17,5.33,3.81,314.062,4.2,23478.57,102.7566,0.0064899939770672,9,3,6,6
2024-09-25,BKV Corp,270.0,18.0,0.0,15000000.0,Energy,1514.26,31.2495,New York,BKV,0,0.1783049146117575,Barclays,1,16.73,18189.17,5.33,3.81,314.062,4.2,23478.57,102.7566,0.0064899939770672,5,7,8,7
2024-09-26,Legacy Education Inc,11.5,4.0,0.5,2500000.0,"Consumer, Non-cyclical",48.9686,55.9918,NYSEAmerican,LGCY,1,0.2348443696572905,Northland Securities Group LLC,0,16.73,18189.17,5.33,3.81,314.062,4.2,23478.57,102.7566,0.0064899939770672,9,3,6,7
2024-10-03,Chain Bridge Bancorp Inc,40.7,22.0,-3.636363745,1850000.0,Financial,81.4,66.9976,New York,CBNA,0,0.5,Hovde Group LLC,0,23.16,18095.15,4.83,4.28,315.631,4.1,23586.542,99.0307,0.0268465734276788,6,5,7,6
2024-10-10,Upstream Bio Inc,293.25,17.0,29.41176414,15000000.0,"Consumer, Non-cyclical",872.809,110.549,NASDAQ GS,UPB,1,0.3359841614832111,TD Securities,1,23.16,18095.15,4.83,4.28,315.631,4.1,23586.542,99.0307,0.0268465734276788,5,6,8,7
2024-10-22,FB Bancorp Inc,198.375,10.0,18.60000038,19800000.0,Financial,0.0,56.323,NASDAQ CM,FBLA,1,,Performance Trust Capital Partners LLC,0,23.16,18095.15,4.83,4.28,315.631,4.1,23586.542,99.0307,0.0268465734276788,7,5,6,6
2024-10-22,Synergy CHC Corp,10.35,9.0,0.0,1000000.0,"Consumer, Non-cyclical",78.3335,47.0041,NASDAQ CM,SNYR,0,0.1321273784523862,Roth Capital Partners Inc,0,23.16,18095.15,4.83,4.28,315.631,4.1,23586.542,99.0307,0.0268465734276788,6,8,7,7
2024-10-22,Monroe Federal Bancorp Inc,5.2644,10.0,13.5,526438.0,Financial,0.0,6.80624,OTC US,MFBI,1,,Performance Trust Capital Partners LLC,0,23.16,18095.15,4.83,4.28,315.631,4.1,23586.542,99.0307,0.0268465734276788,6,2,4,4
2024-10-22,High Roller Technologies Inc,10.0,8.0,-2.625,1250000.0,Technology,66.1301,1.2127,NYSEAmerican,ROLR,0,0.151217070592665,ThinkEquity LLC,0,23.16,18095.15,4.83,4.28,315.631,4.1,23586.542,99.0307,0.0268465734276788,5,8,7,7
2024-10-23,Oaktree Acquisition Corp III Life Sciences,175.0,10.0,0.0,17500000.0,Diversified,175.0,18.7858,NASDAQ GM,OACCU,0,1.0,Citi,1,23.16,18095.15,4.83,4.28,315.631,4.1,23586.542,99.0307,0.0268465734276788,7,5,8,7
2024-10-23,Bold Eagle Acquisition Corp,250.0,10.0,0.0,25000000.0,Diversified,250.0,14.6471,NASDAQ GM,BEAGU,0,1.0,Jefferies,0,23.16,18095.15,4.83,4.28,315.631,4.1,23586.542,99.0307,0.0268465734276788,6,5,7,6
2024-10-23,Ingram Micro Holding Corp,470.58,22.0,11.81818199,18600000.0,Industrial,5180.67,97.8706,New York,INGM,1,0.0908338110707688,BofA Securities,1,23.16,18095.15,4.83,4.28,315.631,4.1,23586.542,99.0307,0.0268465734276788,9,4,8,8
2024-10-24,Charlton Aria Acquisition Corp,75.0,10.0,-0.449999988,7500000.0,Diversified,77.4,12.3518,NASDAQ GM,CHARU,0,0.9689922480620154,Clear Street LLC,0,23.16,18095.15,4.83,4.28,315.631,4.1,23586.542,99.0307,0.0268465734276788,6,7,5,6
2024-10-24,Septerna Inc,331.2,18.0,18.88888931,16000000.0,"Consumer, Non-cyclical",756.05,91.2991,NASDAQ GM,SEPN,1,0.4380662654586337,Cantor Fitzgerald,1,23.16,18095.15,4.83,4.28,315.631,4.1,23586.542,99.0307,0.0268465734276788,8,6,4,6
2024-11-11,eXoZymes Inc,15.0,8.0,8.125,1880000.0,"Consumer, Non-cyclical",130.038,47.3383,NASDAQ CM,EXOZ,1,0.115350897429982,MDB Capital Group LLC,0,13.51,19218.17,4.64,4.18,316.528,4.2,23586.542,98.3695,-0.0051690099108423,7,6,9,8
2024-11-14,HORIZON SPACE ACQUISITION II Corp,60.0,10.0,-0.100000002,6000000.0,Diversified,62.0,40.131,NASDAQ GM,HSPTU,0,0.967741935483871,Maxim Group LLC,0,13.51,19218.17,4.64,4.18,316.528,4.2,23586.542,98.3695,-0.0051690099108423,7,6,8,7
2024-11-20,Dynamix Corp,166.0,10.0,-0.400000006,15000000.0,Diversified,150.0,54.5965,NASDAQ GM,ETHMU,0,1.106666666666667,Seaport Group,0,13.51,19218.17,4.64,4.18,316.528,4.2,23586.542,98.3695,-0.0051690099108423,7,8,6,7
2024-11-20,CO2 Energy Transition Corp,69.0,10.0,-0.200000003,6000000.0,Diversified,69.0,18.4697,NASDAQ GM,NOEMU,0,1.0,Kingswood Capital Partners LLC,0,13.51,19218.17,4.64,4.18,316.528,4.2,23586.542,98.3695,-0.0051690099108423,6,5,9,8
2024-11-25,Fact II Acquisition Corp,175.0,10.0,-0.5,17500000.0,Diversified,181.631,11.621,NASDAQ GM,FACTU,0,0.9634919149264168,Seaport Group,0,13.51,19218.17,4.64,4.18,316.528,4.2,23586.542,98.3695,-0.0051690099108423,7,6,5,6
2024-11-26,Venu Holding Corp,13.8,10.0,1.200000048,1200000.0,"Consumer, Cyclical",372.732,11.8357,NYSEAmerican,VENU,1,0.0370239206722256,ThinkEquity LLC,0,13.51,19218.17,4.64,4.18,316.528,4.2,23586.542,98.3695,-0.0051690099108423,5,6,8,7
2024-12-02,Jupiter Neurosciences Inc,11.0,4.0,37.25,2750000.0,"Consumer, Non-cyclical",131.506,2.1107,NASDAQ CM,JUNS,1,0.0836463735494958,Dominari Securities LLC,0,17.35,19310.79,4.64,4.58,316.528,4.2,23586.542,98.3695,0.0620619337225718,9,7,6,8
2024-12-04,Zspace Inc,19.3649,5.0,340.0,3870000.0,Technology,112.841,7.661,NASDAQ CM,ZSPC,1,0.1716122685903173,Northland Securities Group LLC,0,17.35,19310.79,4.64,4.58,316.528,4.2,23586.542,98.3695,0.0620619337225718,1,1,8,5
2024-12-04,Pantages Capital Acquisition Corp,86.25,10.0,-0.100000002,7500000.0,Diversified,77.3019,8.78234,NASDAQ GM,PGACU,0,1.115755240168741,Kingswood Capital Partners LLC,0,17.35,19310.79,4.64,4.58,316.528,4.2,23586.542,98.3695,0.0620619337225718,7,6,5,6
2024-12-20,Health In Tech Inc,9.2,4.0,27.5,2300000.0,Technology,169.477,5.69745,NASDAQ CM,HIT,1,0.054284652194693,American Trust Investment Services Inc,0,17.35,19310.79,4.64,4.58,316.528,4.2,23586.542,98.3695,0.0620619337225718,4,6,5,5
2024-12-23,Translational Development Acquisition Corp,172.5,10.0,0.100000002,15000000.0,Diversified,188.25,12.217,NASDAQ GM,TDACU,1,0.9163346613545816,BTIG LLC,0,17.35,19310.79,4.64,4.58,316.528,4.2,23586.542,98.3695,0.0620619337225718,7,6,8,7
2025-01-06,Cantor Equity Partners I Inc,200.0,10.0,0.5,20000000.0,Diversified,205.0,108.88,NASDAQ GM,CEPO,1,0.975609756097561,Cantor Fitzgerald,0,16.43,19627.44,4.33,4.58,318.961,4.0,23548.21,100.6008,0.0048193974764507,5,4,8,6
2025-01-14,Plum Acquisition Corp IV,172.5,10.0,0.400000006,15000000.0,Diversified,0.0,1.23321,NASDAQ GM,PLMKU,1,,Seaport Group,0,16.43,19627.44,4.33,4.58,318.961,4.0,23548.21,100.6008,0.0048193974764507,6,5,8,7
2025-01-16,Hennessy Capital Investment Corp VII,175.0,10.0,-0.200000003,17500000.0,Diversified,175.0,31.6763,NASDAQ GM,HVIIU,0,1.0,Clear Street LLC,0,16.43,19627.44,4.33,4.58,318.961,4.0,23548.21,100.6008,0.0048193974764507,7,5,6,6
2025-01-21,Toppoint Holdings Inc,10.0,4.0,-6.25,2500000.0,Industrial,70.0,0.246259,NYSEAmerican,TOPP,0,0.1428571428571428,AGP / Alliance Global Partners Corp,0,16.43,19627.44,4.33,4.58,318.961,4.0,23548.21,100.6008,0.0048193974764507,7,8,5,7
2025-01-27,Drugs Made In America Acquisition Corp,230.0,10.0,0.0,20000000.0,Diversified,234.0,1.70972,NASDAQ GM,DMAAU,0,0.9829059829059827,Clear Street LLC,0,16.43,19627.44,4.33,4.58,318.961,4.0,23548.21,100.6008,0.0048193974764507,8,6,7,7
2025-01-28,FG Merger II Corp,80.0,10.0,-1.700000048,8000000.0,Diversified,82.958,2.41018,NASDAQ GM,FGMCU,0,0.9643434026856964,ThinkEquity LLC,0,16.43,19627.44,4.33,4.58,318.961,4.0,23548.21,100.6008,0.0048193974764507,6,8,7,7
2025-01-29,Beta Bionics Inc,234.6,17.0,39.0,12000000.0,"Consumer, Non-cyclical",728.609,112.638,NASDAQ GM,BBNX,1,0.3219833957582187,Leerink Partners LLC,1,16.43,19627.44,4.33,4.58,318.961,4.0,23548.21,100.6008,0.0048193974764507,7,6,5,6
2025-01-30,Maze Therapeutics Inc,140.0,16.0,-0.3125,8750000.0,"Consumer, Non-cyclical",685.232,110.796,NASDAQ GM,MAZE,0,0.2043103649566862,Guggenheim Capital,1,16.43,19627.44,4.33,4.58,318.961,4.0,23548.21,100.6008,0.0048193974764507,6,8,9,8
2025-01-30,Infinity Natural Resources Inc,304.75,20.0,5.349999905,13300000.0,Energy,304.75,94.4038,New York,INR,1,1.0,BofA Securities,1,16.43,19627.44,4.33,4.58,318.961,4.0,23548.21,100.6008,0.0048193974764507,2,5,7,5
2025-02-04,Callan Jmb Inc,5.77428,4.0,2.5,1280000.0,Industrial,25.7743,14.2012,NASDAQ CM,CJMB,1,0.2240324664491373,Alexander Capital LP,0,19.63,18847.28,4.33,4.24,318.961,4.0,23548.21,100.6008,0.0163975684060568,7,6,8,7
2025-02-06,Sionna Therapeutics Inc,219.176,18.0,38.88888931,10600000.0,"Consumer, Non-cyclical",733.608,105.257,NASDAQ GM,SION,1,0.2987644627648553,Guggenheim Capital,1,19.63,18847.28,4.33,4.24,318.961,4.0,23548.21,100.6008,0.0163975684060568,8,6,7,7
2025-02-10,Archimedes Tech SPAC Partners II Co,230.0,10.0,0.400000006,20000000.0,Diversified,230.0,26.3767,NASDAQ GM,ATIIU,1,1.0,,0,19.63,18847.28,4.33,4.24,318.961,4.0,23548.21,100.6008,0.0163975684060568,8,3,7,6
2025-02-11,Aureus Greenway Holdings Inc,15.0,4.0,-3.0,3750000.0,"Consumer, Cyclical",55.52,7.07467,NASDAQ CM,AGH,0,0.2701729106628242,Revere Securities Corp,0,19.63,18847.28,4.33,4.24,318.961,4.0,23548.21,100.6008,0.0163975684060568,6,7,8,7
2025-02-12,Aardvark Therapeutics Inc,97.9306,16.0,-10.5625,5890000.0,"Consumer, Non-cyclical",342.15,64.2199,NASDAQ GS,AARD,0,0.2862212479906474,BofA Securities,1,19.63,18847.28,4.33,4.24,318.961,4.0,23548.21,100.6008,0.0163975684060568,8,6,9,8
2025-03-05,Capstone Holding Corp,5.0,4.0,-2.5,2000000.0,"Consumer, Cyclical",20.761,36.1144,NASDAQ CM,CAPS,0,0.2408361832281682,Joseph Gunnar & Co,0,22.28,17299.29,4.33,4.23,318.961,4.0,23548.21,100.6008,-0.0397484338252976,5,4,8,7
2025-03-05,Advanced Biomed Inc,6.56,4.0,-8.75,1640000.0,"Consumer, Non-cyclical",86.56,10.2964,NASDAQ CM,ADVB,0,0.0757855822550831,Craft Capital Management LLC,0,22.28,17299.29,4.33,4.23,318.961,4.0,23548.21,100.6008,-0.0397484338252976,9,3,6,7
2025-03-05,Brag House Holdings Inc,6.785,4.0,7.5,1480000.0,Communications,42.0106,19.2302,NASDAQ CM,TBH,1,0.1615068577930332,Kingswood Capital Partners LLC,0,22.28,17299.29,4.33,4.23,318.961,4.0,23548.21,100.6008,-0.0397484338252976,7,6,8,7
2025-03-17,Quartzsea Acquisition Corp,82.8,10.0,0.300000012,7200000.0,Diversified,0.0,36.3225,NASDAQ GM,QSEAU,1,,Kingswood Capital Partners LLC,0,22.28,17299.29,4.33,4.23,318.961,4.0,23548.21,100.6008,-0.0397484338252976,7,5,6,6
2025-03-27,Aeluma Inc,16.7175,5.25,24.0,3180000.0,Technology,81.1262,22.8061,NASDAQ CM,ALMU,1,0.2060678301214651,Craig-Hallum Capital Group Ltd,0,22.28,17299.29,4.33,4.23,318.961,4.0,23548.21,100.6008,-0.0397484338252976,2,7,9,8
2025-03-28,Newsmax Inc,75.0,10.0,735.0999756,7500000.0,Communications,0.0,121.957,New York,NMAX,1,,Digital Offering LLC,0,22.28,17299.29,4.33,4.23,318.961,4.0,23548.21,100.6008,-0.0397484338252976,7,6,8,7
2025-03-31,UY Scuti Acquisition Corp,50.0,10.0,0.550000012,5000000.0,Diversified,52.275,9.22249,NASDAQ CM,UYSCU,1,0.9564801530368244,Maxim Group LLC,0,22.28,17299.29,4.33,4.23,318.961,4.0,23548.21,100.6008,-0.0397484338252976,7,6,9,8
2025-04-07,Fatpipe Inc/UT,4.0,5.75,126.0869598,695656.0,Technology,79.1614,66.9026,NASDAQ CM,FATN,1,0.0505296773427453,D Boral Capital LLC,0,24.7,17446.34,4.33,4.17,320.302,4.2,23770.976,99.3338,-0.0821333370120249,7,8,6,7
2025-04-08,Titan Acquisition Corp,276.0,10.0,-0.100000002,24000000.0,Diversified,276.0,2.53976,NASDAQ GM,TACHU,0,1.0,Cantor Fitzgerald,0,24.7,17446.34,4.33,4.17,320.302,4.2,23770.976,99.3338,-0.0821333370120249,6,8,7,7
2025-04-09,Aether Holdings Inc,8.901,4.3,33.72092438,1800000.0,Technology,50.8745,34.8177,NASDAQ CM,ATHR,1,0.1749599504663436,Axiom Capital Management Inc,0,24.7,17446.34,4.33,4.17,320.302,4.2,23770.976,99.3338,-0.0821333370120249,7,8,6,7
2025-04-21,Marathon Bancorp Inc,16.9341,10.0,-0.5,931500.0,Financial,0.0,35.034,NASDAQ CM,MBBC,0,,Janney Montgomery Scott LLC,0,24.7,17446.34,4.33,4.17,320.302,4.2,23770.976,99.3338,-0.0821333370120249,8,3,6,6
2025-04-29,Lakeshore Acquisition III Corp,69.0,10.0,0.300000012,6000000.0,Diversified,0.0,12.671,NASDAQ GM,LCCCU,1,,AGP / Alliance Global Partners Corp,0,24.7,17446.34,4.33,4.17,320.302,4.2,23770.976,99.3338,-0.0821333370120249,8,3,9,8
2025-05-01,Cantor Equity Partners II Inc,240.0,10.0,10.80000019,24000000.0,Diversified,245.8,87.7359,NASDAQ GM,CEPT,1,0.9764035801464604,Cantor Fitzgerald,0,18.57,19113.77,4.33,4.41,320.62,4.3,23770.976,99.5208,0.0085003488582477,5,4,8,6
2025-05-01,Winchester Bancorp Inc,39.9701,10.0,-7.0,4000000.0,Financial,0.0,64.3053,NASDAQ CM,WSBK,0,,Raymond James & Associates,0,18.57,19113.77,4.33,4.41,320.62,4.3,23770.976,99.5208,0.0085003488582477,8,5,7,7
2025-05-06,Dune Acquisition Corp II,143.75,10.0,0.100000002,12500000.0,Diversified,0.0,4.89299,NASDAQ GM,IPODU,1,,Clear Street LLC,0,18.57,19113.77,4.33,4.41,320.62,4.3,23770.976,99.5208,0.0085003488582477,7,6,8,7
2025-05-07,American Integrity Insurance Group Inc,126.5,16.0,5.625,6880000.0,Financial,313.309,59.7926,New York,AII,1,0.4037547596781451,Piper Sandler & Co,0,18.57,19113.77,4.33,4.41,320.62,4.3,23770.976,99.5208,0.0085003488582477,8,6,7,7
2025-05-14,Renatus Tactical Acquisition Corp I,241.5,10.0,11.89999962,21000000.0,Diversified,0.0,16.9732,NASDAQ GM,RTACU,1,,Clear Street LLC,0,18.57,19113.77,4.33,4.41,320.62,4.3,23770.976,99.5208,0.0085003488582477,7,6,8,7
2025-05-14,Thayer Ventures Acquisition Corp II,201.25,10.0,0.300000012,17500000.0,Diversified,0.0,11.0232,NASDAQ GM,TVAIU,1,,Stifel,0,18.57,19113.77,4.33,4.41,320.62,4.3,23770.976,99.5208,0.0085003488582477,6,5,7,6
2025-05-15,Wen Acquisition Corp,300.15,10.0,4.599999905,26100000.0,Diversified,300.15,4.90037,NASDAQ GM,WENNU,1,1.0,Cantor Fitzgerald,0,18.57,19113.77,4.33,4.41,320.62,4.3,23770.976,99.5208,0.0085003488582477,5,7,6,6
2025-05-20,Armada Acquisition Corp II,230.0,10.0,0.200000003,20000000.0,Diversified,236.5,36.6335,NASDAQ GM,XRPNU,1,0.9725158562367864,Northland Securities Group LLC,0,18.57,19113.77,4.33,4.41,320.62,4.3,23770.976,99.5208,0.0085003488582477,6,5,7,6
2025-05-27,ChampionsGate Acquisition Corp,74.75,10.0,0.25,6500000.0,Diversified,0.0,19.6055,NASDAQ GM,CHPGU,1,,Clear Street LLC,0,18.57,19113.77,4.33,4.41,320.62,4.3,23770.976,99.5208,0.0085003488582477,7,6,5,6
2025-06-04,BitMine Immersion Technologies,18.0,8.0,-3.125,2250000.0,Financial,49.2814,34.3605,NYSEAmerican,BMNR,0,0.3652493638573579,ThinkEquity LLC,0,16.73,20369.73,4.33,4.24,320.62,4.3,23770.976,99.5208,0.0955747738494148,7,6,8,7
2025-06-10,Voyager Space Holdings Inc,440.22,31.0,82.19355011,12300000.0,Industrial,1568.39,64.6006,New York,VOYG,1,0.2806827383495177,Barclays,1,16.73,20369.73,4.33,4.24,320.62,4.3,23770.976,99.5208,0.0955747738494148,7,8,6,7
2025-06-11,Chime Financial Inc,993.6,27.0,37.44444275,32000000.0,Technology,8970.46,86.095,NASDAQ GS,CHYM,1,0.1107635505871493,Barclays,1,16.73,20369.73,4.33,4.24,320.62,4.3,23770.976,99.5208,0.0955747738494148,7,6,5,6
2025-06-12,AIRO Group Holdings Inc,69.0,10.0,140.0,6000000.0,Industrial,249.033,31.8139,NASDAQ GM,AIRO,1,0.2770717133873824,Bancroft Capital LLC/PA,0,16.73,20369.73,4.33,4.24,320.62,4.3,23770.976,99.5208,0.0955747738494148,9,3,2,6
2025-06-17,Pioneer Acquisition I Corp,253.0,10.0,0.100000002,22000000.0,Diversified,0.0,37.6746,NASDAQ GM,PACHU,1,,Cantor Fitzgerald,0,16.73,20369.73,4.33,4.24,320.62,4.3,23770.976,99.5208,0.0955747738494148,6,8,7,7
2025-06-25,Cantor Equity Partners III Inc,276.0,10.0,5.0,24000000.0,Diversified,0.0,90.6966,NASDAQ GM,CAEP,1,,Cantor Fitzgerald,0,16.73,20369.73,4.33,4.24,320.62,4.3,23770.976,99.5208,0.0955747738494148,5,4,8,6
2025-06-30,Indigo Acquisition Corp,100.0,10.0,0.100000002,10000000.0,Diversified,103.5,10.5186,NASDAQ GM,INACU,1,0.966183574879227,EarlyBirdCapital.com,0,16.73,20369.73,4.33,4.24,320.62,4.3,23770.976,99.5208,0.0955747738494148,7,4,6,6
2025-06-30,NMP Acquisition Corp,100.0,10.0,-0.400000006,10000000.0,Diversified,101.7,2.89495,NASDAQ GM,NMPAU,0,0.983284169124877,Maxim Group LLC,0,16.73,20369.73,4.33,4.24,320.62,4.3,23770.976,99.5208,0.0955747738494148,7,3,2,4
2025-07-18,Lake Shore Bancorp Inc/MD,49.5046,10.0,19.5,4950000.0,Financial,0.0,28.1187,NASDAQ GM,LSBK,1,,Raymond James & Associates,0,16.72,21122.45,4.33,4.37,322.169,4.3,24026.834,102.3969,0.0657096951569469,8,4,7,6
2025-07-30,Figma Inc,1401.76,33.0,250.0,36900000.0,Technology,13453.5,87.3514,New York,FIG,1,0.1041929609395324,Allen & Co,1,16.72,21122.45,4.33,4.37,322.169,4.3,24026.834,102.3969,0.0657096951569469,5,4,3,4
2025-07-31,Security Midwest Bancorp Inc,8.8978,10.0,14.0,889781.0,Financial,8.89781,14.2139,OTC US,SBMW,1,0.999998876127946,Performance Trust Capital Partners LLC,0,16.72,21122.45,4.33,4.37,322.169,4.3,24026.834,102.3969,0.0657096951569469,7,5,6,6
2025-07-31,Avidia Bancorp Inc,191.762,10.0,46.40000153,19200000.0,Financial,200.762,39.6913,New York,AVBC,1,0.955170799254839,Stifel,0,16.72,21122.45,4.33,4.37,322.169,4.3,24026.834,102.3969,0.0657096951569469,7,5,6,6
2025-08-06,Quantumsphere Acquisition Corp,82.8,10.0,0.200000003,7200000.0,Diversified,0.0,35.9786,NASDAQ GM,QUMSU,1,,B Riley Securities Inc,0,15.36,21455.55,4.33,4.23,323.291,4.3,24026.834,103.7443,0.0369528707547917,7,5,6,6
2025-08-06,Whitefiber Inc,183.281,17.0,-4.588235378,9380000.0,Technology,619.119,93.8783,NASDAQ CM,WYFI,0,0.2960351725597179,Macquarie,0,15.36,21455.55,4.33,4.23,323.291,4.3,24026.834,103.7443,0.0369528707547917,9,4,3,6
2025-08-06,Firefly Aerospace Inc,998.568,45.0,34.11111069,19300000.0,Industrial,6464.2,53.7797,NASDAQ GM,FLY,1,0.154476656044058,Cantor Fitzgerald,1,15.36,21455.55,4.33,4.23,323.291,4.3,24026.834,103.7443,0.0369528707547917,6,7,9,8
2025-08-07,Starry Sea Acquisition Corp,57.5,10.0,0.300000012,5000000.0,Diversified,0.0,21.3851,NASDAQ CM,SSEAU,1,,AGP / Alliance Global Partners Corp,0,15.36,21455.55,4.33,4.23,323.291,4.3,24026.834,103.7443,0.0369528707547917,7,6,5,6
2025-08-07,Avidbank Holdings Inc,60.03,23.0,1.086956501,2610000.0,Financial,242.01,84.479,NASDAQ GS,AVBH,1,0.2480476013387876,Stephens Inc,0,15.36,21455.55,4.33,4.23,323.291,4.3,24026.834,103.7443,0.0369528707547917,9,3,2,6
2025-08-11,Highview Merger Corp,230.0,10.0,0.100000002,20000000.0,Diversified,0.0,15.6251,NASDAQ GM,HVMCU,1,,Jefferies,0,15.36,21455.55,4.33,4.23,323.291,4.3,24026.834,103.7443,0.0369528707547917,7,5,6,6
2025-08-13,Miami International Holdings Inc,396.75,23.0,33.65217209,15000000.0,Financial,1827.01,55.2643,New York,MIAX,1,0.2171580888993492,Stifel,1,15.36,21455.55,4.33,4.23,323.291,4.3,24026.834,103.7443,0.0369528707547917,7,8,6,7
2025-08-19,Velo3D Inc,17.5,3.0,12.0,5830000.0,Technology,59.7027,33.6823,NASDAQ CM,VELO,1,0.2931190716667755,Lake Street Capital Markets LLC,0,15.36,21455.55,4.33,4.23,323.291,4.3,24026.834,103.7443,0.0369528707547917,8,7,6,7
2025-08-20,Elite Express Holding Inc,15.2,4.0,-12.5,3800000.0,Industrial,50.2,1.75229,NASDAQ CM,ETS,0,0.3027888446215139,Revere Securities Corp,0,15.36,21455.55,4.33,4.23,323.291,4.3,24026.834,103.7443,0.0369528707547917,5,7,6,6
2025-08-20,Cantor Equity Partners IV Inc,450.0,10.0,1.200000048,40000000.0,Diversified,0.0,93.8898,NASDAQ GM,CEPF,1,,Cantor Fitzgerald,0,15.36,21455.55,4.33,4.23,323.291,4.3,24026.834,103.7443,0.0369528707547917,6,5,8,7
2025-08-28,Picard Medical Inc,19.55,4.0,14.75,4250000.0,"Consumer, Non-cyclical",289.297,63.8465,NYSEAmerican,PMI,1,0.0675776105524772,Westpark Capital Inc,0,15.36,21455.55,4.33,4.23,323.291,4.3,24026.834,103.7443,0.0369528707547917,6,5,8,7
2025-09-03,GSR IV Acquisition Corp,230.0,10.0,0.100000002,20000000.0,Diversified,236.555,27.6296,NASDAQ GM,GSRFU,1,0.9722897423432184,B Riley Securities Inc,0,16.28,22660.01,4.22,4.16,324.245,4.4,24026.834,102.0937,0.0157699509289879,6,7,5,6
2025-09-11,Black Rock Coffee Bar Inc,338.235,20.0,37.65000153,14700000.0,"Consumer, Cyclical",349.569,130.611,NASDAQ GM,BRCB,1,0.9675772165151943,Jefferies,1,16.28,22660.01,4.22,4.16,324.245,4.4,24026.834,102.0937,0.0157699509289879,7,8,9,8
2025-09-11,Gemini Space Station Inc,446.25,28.0,14.28571415,15200000.0,Technology,1174.78,28.9846,NASDAQ GS,GEMI,1,0.3798583564582304,Cantor Fitzgerald,1,16.28,22660.01,4.22,4.16,324.245,4.4,24026.834,102.0937,0.0157699509289879,7,6,8,7
2025-09-11,Legence Corp,825.654,28.0,8.928571701,26000000.0,"Consumer, Non-cyclical",1540.64,115.067,NASDAQ GS,LGN,1,0.5359162426004777,Barclays,1,16.28,22660.01,4.22,4.16,324.245,4.4,24026.834,102.0937,0.0157699509289879,7,5,8,7
2025-09-12,OTG Acquisition Corp I,230.0,10.0,0.0,20000000.0,Diversified,237.75,20.8087,NASDAQ GM,OTGAU,0,0.967402733964248,Lake Street Capital Markets LLC,0,16.28,22660.01,4.22,4.16,324.245,4.4,24026.834,102.0937,0.0157699509289879,7,5,6,6
2025-09-18,Pattern Group Inc,300.0,14.0,11.64285755,21400000.0,Technology,2160.44,42.7262,NASDAQ GS,PTRN,1,0.1388606024698672,BMO Capital Markets,1,16.28,22660.01,4.22,4.16,324.245,4.4,24026.834,102.0937,0.0157699509289879,3,5,7,5
2025-09-25,Drugs Made In America Acquisition II Corp,500.0,10.0,-0.100000002,50000000.0,Diversified,512.0,29.9037,NASDAQ GM,DMIIU,0,0.9765625,Cantor Fitzgerald,0,16.28,22660.01,4.22,4.16,324.245,4.4,24026.834,102.0937,0.0157699509289879,7,3,6,6
2025-10-01,Commercial Bancgroup Inc,172.154,24.0,0.0,7170000.0,Financial,316.181,90.7711,NASDAQ CM,CBK,0,0.5444792697853444,Hovde Group LLC,0,17.44,23724.96,4.09,4.11,324.245,4.4,24055.749,100.6349,0.056137456275882,6,5,7,6
2025-10-06,Lake Superior Acquisition Corp,115.0,10.0,0.0,10000000.0,Diversified,103.3,19.4168,NASDAQ GM,LKSPU,0,1.1132623426911907,Cohen & Co,0,17.44,23724.96,4.09,4.11,324.245,4.4,24055.749,100.6349,0.056137456275882,7,6,5,6
2025-10-10,Seneca Bancorp Inc,10.4486,10.0,2.200000048,1040000.0,Financial,0.0,72.3061,OTC US,SNNF,1,,Stifel,0,17.44,23724.96,4.09,4.11,324.245,4.4,24055.749,100.6349,0.056137456275882,8,3,7,6
2025-10-21,Calisa Acquisition Corp,60.0,10.0,-0.100000002,6000000.0,Diversified,62.525,42.6364,NASDAQ GM,ALISU,0,0.9596161535385844,EarlyBirdCapital.com,0,17.44,23724.96,4.09,4.11,324.245,4.4,24055.749,100.6349,0.056137456275882,8,3,6,6
2025-10-26,MapLight Therapeutics Inc,288.362,17.0,7.882352829,14800000.0,"Consumer, Non-cyclical",704.292,79.8209,NASDAQ GS,MPLT,1,0.4094352910440556,Jefferies,1,17.44,23724.96,4.09,4.11,324.245,4.4,24055.749,100.6349,0.056137456275882,7,6,5,6
2025-10-29,Dynamix Corp III,201.25,10.0,1.200000048,17500000.0,Diversified,0.0,28.7413,NASDAQ GM,DNMXU,1,,Cohen & Co,0,17.44,23724.96,4.09,4.11,324.245,4.4,24055.749,100.6349,0.056137456275882,7,5,6,6
2025-11-03,Cantor Equity Partners V Inc,253.0,10.0,3.0,22000000.0,Diversified,0.0,91.4413,NASDAQ GM,CEPV,1,,Cantor Fitzgerald,0,16.35,23365.69,4.09,4.02,324.245,4.4,24055.749,100.6349,0.0469968901161119,6,4,8,7
2025-11-03,Beta Technologies Inc,1167.25,34.0,5.882352829,29900000.0,Industrial,7153.33,84.6497,New York,BETA,1,0.1631757517128386,BofA Securities,1,16.35,23365.69,4.09,4.02,324.245,4.4,24055.749,100.6349,0.0469968901161119,6,8,7,7
2025-11-04,Elauwit Connection Inc,15.003,9.0,-20.0,1670000.0,Communications,60.003,51.6081,NASDAQ CM,ELWT,0,0.2500374981250937,Craig-Hallum Capital Group Ltd,0,16.35,23365.69,4.09,4.02,324.245,4.4,24055.749,100.6349,0.0469968901161119,6,7,9,8
2025-11-04,Exzeo Group Inc,168.0,21.0,0.047619049,8000000.0,Financial,1906.29,14.8187,New York,XZO,1,0.0881292982704625,Citizens Financial Group Inc,1,16.35,23365.69,4.09,4.02,324.245,4.4,24055.749,100.6349,0.0469968901161119,7,8,5,7
2025-11-11,Blueport Acquisition Ltd,57.5,10.0,0.5,5000000.0,Diversified,71.99,82.0268,NASDAQ CM,BPACU,1,0.7987220447284346,AGP / Alliance Global Partners Corp,0,16.35,23365.69,4.09,4.02,324.245,4.4,24055.749,100.6349,0.0469968901161119,6,5,7,6
2025-11-12,Off The Hook YS Inc,15.0,4.0,-5.0,3750000.0,"Consumer, Cyclical",95.0,5.64704,NYSEAmerican,OTH,0,0.1578947368421052,ThinkEquity LLC,0,16.35,23365.69,4.09,4.02,324.245,4.4,24055.749,100.6349,0.0469968901161119,7,8,6,7
2025-12-03,Hoyne Bancorp Inc,79.35,10.0,40.0,7940000.0,Financial,0.0,12.8554,NASDAQ CM,HYNE,1,,Stifel,0,14.95,23241.99,3.72,4.18,326.031,4.4,24055.749,101.1851,-0.0151431235289754,7,5,6,6
2025-12-09,Cardinal Infrastructure Group Inc,241.5,21.0,11.90476227,11500000.0,Industrial,277.594,90.5538,NASDAQ GS,CDNL,1,0.8699755758409764,William Blair & Co LLC,0,14.95,23241.99,3.72,4.18,326.031,4.4,24055.749,101.1851,-0.0151431235289754,7,3,8,6
2025-12-11,Karbon Capital Partners Corp,345.0,10.0,0.5,30000000.0,Diversified,353.9,98.2148,NASDAQ GM,KBONU,1,0.9748516530093247,,0,14.95,23241.99,3.72,4.18,326.031,4.4,24055.749,101.1851,-0.0151431235289754,7,5,8,7
2025-12-16,Churchill Capital Corp XI,414.0,10.0,2.099999905,36000000.0,Diversified,0.0,104.616,NASDAQ GM,CCXIU,1,,Citi,1,14.95,23241.99,3.72,4.18,326.031,4.4,24055.749,101.1851,-0.0151431235289754,7,3,6,6
2025-12-17,American Drive Acquisition Co,230.0,10.0,0.0,20000000.0,Diversified,0.0,119.742,NASDAQ GM,ADACU,0,,Cantor Fitzgerald,0,14.95,23241.99,3.72,4.18,326.031,4.4,24055.749,101.1851,-0.0151431235289754,7,6,8,7
2025-12-17,Launchpad Cadenza Acquisition Corp I,230.0,10.0,0.0,20000000.0,Diversified,0.0,93.1472,NASDAQ GM,LPCVU,0,,Cantor Fitzgerald,0,14.95,23241.99,3.72,4.18,326.031,4.4,24055.749,101.1851,-0.0151431235289754,6,8,7,7
2025-12-22,Silicon Valley Acquisition Corp,215.0,10.0,-0.600000024,20000000.0,Diversified,0.0,91.2183,NASDAQ GM,SVAQU,0,,Clear Street LLC,0,14.95,23241.99,3.72,4.18,326.031,4.4,24055.749,101.1851,-0.0151431235289754,5,6,7,6
