Pricing Date,Issuer Ticker,Issuer Name,Offer Size (M),Offer Price,Offer To 1st Close,Initial Pub Offer (Shares Offered),Bookrunner,Industry Sector,Market Cap at Offer (M),Instit Owner (% Shares Out),Primary Exchange
12/16/09,KRA US,Kraton Corp,150.946,13.5,0.074074075,10294100.00,"UBS, BofA Securities, Morgan Stanley, Oppenheimer & Co",Basic Materials,413.05,6.27128, 
12/15/09,CIEIQ US,Cobalt International Energy Inc,958.203,13.5,0,63000000.00,"JP Morgan, UBS, Goldman Sachs",Energy,4645.93,0.0628809, 
12/15/09,2556796D US,Team Health Holdings Inc,183.54,12,6.75,13300000.00,"Barclays, Goldman Sachs, BofA Securities, Citi","Consumer, Non-cyclical",772.75,, 
12/10/09,OPLN US,OPENLANE Inc,331.873,12,0.25,25000000.00,"Goldman Sachs, UBS, BofA Securities, JP Morgan, Barclays, BMO Capital Markets","Consumer, Cyclical",331.87,109.811,New York
12/8/09,PEB US,Pebblebrook Hotel Trust,402.5,20,2.25,17500000.00,"BofA Securities, Raymond James & Associates, Wells Fargo",Financial,405.5,116.512,New York
11/24/09,JLS US,Nuveen Mortgage and Income Fund,395,25,0,14000000.00,Wells Fargo,Financial,0,46.9579,New York
11/24/09,STK US,Columbia Seligman Premium Technology Growth Fund Inc,286,20,0.050000001,13100000.00,Wells Fargo,Financial,0,16.0402,New York
11/23/09,GDO US,Western Asset Global Corporate,302,20,0.150000006,14000000.00,"BofA Securities, Morgan Stanley, Citi",Financial,302,38.9926,New York
11/19/09,CLDPQ US,Cloud Peak Energy Inc,459,15,-1.066666722,30600000.00,"RBC Capital Markets, UBS, Morgan Stanley",Energy,471.47,0.00053589, 
11/19/09,ARCL US,Archipelago Learning Inc,118.594,16.5,13.75757599,6250000.00,"BofA Securities, William Blair & Co LLC",Communications,414.26,, 
11/19/09,1762363D US,Sotera Defense Solutions Inc,59.8,13,0.615384638,4600000.00,TD Securities,Communications,117.47,, 
11/17/09,FTNT US,Fortinet Inc,179.688,12.5,32.95999908,12500000.00,"Morgan Stanley, JP Morgan, Deutsche Bank",Technology,828.36,73.378,NASDAQ GS
11/12/09,DG US,Dollar General Corp,823.515,21,8.238095284,34100000.00,"Kohlberg Kravis Roberts & Co, Goldman Sachs, Citi, BofA Securities, JP Morgan","Consumer, Cyclical",7153.55,109.922,New York
11/12/09,RUE US,rue21 inc,147.825,19,27.89473724,6765440.00,"Goldman Sachs, BofA Securities, JP Morgan","Consumer, Cyclical",459.05,, 
11/6/09,STRI US,STR Holdings Inc,139.95,10,31,12300000.00,"UBS, Goldman Sachs",Industrial,413.5,, 
11/4/09,H US,Hyatt Hotels Corp,1092.5,25,12,38000000.00,Goldman Sachs,"Consumer, Cyclical",4343.5,142.262,New York
11/4/09,ACOM US,Ancestry.com Inc,100,13.5,5.185184956,7407410.00,"Morgan Stanley, BofA Securities",Communications,572.44,2.50126, 
10/27/09,VSI US,Vitamin Shoppe Inc,177.828,17,5.588235378,9096080.00,"BofA Securities, Barclays, JP Morgan","Consumer, Cyclical",451.73,, 
10/27/09,ADUS US,Addus HomeCare Corp,54,10,-15.10000038,5400000.00,"Robert W Baird & Co, Oppenheimer & Co","Consumer, Non-cyclical",104.96,115.991,NASDAQ GS
10/22/09,1544310D US,Dole Food Co Inc,446.438,12.5,-1.75999999,35715000.00,"Goldman Sachs, BofA Securities, Deutsche Bank, Wells Fargo","Consumer, Non-cyclical",1092.81,, 
10/20/09,AGAM US,AGA Medical Holdings Inc,199.375,14.5,0.689655185,13750000.00,"BofA Securities, Citi, Deutsche Bank, Leerink Partners LLC, Wells Fargo","Consumer, Non-cyclical",725.37,, 
10/19/09,PMIC US,Penn Millers Holding Corp,54,10,7.5,5400000.00,Griffin Financial Group,Financial,0,, 
10/16/09,BUR LN,Burford Capital Ltd,127.112,100,7.5,80000000.00,Macquarie,Financial,0,95.6897,London
10/12/09,1467202D US,RailAmerica Inc,330,15,-8.333333015,22000000.00,"Citi, Deutsche Bank, JP Morgan, Morgan Stanley",Industrial,815.2,, 
10/7/09,MG US,Mistras Group Inc,125,12.5,0.639999986,8700000.00,"JP Morgan, BofA Securities, UBS",Industrial,330.74,57.337,New York
10/7/09,OMER US,Omeros Corp,68.2,10,-12.69999981,6820000.00,Deutsche Bank,"Consumer, Non-cyclical",212.88,47.8166,NASDAQ GM
10/6/09,VRSK US,Verisk Analytics Inc,2155.91,22,23.72727203,85250000.00,"BofA Securities, Morgan Stanley","Consumer, Non-cyclical",2487.67,103.492,NASDAQ GS
10/1/09,ECHO US,Echo Global Logistics Inc,79.8,14,0.428571433,5700000.00,"UBS, Morgan Stanley",Industrial,300.912,, 
9/30/09,TLCR US,Talecris Biotherapeutics Holdings Corp,1064,19,11.31578922,50000000.00,"Morgan Stanley, Goldman Sachs, Citi, JP Morgan","Consumer, Non-cyclical",2389.9,, 
9/24/09,SEM US,Select Medical Holdings Corp,336.027,10,0.899999976,30000000.00,"Goldman Sachs, Morgan Stanley, JP Morgan, BofA Securities","Consumer, Non-cyclical",1596.96,71.6023,New York
9/24/09,NEV US,Nuveen Enhanced Municipal Value Fund,288,15,0.06666667,16800000.00,"Nuveen Investments Inc, Wells Fargo, BofA Securities",Financial,0,4.19578, 
9/24/09,ARI US,Apollo Commercial Real Estate Finance Inc,200,20,-7.5,10000000.00,"JP Morgan, Citi, Barclays",Financial,430.5,71.4439,New York
9/23/09,ART US,Artio Global Investors Inc,718.748,26,4.807692528,25000000.00,Goldman Sachs,Financial,718.93,, 
9/23/09,AONEQ US,B456 Systems Inc,428.316,13.5,50.29629517,27500000.00,"Goldman Sachs, Morgan Stanley",Industrial,1325.44,, 
9/23/09,1627503D US,Colony Capital Inc/Old,287.5,20,-2.5,12500000.00,"BofA Securities, Goldman Sachs, Morgan Stanley, UBS",Financial,292.62,, 
9/23/09,VITC US,Vitacost.com Inc,132,12,0.416666657,11000000.00,"Jefferies, Oppenheimer & Co",Communications,330.27,, 
9/16/09,CXS US,Annaly Commercial Real Estate Group Inc,200,15,-2.466666698,13333300.00,"BofA Securities, Deutsche Bank",Financial,271.67,, 
8/21/09,CFN US,CareFusion Corp,0,0,,,,"Consumer, Non-cyclical",0,, 
8/11/09,STWD US,Starwood Property Trust Inc,931.5,20,0,40500000.00,"BofA Securities, Deutsche Bank, Citi",Financial,969.15,54.0173,New York
8/11/09,1873532D US,Change Healthcare Holdings Inc,422.453,15.5,6.580645084,23700000.00,"Goldman Sachs, Morgan Stanley, UBS, Barclays",Technology,1371.25,, 
8/10/09,CPIX US,Cumberland Pharmaceuticals Inc,85,17,-1,5000000.00,"UBS, Jefferies, Wells Fargo","Consumer, Non-cyclical",308.19,24.4446,NASDAQ GS
8/5/09,AVGO US,Broadcom Inc,648,15,7.866666794,43200000.00,,Technology,3538.32,90.4311,NASDAQ GS
7/29/09,PMT US,PennyMac Mortgage Investment Trust,320,20,-4.5,16000000.00,"BofA Securities, UBS, Deutsche Bank",Financial,334.71,71.544,New York
7/29/09,2536354D US,Tortoise Power and Energy Infrastructure Fund Inc,137,20,0,6850000.00,Wells Fargo,Financial,0,7.77828, 
7/10/09,TBNK US,Territorial Bancorp Inc,122.331,10,49.90000153,12233100.00,Stifel,Financial,0,23.9719, 
7/2/09,3337375Z CN,Vuzix Corp,5.36797,0.2,,31180200.00,Canaccord Financial Inc,Technology,0,, 
6/30/09,LOGM US,GoTo Group Inc,122.667,16,25.125,6666670.00,"JP Morgan, Barclays",Communications,358.13,, 
6/26/09,IGI US,Western Asset Investment Grade,210.398,20,0,9500000.00,"Wells Fargo, BofA Securities, Citi",Financial,0,52.3913,New York
6/25/09,IVR US,Invesco Mortgage Capital Inc,176.224,20,-2.900000095,8500000.00,"Morgan Stanley, UBS",Financial,178.23,40.2671,New York
6/24/09,MDSO US,Medidata Solutions Inc,101.43,14,21.4285717,6300000.00,"Citi, UBS",Technology,326.18,, 
6/18/09,MAPS CN,Prostar Holdings Inc,0.17718,0.1,59.99999619,2000000.00,Haywood Securities Inc,Technology,1.06308,,Venture
6/11/09,CYS US,CYS Investments Inc,115.115,11,5,9100000.00,Barclays,Financial,200.57,, 
6/2/09,OPITQ US,Office Properties Income Trust,230,20,-2.650000095,10000000.00,"Morgan Stanley, BofA Securities, Wells Fargo",Financial,429,4.64604,OTC US
5/26/09,EOT US,Eaton Vance National Municipal Opportunities Trust,305,20,0,13750000.00,"BofA Securities, Wells Fargo, Citi, UBS, Morgan Stanley",Financial,0,22.3564,New York
5/20/09,1853195D US,OpenTable Inc,69,20,59.45000076,3000000.00,BofA Securities,Communications,441.09,, 
5/19/09,1655912D US,SolarWinds North America Inc,174.171,12.5,10,12116300.00,"Goldman Sachs, JP Morgan, Morgan Stanley",Technology,802.33,, 
5/13/09,DGI US,DigitalGlobe Inc,279.3,19,13.15789509,14700000.00,"Morgan Stanley, JP Morgan",Communications,852.55,, 
4/28/09,NCB US,Nuveen California Municipal Value Fund 2,49.2135,15,0,2900000.00,"Nuveen Investments Inc, Morgan Stanley, BofA Securities, Citi",Financial,0,4.56727, 
4/28/09,NYV US,Nuveen New York Municipal Value Fund 2,35.1,15,0,2340000.00,"Nuveen Investments Inc, Morgan Stanley, BofA Securities, Citi",Financial,0,7.06164, 
4/28/09,NJV US,Nuveen New Jersey Municipal Value Fund,23.3068,15,0,1455000.00,"Nuveen Investments Inc, Morgan Stanley, Citi, BofA Securities",Financial,0,4.4577, 
4/28/09,NPN US,Nuveen Pennsylvania Municipal Value Fund,18.012,15,0.06666667,1100000.00,"Nuveen Investments Inc, Morgan Stanley, BofA Securities, Citi",Financial,0,5.30249, 
4/21/09,2857742Z US,Staccato Acquisition Corp,49,0,,6125000.00,EarlyBirdCapital.com,Diversified,0,, 
4/15/09,RST US,Rosetta Stone Inc,129.375,18,39.55555725,6250000.00,"Morgan Stanley, William Blair & Co LLC",Technology,365.66,, 
4/14/09,ZVOI US,Zovio Inc,163.012,10.5,5.714285851,13500000.00,"UBS, JP Morgan",Technology,557.97,0.141682,OTC US
3/27/09,MTT US,Western Asset Municipal Defined Opportunity Trust Inc,238.2,20,0,10900000.00,"Citi, Wells Fargo",Financial,0,6.05871, 
2/25/09,NUW US,Nuveen AMT-Free Municipal Value Fund,189,15,0,11500000.00,Citi,Financial,0,35.8364,New York
2/10/09,MJN US,Mead Johnson Nutrition Co,828,24,10.125,30000000.00,"JP Morgan, UBS, Citi, Morgan Stanley, BofA Securities","Consumer, Non-cyclical",1844.27,, 
1/28/09,HIBE US,Hibernia Bancorp Inc,11.1333,10,5,1113330.00,Sandler O'Neill & Partners,Financial,0,, 
11/19/08,LOPE US,Grand Canyon Education Inc,144.9,12,-1.25,10500000.00,"BofA Securities, UBS","Consumer, Non-cyclical",543.68,107.304,NASDAQ GS
9/30/08,HBCP US,Home Bancorp Inc,89.2688,10,14.89999962,8926880.00,Sandler O'Neill & Partners,Financial,0,59.0729,NASDAQ GS
9/17/08,LCT CN,LCTI Low Carbon Technologies International Inc,0.11423,0.1,,1230000.00,Union Securities Ltd,Energy,0.37148,, 
8/11/08,DJSPU US,DJSP Enterprises Inc,55,8,1.5,6875000.00,"Maxim Group LLC, Brean Murray Carret & Co LLC",Technology,0,, 
8/7/08,RAX US,Rackspace Technology Global Inc,187.5,12.5,-19.92000008,15000000.00,"UBS, Goldman Sachs, BofA Securities",Technology,1443.06,, 
7/31/08,HCI US,HCI Group Inc,11.6669,7,-12.85714245,1666700.00,"GunnAllen Financial Inc, Wunderlich Securities Inc",Financial,47.9409,82.3482,New York
7/23/08,GTATQ US,GT Advanced Technologies Inc,499.95,16.5,-11.57575798,30300000.00,UBS,Technology,2349.43,, 
7/17/08,3679536Q LN,Resaca Exploitation Inc,106.339,130,2.989478111,41000000.00,,Energy,240.144,, 
7/3/08,KLH CN,Edesa Biotech Inc,0.29379,0.1,100,3000000.00,Haywood Securities Inc,"Consumer, Non-cyclical",0.48965,, 
7/1/08,ERII US,Energy Recovery Inc,136.85,8.5,15.64705849,14000000.00,"UBS, Citi",Industrial,407.3,101.677,NASDAQ GS
6/30/08,2892057Z CN,ID Watchdog Inc,10.0184,0.6,,17000000.00,Haywood Securities Inc,"Consumer, Non-cyclical",29.2892,, 
6/24/08,2882961Z CN,Harvest Health & Recreation Inc,2.55386,0.25,,10350000.00,Gateway Securities Inc,"Consumer, Non-cyclical",0,, 
6/24/08,LPS US,Black Knight InfoServ LLC,0,0,,,,Technology,0,, 
6/17/08,RHIEQ US,Sonar Entertainment Inc,189,14,-3.571428537,13500000.00,"JP Morgan, BofA Securities","Consumer, Cyclical",175,, 
6/12/08,1853725D CN,Mood Media Corp/CA,26.5005,2,-1.5,13500000.00,Macquarie,"Consumer, Cyclical",0,, 
6/11/08,OCSL US,Oaktree Specialty Lending Corp,141.2,14.12,-14.16430569,10000000.00,"Goldman Sachs, Wells Fargo, UBS",Financial,319.31,43.8786,NASDAQ GS
5/29/08,2847352Z CN,GTM Capital Corp,0.30363,0.2,,,Macquarie,Financial,0.566776,, 
5/22/08,FRB CN,Forbes Energy Services Ltd,174.927,7,-1.428571463,21430000.00,Paradigm Capital Inc,Energy,0,, 
5/21/08,SGLY US,Singularity Future Technology,9.525,7.75,80.38710022,1229000.00,Wunderlich Securities Inc,Industrial,0,2.95114,NASDAQ CM
5/14/08,AGNC US,AGNC Investment Corp,200,20,-3.25,10000000.00,"BofA Securities, Citi",Financial,300.09,40.6082,NASDAQ GS
5/14/08,VRSZQ US,Verso Corp,168,12,-16.66666603,14000000.00,"Citi, UBS",Basic Materials,624.56,, 
5/8/08,9953211D US,Western Midstream Operating LP,343.38,16.5,0,18750000.00,"Morgan Stanley, UBS, Citi",Energy,437.85,15.8271, 
5/8/08,RGSEQ US,Real Goods Solar Inc,55,10,-12,5500000.00,ThinkEquity LLC,Energy,133.47,, 
5/7/08,ENOV US,Enovis Corp,388.125,18,16.66666603,18750000.00,"BofA Securities, Barclays, UBS","Consumer, Non-cyclical",792.11,119.788,New York
4/30/08,2147946D US,Pioneer Southwest Energy Partners LP,180.262,19,3.421052694,8250000.00,"Citi, UBS, Deutsche Bank",Energy,570.17,, 
4/28/08,KDP US,Keurig Dr Pepper Inc,0,0,,,,"Consumer, Non-cyclical",0,109.947,NASDAQ GS
4/24/08,HTS US,Hatteras Financial Corp,276,24,2.833333254,10000000.00,"Stifel, BofA Securities",Financial,839.01,, 
4/24/08,WHXT US,Whiting USA Trust I,233.55,20,4.25,10850000.00,"Wells Fargo, Raymond James & Associates",Energy,293.82,, 
4/24/08,PGDC CN,Patagonia Gold Corp,0.49225,0.3,-3.97E-06,1666670.00,Wolverton Securities,Basic Materials,0.7876,20.408,Venture
4/22/08,AWK US,American Water Works Co Inc,1358.23,21.5,-4.1860466,58000000.00,"Goldman Sachs, BofA Securities, Citi",Utilities,3551.22,102.597,New York
4/21/08,IPI US,Intrepid Potash Inc,1104,32,57.5,30000000.00,"BofA Securities, Morgan Stanley, Goldman Sachs",Basic Materials,2394.98,69.4316,New York
4/15/08,ABV/H CN,Algae Biosciences Corp,0.2946,0.2,-75,1500000.00,Macquarie,Industrial,0.5892,, 
4/4/08,PAHC LN,Phibro Animal Health Corp,45,5,4.5,9000000.00,,"Consumer, Non-cyclical",345,, 
4/4/08,IOM CN,Assure Holdings Corp,0.19828,0.1,160,2000000.00,Canaccord Financial Inc,"Consumer, Non-cyclical",0.39656,, 
3/18/08,V US,Visa Inc,19650.4,44,28.40909004,406000000.00,"Goldman Sachs, JP Morgan, UBS, BofA Securities, Wells Fargo, Citi, HSBC",Financial,19650.4,93.7326,New York
3/18/08,1917130D US,BioTelemetry Inc,82.764,18,-1.666666627,4500000.00,Citi,"Consumer, Non-cyclical",414.79,, 
3/18/08,HFFIU US,U-Swirl Inc,5.1,5.1,2.941178322,1000000.00,Paulson Investment Co Inc,"Consumer, Cyclical",0,, 
3/11/08,HCCI US,Heritage-Crystal Clean Inc,25.3127,11.5,23.39130402,1914000.00,William Blair & Co LLC,Industrial,123.46,, 
2/26/08,BPW/U US,BPW Acquisition Corp,350,10,-2,35000000.00,Citi,Diversified,411.76,, 
2/19/08,USRM US,US Stem Cell Inc,5.775,5.25,-4.761904716,1100000.00,Dawson James Securities,"Consumer, Non-cyclical",75.85,,OTC US
2/14/08,IRDMU US,Iridium Communications Inc,400,10,-3,40000000.00,BofA Securities,Communications,485,, 
2/14/08,CLOT US,Concentric Medical Inc,69,0,,,"Lehman Brothers, BofA Securities","Consumer, Non-cyclical",0,, 
2/14/08,1576198D US,ArcSight LLC,61.7573,9,-2.444444418,6861920.00,Morgan Stanley,"Consumer, Cyclical",278.47,0.0271181, 
2/14/08,2644867D US,MAKO Surgical Corp,51,10,-8.199999809,5100000.00,"Morgan Stanley, JP Morgan","Consumer, Non-cyclical",184.38,, 
1/31/08,CBNJ US,Cape Bancorp Inc,78.2,10,0.5,7820000.00,Stifel,Financial,133.13,, 
1/28/08,BHL US,BlackRock Defined Opportunity Credit Trust,133.5,15,0,8000000.00,"BofA Securities, UBS, Wells Fargo",Financial,0,, 
1/25/08,AXG/U US,Atlas Acquisition Holdings Corp,200,10,-0.5,20000000.00,"Morgan Stanley, Lazard",Financial,0,, 
1/24/08,RISK US,RiskMetrics Group LLC,281.75,17.5,35.7142868,14000000.00,"Goldman Sachs, UBS, BofA Securities","Consumer, Non-cyclical",1048.27,, 
1/24/08,IPCM US,IPC Healthcare Inc,94.48,16,28,5200000.00,"UBS, Jefferies","Consumer, Non-cyclical",236.99,, 
1/23/08,TUX/U US,Trian Acquisition I Corp,920,10,0.400000006,80000000.00,"BofA Securities, Deutsche Bank",Diversified,0,, 
1/22/08,EBSB US,Meridian Bancorp Inc,100.5,10,-4,10050000.00,Stifel,Financial,230,, 
1/17/08,FYR/U US,Sapphire Industrials Corp,800,10,-0.200000003,80000000.00,Citi,Financial,1000,, 
1/17/08,WMZ US,Williams Pipeline Partners LP,358,20,0,16250000.00,"BofA Securities, Barclays, Citi",Energy,452.01,, 
1/17/08,HMR/U US,Sports Properties Acquisition Corp,215.563,10,1.200000048,20000000.00,BofA Securities,Diversified,0,, 
1/14/08,HUTCU US,Verizon Telematics Inc,150,10,0,15000000.00,Lazard,"Consumer, Cyclical",0,, 
1/10/08,DNBK US,Danvers Bancorp Inc,149.5,10,-2.400000095,14950000.00,Sandler O'Neill & Partners,Financial,0,, 
1/10/08,CPN US,Calpine Corp,0,0,,,,Utilities,0,1.67775, 
1/7/08,LSI LN,Lifeline Scientific Inc,11.0009,150,1.666666627,3675100.00,,"Consumer, Non-cyclical",46.4823,, 
12/20/07,NXT/H CN,Natcore Technology Inc,0.30072,0.15,66.66665649,2000000.00,Pacific International Securities Inc,Energy,0.60144,, 
12/19/07,N US,NetSuite Inc,185.38,26,36.53845978,6200000.00,UBS,Technology,1571.46,, 
12/19/07,RCR US,RMR Dividend Capture Fund,25,20,0,1250000.00,"Oppenheimer & Co, RBC Capital Markets",Financial,0,, 
12/18/07,OESX US,Orion Energy Systems Inc,115,13,64.69230652,7692310.00,Stifel,Industrial,345.19,38.9117,NASDAQ CM
12/14/07,GIGIQ US,Gulfstream International Group Inc,7.36,8,-7.5,800000.00,Taglich Brothers Inc,"Consumer, Cyclical",23.68,, 
12/13/07,2362568D US,MEMSIC Inc,68.23,10,2.5,6000000.00,Citi,Industrial,234.39,, 
12/13/07,ITLN US,Intellon Corp,45,6,12.5,7500000.00,Deutsche Bank,Technology,179.67,, 
12/12/07,MDAS US,MedAssets Inc,244.72,16,28.125,13300000.00,"Morgan Stanley, Lehman Brothers","Consumer, Non-cyclical",685.79,, 
12/12/07,LRN US,Stride Inc,124.2,18,36.38888931,6000000.00,"UBS, Morgan Stanley","Consumer, Non-cyclical",489.75,116.209,New York
12/11/07,URX/U US,United Refining Energy Corp,450,10,-1.200000048,45000000.00,"Maxim Group LLC, Deutsche Bank",Diversified,0,, 
12/10/07,1416528D US,Cardtronics Inc,120,10,-5,12000000.00,"Deutsche Bank, William Blair & Co LLC, BofA Securities","Consumer, Non-cyclical",385.66,, 
12/6/07,LIA/U US,Liberty Acquisition Holdings Corp,1035,10,0,90000000.00,Citi,Diversified,0,, 
12/6/07,GQN/U US,Global Brands Acquisition Corp,287.5,10,0,25000000.00,Citi,Diversified,0,, 
12/6/07,TGY/U US,Tremisis Energy Acquisition Corp II,77.8614,8,-1.125,9500000.00,BofA Securities,Diversified,0,, 
12/6/07,1553838D US,Entropic Communications Inc,55.2,6,23.33333397,8000000.00,"UBS, Lehman Brothers",Technology,405.69,, 
12/5/07,TITN US,Titan Machinery Inc,58.65,8.5,11.52941132,6000000.00,"Craig-Hallum Capital Group Ltd, Robert W Baird & Co","Consumer, Cyclical",103.95,88.8855,NASDAQ GS
12/4/07,NSAQU US,North Shore Acquisition Corp,50.4,8,-1.25,6300000.00,EarlyBirdCapital.com,Diversified,0,, 
12/3/07,ADIS LN,Armor Designs Inc,800,500,,1600000.00,,Industrial,12961.2,, 
12/3/07,1085291D CN,Acro Energy Technologies Corp,0.19994,0.1,400,2000000.00,Canaccord Financial Inc,"Consumer, Non-cyclical",1.60952,, 
11/30/07,FABK US,First Advantage Bancorp,76.705,10,11.69999981,7670500.00,Stifel,Financial,0,, 
11/29/07,CAELU US,National American University Holdings Inc,53.0104,8,0.125,6250000.00,Morgan Joseph TriArtisan Group Inc,"Consumer, Non-cyclical",0,, 
11/28/07,PKO US,PIMCO Income Opportunity Fund,350.918,25,0.200000003,13000000.00,Morgan Stanley,Financial,0,, 
11/28/07,CAZ CN,Caza Oil & Gas Inc,20.376,0.8,-50,25000000.00,Haywood Securities Inc,Energy,0,, 
11/24/07,AKRXQ US,Akorn Inc,0,0,,,,"Consumer, Non-cyclical",0,0.151203, 
11/23/07,AVD/H CN,Avidus Management Group Inc,0.30423,0.2,24.99999809,1500000.00,Canaccord Financial Inc,"Consumer, Non-cyclical",0.527332,, 
11/22/07,HIP LN,HipCricket Inc/Old,17.2748,262,3.054634333,3162040.00,,Communications,155.027,, 
11/21/07,WLBUE US,Western Liberty Bancorp,319.489,10,0,30000000.00,Deutsche Bank,Financial,0,, 
11/20/07,IDI/U US,Fluent Inc,80,8,0.125,10000000.00,Lazard,Communications,0,, 
11/19/07,SFSF US,SuccessFactors Inc,124.085,10,32.5,10790000.00,"Goldman Sachs, Morgan Stanley",Technology,513.62,, 
11/16/07,RBCN US,Rubicon Technology Inc,107.87,14,25,6700000.00,UBS,Technology,269.35,,OTC US
11/16/07,INET US,Autodata Solutions Group LLC,48,8,0,6000000.00,Stifel,Communications,309.94,, 
11/15/07,EPB US,El Paso Pipeline Partners LP,575,20,4.5,25000000.00,"Citi, Goldman Sachs, UBS, Lehman Brothers",Energy,1218.76,, 
11/15/07,CIM US,Chimera Investment Corp,511.25,15,-0.666666687,33333300.00,"BofA Securities, UBS, Deutsche Bank",Financial,565.57,59.3231,New York
11/15/07,NMD US,Nuveen Municipal High Income Opportunity Fund 2,236.25,15,0,13750000.00,BofA Securities,Financial,0,, 
11/15/07,7586674Q US,3PAR Inc,107.835,14,12.5,7500000.00,"UBS, Goldman Sachs",Technology,843.05,, 
11/14/07,1236053D US,EnergySolutions Inc,828.506,23,0.043478262,30000000.00,"JP Morgan, Morgan Stanley, UBS",Industrial,0,, 
11/14/07,MSCI US,MSCI Inc,289.8,18,38.72222137,14000000.00,Morgan Stanley,Technology,289.8,96.4455,New York
11/14/07,PAX/U US,Kennedy-Wilson Holdings Inc,250,10,-0.5,25000000.00,Citi,Financial,250,, 
11/14/07,VRAD US,Virtual Radiologic Corp,78.2,17,22.05882263,4000000.00,Goldman Sachs,"Consumer, Non-cyclical",288.99,, 
11/14/07,9990616D US,ReShape Lifesciences Inc/CA,43.9188,8,0,5000000.00,"Morgan Stanley, JP Morgan","Consumer, Non-cyclical",134.39,91.543, 
11/13/07,SCU US,Sculptor Capital Management Inc,1152,32,-4.21875,36000000.00,"JP Morgan, Deutsche Bank, Citi, Morgan Stanley, BofA Securities, Lehman Brothers, Goldman Sachs",Financial,2372.44,, 
11/12/07,HEK/U US,Nuverra Environmental Solutions Inc,432.934,8,0,50000000.00,UBS,Energy,532.934,, 
11/12/07,CRPu CN,Ceres Global Ag Corp,160.555,12,0,12500000.00,"BMO Capital Markets, UBS, Wellington West Capital Markets Inc","Consumer, Non-cyclical",0,, 
11/12/07,FLC AU,Fluence Corp Ltd,98.7464,2,-10,55770000.00,Wilson HTM Investment Group,Industrial,253.196,33.9267,ASE
11/12/07,DIL NZ,Diligent Corp/Old,17.9928,1,-10,24000000.00,McDouall Stuart,Communications,77.9688,17.2807, 
11/9/07,ENSG US,Ensign Group Inc/The,73.6,16,0.875,4000000.00,DA Davidson & Co,"Consumer, Non-cyclical",336.74,98.8065,NASDAQ GS
11/8/07,1820099D US,Capitol Acquisition Corp,262.49,10,0,25000000.00,Citi,Financial,262.49,, 
11/8/07,QELP US,Quest Energy Partners LP,163.8,18,-8.333333015,9100000.00,"Wells Fargo, RBC Capital Markets",Energy,221.43,, 
11/8/07,OSP US,OSG America LP,142.5,19,-0.789473712,7500000.00,"UBS, Citi",Industrial,285,, 
11/8/07,LLFLQ US,LL Flooring Holdings Inc,110,11,-11.27272701,10000000.00,"Goldman Sachs, BofA Securities","Consumer, Cyclical",294.27,14.4279, 
11/8/07,APEI US,American Public Education Inc,107.812,20,79.59999847,4687500.00,William Blair & Co LLC,"Consumer, Non-cyclical",355.04,112.393,NASDAQ GS
11/7/07,EST/U US,ARMOUR Residential REIT Inc,250,10,-0.100000002,25000000.00,"Ladenburg Thalmann & Co, UBS",Financial,0,, 
11/7/07,GPH/U US,Golden Pond Healthcare Inc,143.75,8,0,15625000.00,Deutsche Bank,Diversified,0,, 
11/7/07,AREXQ US,Approach Resources Inc,105.8,12,4.916666508,7666670.00,JP Morgan,Energy,244.87,, 
11/7/07,ICXT US,FLIR Detection Inc,80,16,-19.6875,5000000.00,Lehman Brothers,Industrial,535.55,, 
11/7/07,ARYX US,ARYx Therapeutics Inc,50,10,-19,5000000.00,Morgan Stanley,"Consumer, Non-cyclical",175.37,,OTC US
11/6/07,BFRM US,Merz Aesthetics Inc,92,8,6.875,10000000.00,"Piper Sandler & Co, JP Morgan","Consumer, Non-cyclical",368.77,, 
11/5/07,SD US,SandRidge Energy Inc,841.867,26,23.07692337,28700000.00,"Goldman Sachs, Lehman Brothers, BofA Securities",Energy,3688.13,80.6781,New York
11/5/07,JUSH CN,Jushi Holdings Inc,0.21416,0.1,39.99999619,2000000.00,Canaccord Financial Inc,"Consumer, Non-cyclical",0.48186,28.4118,Canadian Sec
11/1/07,PROJ US,Deltek Inc,162,18,-0.277777791,9000000.00,UBS,Technology,774.61,, 
11/1/07,NSPH US,Nanosphere Inc,112.7,14,14.28571415,7000000.00,UBS,"Consumer, Non-cyclical",310.37,, 
11/1/07,IQNT US,Inteliquent Inc,107.064,14,44.8571434,6649930.00,Morgan Stanley,Communications,427.94,0.0140383, 
11/1/07,SDBT US,SoundBite Communications Inc,43.4562,8,0.25,5202020.00,"Stifel, TD Securities",Technology,119.95,, 
10/29/07,GXDX US,Genoptix Inc,97.75,17,49.11764526,5000000.00,Lehman Brothers,"Consumer, Non-cyclical",273.18,, 
10/25/07,PMII US,Power Medical Interventions Inc,48.7025,11,7.181818008,3850000.00,"Lazard, Jefferies","Consumer, Non-cyclical",188.18,, 
10/25/07,SDEV US,Stablecoin Development Corp,21.738,4,-9.5,5000000.00,Eight Capital,"Consumer, Non-cyclical",84.55,5.75926,NYSEAmerican
10/24/07,FGXI US,FGX International Holdings Ltd,220.8,16,6.5625,12000000.00,"Truist Securities Inc, William Blair & Co LLC","Consumer, Cyclical",340.87,, 
10/24/07,9999996D US,Ulta Salon Cosmetics & Fragrance Inc,176.77,18,65.66666412,8539650.00,"JP Morgan, Wells Fargo","Consumer, Cyclical",1020.12,0.0286264, 
10/24/07,PZN US,Pzena Investment Management Inc,109.8,18,11.61111069,6100000.00,"UBS, Goldman Sachs",Financial,110.01,12.216, 
10/24/07,DAR US,Darling Ingredients Inc,0,0,,,,"Consumer, Non-cyclical",0,113.099,New York
10/23/07,VNRSQ US,Vanguard Natural Resources LLC,99.75,19,-0.315789461,5250000.00,Citi,Energy,205.01,0.78038, 
10/23/07,ULEUQ US,Ultimate Escapes Inc,80,8,-1.125,10000000.00,Truist Securities Inc,"Consumer, Cyclical",0,, 
10/22/07,TCW/U US,Triplecrown Acquisition Corp,552,10,1.100000024,48000000.00,Citi,Diversified,672,, 
10/22/07,CVI US,CVR Energy Inc,437,19,6.578947544,20000000.00,"Goldman Sachs, Deutsche Bank",Energy,1636.68,104.828,New York
10/18/07,DFT US,DuPont Fabros Technology Inc,736.575,21,8.142857552,30500000.00,"UBS, Lehman Brothers",Financial,746.01,, 
10/17/07,ROICU US,Retail Opportunity Investments Corp,414,10,0.100000002,36000000.00,BofA Securities,Financial,0,, 
10/17/07,SGS/U US,Stream Global Services Inc,250,8,0,31250000.00,Deutsche Bank,Technology,0,, 
10/16/07,BAXSQ US,Baxano Surgical Inc,94.875,15,60,5500000.00,"Piper Sandler & Co, Lehman Brothers","Consumer, Non-cyclical",294.02,0.132729, 
10/15/07,STTAU US,Stone Tan China Acquisition Corp,263.762,8,0,30000000.00,Morgan Joseph TriArtisan Group Inc,Diversified,0,, 
10/15/07,LPSB US,LaPorte Bancorp Inc,12.9922,10,-8.100000381,1299220.00,Stifel,Financial,0,100, 
10/12/07,EPS CN,Epsilon Energy Ltd,68.3352,4,1.25,18000000.00,"Clarus Securities, Cormark Securities Inc",Energy,181.589,86.2754, 
10/11/07,DSP/U US,SP Acquisition Holdings Inc,432.896,10,0,40000000.00,"UBS, Ladenburg Thalmann & Co",Diversified,532.9,, 
10/10/07,VM US,Virgin Mobile USA Inc,412.5,15,5,27500000.00,"Lehman Brothers, JP Morgan, BofA Securities",Communications,795.33,, 
10/10/07,FFNW US,First Financial Northwest Inc,184,0,,18400000.00,Stifel,Financial,0,19.6232, 
10/9/07,TGH US,Textainer Group Holdings Ltd,148.5,16.5,3.030303001,9000000.00,"Wells Fargo, UBS","Consumer, Non-cyclical",785.48,32.2344, 
10/9/07,CML US,Compellent Technologies Inc,93.15,13.5,79.18518829,6000000.00,Morgan Stanley,Technology,412.71,, 
10/9/07,TARG US,Targanta Therapeutics Corp,57.5,10,-6,5750000.00,UBS,"Consumer, Non-cyclical",209.69,, 
10/4/07,2301602D US,MAP Pharmaceuticals LLC,69,12,11.25,5000000.00,"Morgan Stanley, BofA Securities","Consumer, Non-cyclical",240.27,, 
10/4/07,MAIN US,Main Street Capital Corp,64.5,15,0,4000000.00,"Raymond James & Associates, Truist Securities Inc",Financial,132.4,23.598,New York
10/4/07,UIHCU US,American Coastal Insurance Cor,37.869,8,0,4500000.00,Pali Capital Inc,Financial,0,, 
10/3/07,HIA/U US,Highlands Acquisition Corp,138,10,0,12000000.00,Citi,Diversified,168,, 
10/3/07,CTCT US,Constant Contact Inc,123.28,16,72.75,6700000.00,"CIBC, Stifel",Technology,439.29,, 
10/2/07,BFED US,Beacon Federal Bancorp Inc,94.875,10,16,9487500.00,Stifel,Financial,0,, 
10/2/07,IAN/U US,Inter-Atlantic Financial Inc,68.8824,8,0.625,7500000.00,Morgan Joseph TriArtisan Group Inc,Diversified,0,, 
9/27/07,TOH/U US,Resolute Energy Corp,552,10,-0.5,48000000.00,Citi,Energy,672,, 
9/27/07,DUF US,Deerfield Duff & Phelps LLC,152.72,16,14.6875,8300000.00,"Goldman Sachs, UBS",Financial,206.72,, 
9/26/07,VTM/H CN,Ventura Cannabis & Wellness Corp,0.228781,0.1,,,,"Consumer, Non-cyclical",0.427721,, 
9/25/07,BQR US,BlackRock EcoSolutions Investment Trust,235,20,0,11750000.00,Citi,Financial,0,, 
9/25/07,HTY US,John Hancock Tax-Advantaged Global Shareholder Yield Fund,187,20,1,8750000.00,UBS,Financial,0,17.2289, 
9/25/07,NGZ US,AllianzGI Global Equity & Convertible Income Fund,175,25,0,7000000.00,UBS,Financial,0,, 
9/25/07,IID US,Voya International High Dividend Equity Income Fund,162.5,20,-1.149999976,8125000.00,BofA Securities,Financial,0,24.6634, 
9/20/07,FAV US,First Trust Dividend and Income Fund,138,20,0,6400000.00,Raymond James & Associates,Financial,0,41.0212, 
9/19/07,1885807D US,athenahealth Inc,130.137,18,97.22222137,6286820.00,"Goldman Sachs, BofA Securities",Technology,568.81,3.08518, 
9/11/07,ENP US,Encore Energy Partners LP,213.116,21,0.142857149,9000000.00,"Lehman Brothers, UBS",Energy,508.42,, 
9/4/07,CDLUF US,CNC Development Ltd,46,8,0.125,5000000.00,Chardan Capital Markets LLC,Financial,0,, 
8/29/07,MSVN CN,ManifestSeven Holdings Corp,0.47105,0.1,105,5000000.00,Macquarie,"Consumer, Non-cyclical",0.84789,, 
8/27/07,SRV US,NXG Cushing Midstream Energy Fund,175,20,-0.5,8750000.00,"Deutsche Bank, Morgan Stanley",Financial,0,14.5762,New York
8/21/07,0353659D CN,PBS Coals Ltd,0.23525,0.2,59.99999619,1250000.00,Integral Wealth Securities Ltd,Energy,0.61165,, 
8/13/07,VMW US,VMware Inc,1100.55,29,75.86206818,33000000.00,"Deutsche Bank, BofA Securities, UBS, Lehman Brothers, JP Morgan, Citi",Technology,2178.48,6.33189, 
8/10/07,NNN/H CN,NiMin Energy Corp,0.28437,0.25,120,1200000.00,Haywood Securities Inc,Energy,0.75832,, 
8/9/07,ZINCQ US,American Zinc Recycling LLC,100.747,18,3.333333254,4867000.00,B Riley Financial Inc,Basic Materials,612.79,0.239773, 
8/8/07,1667717D US,DemandTec Inc,66,11,-15.090909,6000000.00,"UBS, Morgan Stanley",Technology,288.07,, 
8/7/07,MASI US,Masimo Corp,232.97,17,22.94117737,11916600.00,"Deutsche Bank, Piper Sandler & Co, Citi","Consumer, Non-cyclical",928.27,89.746,NASDAQ GS
8/7/07,0878522D US,Crestwood Midstream Partners LP/Old,120.75,21,0,5000000.00,"Goldman Sachs, UBS",Energy,243.36,, 
8/7/07,HIRE US,HireRight LLC,65.625,15,-1.799999952,4375000.00,UBS,"Consumer, Non-cyclical",168.33,, 
8/2/07,CXO US,Concho Resources Inc,276.232,11.5,12.173913,20887100.00,"BofA Securities, JP Morgan",Energy,846.78,21.0625, 
8/2/07,VRTU US,Virtusa Corp,61.6,14,-15.28571415,4400000.00,JP Morgan,Technology,319.58,, 
8/2/07,SCMP US,Sucampo Pharmaceuticals Inc,49.588,11.5,6.608695507,3750000.00,TD Securities,"Consumer, Non-cyclical",185.16,, 
8/1/07,G US,Genpact Ltd,568.235,14,19.6428566,35294100.00,"Morgan Stanley, Citi, JP Morgan",Technology,2963.84,109.823,New York
8/1/07,AMV/U US,BRC Group Holdings Inc,414,10,1,36000000.00,Citi,Financial,414,, 
8/1/07,DOLNQ US,Dolan LLC,224.388,14.5,22.20689583,13456500.00,"Goldman Sachs, BofA Securities",Technology,364.11,, 
7/26/07,ETJ US,Eaton Vance Risk-Managed Diversified Equity Income Fund,1404,20,0,65000000.00,Citi,Financial,0,21.8263,New York
7/26/07,INB US,Cohen & Steers Global Income Builder Inc,465.686,20,0,22500000.00,BofA Securities,Financial,0,12.6488, 
7/26/07,GOF US,Guggenheim Strategic Opportunities Fund,182,20,0,9100000.00,Wells Fargo,Financial,0,19.9785,New York
7/25/07,SEGI US,Sycamore Entertainment Group Inc,15,5,N/A,3000000.00,Maxim Group LLC,"Consumer, Cyclical",50.04,,OTC US
7/24/07,TYPE US,Monotype Imaging Holdings Inc,144.713,12,0.416666657,11000000.00,BofA Securities,Technology,408.7,10.2229, 
7/24/07,REXXQ US,Rex Energy Corp,112.2,11,-7.909090996,9600000.00,KeyBanc Capital Markets,Energy,338.74,, 
7/24/07,BLOG US,BladeLogic Inc,97.75,17,47.47058868,5000000.00,"Morgan Stanley, BofA Securities",Technology,453.13,, 
7/24/07,IVQ/U CN,Invesque Inc,1.44825,0.2,31.08908653,7500000.00,National Bank Financial Inc,Financial,2.41375,80.0968,Toronto
7/24/07,LXG/H CN,Lexagene Holdings Inc,0.23172,0.1,170,2400000.00,Leede Financial Markets Inc,"Consumer, Non-cyclical",0.46344,0.00355264, 
7/19/07,OWW US,Orbitz Worldwide Inc,510,15,-3.333333254,34000000.00,"Morgan Stanley, Lehman Brothers, JP Morgan, Goldman Sachs",Communications,1243.69,, 
7/19/07,HGGG US,hhgregg Inc,140.156,13,11.92307663,9375000.00,"Lehman Brothers, UBS","Consumer, Cyclical",419.14,0.0373991,OTC US
7/19/07,KHA/U US,KBL Healthcare Acquisition Corp III,138,8,2.375,15000000.00,Citi,Diversified,0,, 
7/19/07,AIRV US,Ericsson Evdo Inc,58.1,7,2.428571463,8300000.00,Morgan Stanley,Communications,443.59,, 
7/18/07,MFGLQ US,MF Global Holdings Ltd,2921.39,30,-8.166666985,97379800.00,"Citi, JP Morgan, Lehman Brothers, BofA Securities, UBS",Financial,3588.96,0.0282013, 
7/18/07,NZ US,Netezza LLC,124.2,12,44.91666794,9000000.00,"Morgan Stanley, UBS",Technology,683.77,, 
7/18/07,LIMC US,Limco-Piedmont Inc,55.66,11,20.90909004,4400000.00,Oppenheimer & Co,Industrial,147.68,, 
7/17/07,BKEP US,Blueknight Energy Partners LP,316.25,22,33.27272797,12500000.00,"Citi, BofA Securities",Energy,316.25,17.2502, 
7/17/07,DHX US,DHI Group Inc,220.896,13,3.076923132,16700000.00,"Morgan Stanley, UBS",Communications,805.49,76.3563,New York
7/17/07,EBTX US,Encore Bancshares Inc,47.575,21,6.809523582,1979760.00,Stifel,Financial,211.83,, 
7/10/07,LABC US,Louisiana Bancorp Inc/Metaire LA,60.95,10,9.5,6095000.00,Sandler O'Neill & Partners,Financial,0,, 
7/3/07,KKR US,KKR & Co Inc,0,0,,,,Financial,0,63.9223,New York
7/2/07,SHOR US,ShoreTel Inc,86.3075,9.5,27.89473724,7900000.00,"JP Morgan, Lehman Brothers",Communications,403.19,0.0161888, 
6/29/07,CNWUF US,China Networks International Holdings Ltd,56,8,0.375,7000000.00,"Jesup & Lamont Securities Corp, RBC Capital Markets",Communications,0,, 
6/28/07,BLIN US,Bridgeline Digital Inc,16,5,0,3000000.00,Joseph Gunnar & Co,Communications,37.37,15.2988,NASDAQ CM
6/28/07,AR CN,Argonaut Gold Inc,0.4707,0.1,200,5000000.00,Macquarie,Basic Materials,0.70605,, 
6/27/07,CHW US,Calamos Global Dynamic Income Fund,885,15,0.06666667,56000000.00,"Wells Fargo, Citi",Financial,0,30.8921,NASDAQ GS
6/27/07,PPO US,Polypore International LP,285,19,-5.105263233,15000000.00,JP Morgan,Industrial,765.83,, 
6/27/07,DCW US,DCW Total Return Fund,150,20,0.050000001,7500000.00,Wells Fargo,Financial,0,, 
6/27/07,PRO US,PROS Holdings Inc,86.3368,11,16.81818199,6825000.00,"Deutsche Bank, JP Morgan",Technology,283.67,7.84397, 
6/27/07,FOODU US,Vaughan Foods Inc,13.975,6.5,0.769230783,2150000.00,Paulson Investment Co Inc,"Consumer, Non-cyclical",0,, 
6/26/07,XCRRX US,Invesco Dynamic Credit Opportunity Fund,1480,20,,,"Morgan Stanley, UBS",Funds,0,, 
6/26/07,JTD US,Nuveen Tax-Advantaged Dividend Growth Fund,297,20,0.050000001,14250000.00,Citi,Financial,0,4.74583, 
6/26/07,1349322D US,MLP & Strategic Equity Fund Inc,290.01,20,0,13250000.00,"BofA Securities, AG Edwards & Sons LLC",Financial,0,, 
6/26/07,DEX US,Delaware Enhanced Global Dividend & Income Fund,258.484,20,0.050000001,11750000.00,"BofA Securities, AG Edwards & Sons LLC",Financial,0,13.1223, 
6/26/07,SEP US,Spectra Energy Partners LP,253,22,30.22727203,10000000.00,"Lehman Brothers, Citi",Energy,981.86,, 
6/26/07,DRP US,DWS RREEF World Real Estate Fund Inc,242.5,20,0.25,11125000.00,BofA Securities,Financial,0,, 
6/26/07,BKCC US,BlackRock Capital Investment Corp,160,16,-9.0625,10000000.00,"Citi, BofA Securities, Wells Fargo, JP Morgan",Financial,818.49,6.68833, 
6/26/07,DDUP US,Data Domain Inc,127.478,15,66.33333588,7390000.00,"Morgan Stanley, Goldman Sachs",Technology,793.22,, 
6/26/07,SCOR US,comScore Inc,100.568,16.5,42.24242401,5300000.00,UBS,Communications,464.97,40.8558,NASDAQ GS
6/26/07,1901522D US,AuthenTec Inc,82.5,11,-9.090909004,7500000.00,Lehman Brothers,Technology,286,, 
6/25/07,GGA/U US,GSC Acquisition Co,207,10,2.700000048,18000000.00,Citi,Diversified,0,, 
6/25/07,TVPC US,Twin Vee Powercats Inc,8.05,3.5,-16.5714283,2300000.00,Lane Capital Markets LLC,"Consumer, Cyclical",29.87,, 
6/22/07,TIPT US,Tiptree Inc,225,15,-10,15000000.00,"UBS, BofA Securities",Financial,315.19,45.779,NASDAQ CM
6/22/07,AOI LN,Ascendx Spine Inc,15.7144,344,2.470930338,2325580.00,"TD Securities, Deutsche Bank","Consumer, Non-cyclical",57.7371,, 
6/21/07,BX US,Blackstone Inc,4753.33,31,13.0967741,133333000.00,"Citi, Morgan Stanley, UBS, Lehman Brothers, BofA Securities, Deutsche Bank",Financial,7274.71,73.0126,New York
6/21/07,1519521D LN,Boyd Watterson Holding Co,120,6,-4.166666508,20000000.00,Sunrise Securities,Financial,0,, 
6/21/07,UGE/H CN,Underground Energy Corp,0.1862,0.1,24.99999809,2000000.00,Union Securities Ltd,Energy,0.3724,, 
6/19/07,AII/U US,Boise Inc,414,10,1.200000048,36000000.00,Lazard,Basic Materials,0,, 
6/15/07,FCOM LN,First Communications Inc,50,5,0,10000000.00,,Communications,0,, 
6/13/07,LEAF LN,Leaf Clean Energy Co,394.62,100,6,200000000.00,,Energy,0,79.2627, 
6/13/07,GRBK US,Green Brick Partners Inc,63.3937,10.5,0.095238097,5250000.00,"Citi, JP Morgan, AG Edwards & Sons LLC","Consumer, Cyclical",160.96,80.8112,New York
6/13/07,CBAY LN,MModal Inc,25.3222,89,6.179775238,14325500.00,,Technology,114.148,, 
6/12/07,BWY US,Mauser Packaging Solutions Holding Co,150.588,15,-2.666666746,10039200.00,"BofA Securities, Goldman Sachs",Industrial,323.79,, 
6/8/07,MAXJ LN,Maxjet Airways Inc,100.501,138,1.449275374,36601800.00,,"Consumer, Cyclical",188.671,, 
6/8/07,PEX/U US,Apex Bioventures Acquisition Corp,69,8,0.625,7500000.00,Lazard,Diversified,0,, 
6/7/07,EGIOQ US,Edgio Inc,276,15,47.86666489,16000000.00,Goldman Sachs,Communications,1227.5,34.0926, 
6/7/07,FBRC US,FBR & Co,220.846,17,5.882352829,12035000.00,"B Riley Financial Inc, Lehman Brothers",Financial,1114.92,0.00467664, 
6/6/07,INFN US,Infinera Corp,209.3,13,51.57692337,14000000.00,Goldman Sachs,Communications,1108.08,17.2298, 
6/5/07,8249434Q US,Starent Networks Corp,145.381,12,16.75,10534800.00,"Goldman Sachs, Lehman Brothers",Communications,767.97,, 
6/5/07,RGDXQ US,Response Genetics Inc,21,7,0,3000000.00,Maxim Group LLC,"Consumer, Non-cyclical",71.68,,OTC US
5/31/07,STAQU US,Stoneleigh Partners Acquisition Corp,222.78,8,0.75,25000000.00,HCFP/Brenner Securities LLC,Diversified,0,, 
5/31/07,JAZZ US,Jazz Pharmaceuticals PLC,108,18,-1.5,6000000.00,"Morgan Stanley, Lehman Brothers","Consumer, Non-cyclical",441.91,103.545,NASDAQ GS
5/31/07,HTL CN,Hamilton Thorne Ltd,1.66341,0.1,100,17800000.00,"Haywood Securities Inc, Jennings Capital Inc","Consumer, Non-cyclical",2.07459,101.546, 
5/30/07,FOLD US,Amicus Therapeutics Inc,75,15,-3.799999952,5000000.00,"BofA Securities, Morgan Stanley","Consumer, Non-cyclical",333.52,105.643,NASDAQ GM
5/29/07,TYR LN,TyraTech Inc,50.0625,500,1,5000000.00,Nomura,Basic Materials,217.976,7.34977, 
5/25/07,FGB US,First Trust Specialty Finance and Financial Opportunities Fund,246,20,0,12300000.00,AG Edwards & Sons LLC,Financial,0,19.3974, 
5/25/07,1992972D US,RMR Asia Real Estate Fund,95,20,0.100000002,4750000.00,RBC Capital Markets,Financial,0,, 
5/24/07,BGY US,BlackRock Enhanced International Dividend Trust,2126,20,0,98500000.00,Wells Fargo,Financial,0,39.464,New York
5/24/07,1849818D US,Advent Claymore Convertible Securities and Income Fund II,636.118,20,0,28750000.00,BofA Securities,Funds,0,1.9063, 
5/24/07,DPO US,Dow 30 Enhanced Premium & Income Fund Inc,535.16,20,0.050000001,25000000.00,BofA Securities,Financial,0,, 
5/24/07,VTG/U US,Vantage Drilling Co,276,8,1,30000000.00,Deutsche Bank,Energy,0,, 
5/24/07,1567639D US,RiverSource LaSalle International Real Estate Fund Inc,222.5,25,0,8900000.00,Citi,Financial,0,, 
5/24/07,HNW US,Pioneer Diversified High Income Fund Inc,182.5,25,-100,7300000.00,"BofA Securities, UBS",Financial,0,14.866, 
5/24/07,WWAYU US,Westway Group Inc,138,6,1.666666627,20000000.00,"CIBC, CRT Capital","Consumer, Cyclical",0,, 
5/24/07,CLNE US,Clean Energy Fuels Corp,138,12,0.333333343,10000000.00,"Piper Sandler & Co, WR Hambrecht + Co LLC","Consumer, Cyclical",548.32,49.9001,NASDAQ GS
5/24/07,HLCSQ US,Helicos BioSciences Corp,52.173,9,-5.888888836,5400000.00,UBS,"Consumer, Non-cyclical",188.253,, 
5/23/07,TTSPU US,Transtech Services Partners Inc,41.4,8,0.25,4500000.00,"Maxim Group LLC, TD Securities",Diversified,0,, 
5/22/07,1369764D US,RSC Holdings Inc,458.333,22,-13.63636398,20833300.00,"Lehman Brothers, Morgan Stanley, Deutsche Bank","Consumer, Non-cyclical",2269.26,, 
5/22/07,ACDQU US,Arcade Acquisition Corp,69,8,1.875,7500000.00,Morgan Joseph TriArtisan Group Inc,Diversified,0,, 
5/22/07,SIRT US,Sirtris Pharmaceuticals Inc,69,10,7.599999905,6000000.00,JP Morgan,"Consumer, Non-cyclical",286.89,, 
5/22/07,RTHM LN,Rhythmone PLC,50.6095,45,40,56444400.00,Citi,Communications,246.602,63.7451, 
5/18/07,BUS/U US,Columbus Acquisition Corp,115,8,0.875,12500000.00,"Ladenburg Thalmann & Co, Lazard",Diversified,0,, 
5/17/07,TRS US,TriMas Corp,139.15,11,6.818181992,11000000.00,"BofA Securities, Goldman Sachs",Industrial,367.5,121.702,NASDAQ GS
5/17/07,ENOC US,Enel X North America Inc,112.125,26,19.73077011,3750000.00,"Morgan Stanley, UBS",Utilities,467.24,0.0285016, 
5/16/07,9903653D US,TechTarget Inc,115.115,13,13.76923084,7700000.00,"Lehman Brothers, Morgan Stanley",Communications,507.77,, 
5/16/07,2571630D US,CAI International Inc,87,15,0,5800000.00,Piper Sandler & Co,"Consumer, Non-cyclical",256.63,, 
5/16/07,VRX LN,Vectrix Corp,75.0035,52,-11.53846169,72000000.00,HSBC,"Consumer, Cyclical",266.692,, 
5/15/07,GENNQ US,Genesis Healthcare Inc,297.084,15.5,2.580645084,16666700.00,"BofA Securities, UBS","Consumer, Non-cyclical",258.33,0.000284618,OTC US
5/14/07,CLR US,Continental Resources Inc/OK,442.5,15,-6,29500000.00,"BofA Securities, JP Morgan",Energy,2520.28,1.52808, 
5/14/07,PODD US,Insulet Corp,125.475,15,6.400000095,7700000.00,"BofA Securities, JP Morgan","Consumer, Non-cyclical",394.47,114.629,NASDAQ GS
5/14/07,PINN US,Pinnacle Gas Resources Inc,36.0775,9,-4.555555344,3750000.00,B Riley Financial Inc,Energy,260.35,, 
5/14/07,974072Z CN,Scandium International Mining Corp,9.9418,1,,,Canaccord Financial Inc,Basic Materials,0,, 
5/11/07,BTI/H CN,Bioasis Technologies Inc,0.53862,0.15,66.66665649,4000000.00,Haywood Securities Inc,"Consumer, Non-cyclical",0.727137,, 
5/10/07,SLH US,Solera Holdings Inc,483,16,15,26250000.00,"Goldman Sachs, JP Morgan",Technology,1039.71,2.65759, 
5/10/07,JMP US,JMP Group LLC,101.189,11,11.81818199,7999100.00,"Citizens Financial Group Inc, BofA Securities, Stifel",Financial,242,, 
5/10/07,ALBO US,Albireo Pharma Inc,86.25,15,20,5000000.00,Morgan Stanley,"Consumer, Non-cyclical",302.41,31.6277, 
5/10/07,ANVGQ US,Hycroft Mining Corp,0,0,,,,Basic Materials,0,0.038972, 
5/9/07,ACM US,AECOM,808.45,20,5.5,35150000.00,"Morgan Stanley, BofA Securities, UBS",Industrial,1952.15,94.4483,New York
5/9/07,NHC CN,Nobilis Health Corp,153.989,12.25,7.755102158,12087700.00,BMO Capital Markets,"Consumer, Non-cyclical",133.9,6.06265, 
5/8/07,TOMO US,TomoTherapy Inc,256.594,19,19.31579018,11743400.00,BofA Securities,"Consumer, Non-cyclical",926.22,, 
5/3/07,IBKR US,Interactive Brokers Group Inc,1200.4,30.01,4.298566341,40000000.00,"HSBC, WR Hambrecht + Co LLC",Financial,1206.42,88.8722,NASDAQ GS
5/1/07,CAVM US,Cavium LLC,104.794,13.5,21.85185242,6750000.00,"Morgan Stanley, Lehman Brothers",Technology,534.2,, 
5/1/07,NGSX US,NeurogesX Inc,44,11,-6.818181992,4000000.00,Morgan Stanley,"Consumer, Non-cyclical",137.37,0.232047, 
4/26/07,1664784D US,Gilead Pharmasset LLC,49.5,9,0.777777791,5000000.00,"BofA Securities, UBS","Consumer, Non-cyclical",189.18,, 
4/25/07,AWP US,abrdn Global Premier Propertie,2110.32,20,0.050000001,100000000.00,BofA Securities,Financial,0,12.0717,New York
4/25/07,JGT US,Nuveen Diversified Currency Opportunities Fund,800,20,0.100000002,40000000.00,Wells Fargo,Financial,0,, 
4/25/07,OREXQ US,Orexigen Therapeutics Inc,96.6,12,8.333333015,7000000.00,BofA Securities,"Consumer, Non-cyclical",322.92,, 
4/25/07,DAL US,Delta Air Lines Inc,0,0,,,,"Consumer, Cyclical",0,88.6938,New York
4/24/07,VRY/U US,Victory Acquisition Corp,330,10,3.5,30000000.00,Citi,Financial,330,, 
4/24/07,CYLUU US,Cyalume Technologies Holdings Inc,58.5,8,-1,7312500.00,,Basic Materials,0,, 
4/23/07,EDD US,Morgan Stanley Emerging Markets Domestic Debt Fund Inc,1395,20,0.25,63750000.00,Morgan Stanley,Financial,0,62.7198,New York
4/23/07,CNK US,Cinemark Holdings Inc,537.075,19,-0.473684222,28000000.00,"Lehman Brothers, UBS, BofA Securities, Morgan Stanley","Consumer, Cyclical",2022.55,111.506,New York
4/20/07,CHM/U US,China Healthcare Acquisition Corp,58.5093,6,1,8500000.00,RBC Capital Markets,Diversified,0,, 
4/19/07,PNNT US,PennantPark Investment Corp,309.375,15,-4,20000000.00,"JP Morgan, BofA Securities, Truist Securities Inc, UBS",Financial,315.38,20.7093,New York
4/19/07,DEEPQ US,Superior Offshore International Inc,175.375,15,16.93333244,10166700.00,"JP Morgan, BofA Securities",Energy,385,, 
4/18/07,TMUS US,T-Mobile US Inc,1322.5,23,19.13043404,50000000.00,"JP Morgan, BofA Securities, Morgan Stanley",Communications,7963.7,41.8335,NASDAQ GS
4/17/07,MBH/U US,MBF Healthcare Acquisition Corp,172.5,8,0.25,18750000.00,BofA Securities,Diversified,212.75,, 
4/12/07,COMV US,Itron Distributed Energy Management Inc,109.71,18,23.94444466,5300000.00,Citi,Utilities,329.63,, 
4/4/07,1923730D AU,Boart Longyear Ltd,1843.6,1.85,-2.702703953,1269160000.00,"Goldman Sachs, Macquarie, UBS",Industrial,2249.62,, 
4/4/07,ESSA US,ESSA Bancorp Inc,126.5,0,,12650000.00,Stifel,Financial,0,15.4212, 
4/4/07,DLGC US,Dialogic Inc,72,8,-2.5,9000000.00,"UBS, Lehman Brothers",Communications,320.84,, 
4/4/07,CMSB US,CMS Bancorp Inc,17.25,0,,1725000.00,Stifel,Financial,0,, 
3/29/07,GSIT US,GSI Technology Inc,35.3711,5.5,-3.818181753,6131110.00,"WR Hambrecht + Co LLC, Needham Group Inc/The",Technology,151.44,26.6368,NASDAQ GS
3/28/07,FHO US,First Trust Strategic High Income Fund III,155,20,0,7750000.00,RBC Capital Markets,Financial,0,, 
3/28/07,SMCI US,Super Micro Computer Inc,73.6,8,9.5,8000000.00,BofA Securities,Technology,228.99,56.6315,NASDAQ GS
3/28/07,SENO US,SenoRx LLC,50.6,8,2.25,5500000.00,"Citi, BofA Securities","Consumer, Non-cyclical",126.44,, 
3/27/07,EOD US,Allspring Global Dividend Oppo,900,20,0,43500000.00,Wells Fargo,Financial,0,40.3723,New York
3/27/07,BFD US,BlackRock Global Equity Income Trust,898.399,20,0,40000000.00,BofA Securities,Financial,0,, 
3/27/07,JCE US,Nuveen Core Equity Alpha Fund,327,20,0,15500000.00,UBS,Financial,0,31.6104,New York
3/27/07,IAE US,Voya Asia Pacific High Dividend Equity Income Fund,275,25,0.119999997,11000000.00,Citi,Financial,0,44.9604,New York
3/27/07,MEJ/U US,Santa Monica Media Corp,100,8,-1.625,12500000.00,Citi,Financial,0,, 
3/26/07,ARUN US,Aruba Networks LLC,101.2,11,28.63636398,8000000.00,"Goldman Sachs, Lehman Brothers",Communications,826.55,0.00929332, 
3/23/07,SAR US,Saratoga Investment Corp,108.75,15,-1.666666627,7250000.00,"JP Morgan, Citi, Wells Fargo",Financial,124.37,13.2961,New York
3/23/07,HDS/U US,Alpha Security Group Corp,60,10,-1.200000048,6000000.00,Maxim Group LLC,Diversified,0,, 
3/21/07,GLUU US,Glu Mobile Inc,86.2439,11.5,6.86956501,7300000.00,Goldman Sachs,Technology,329.33,, 
3/21/07,2510772D CN,Gold X Mining Corp,0.17266,0.1,630,2000000.00,Integral Wealth Securities Ltd,Basic Materials,0.34532,, 
3/20/07,CQP US,Cheniere Energy Partners LP,326.025,21,3.380952358,13500000.00,"Citi, UBS, BofA Securities",Energy,554.74,47.0013,New York
3/16/07,FCSX US,FCStone Group Inc,140.76,24,29.70833397,5100000.00,"BofA Securities, BMO Capital Markets",Financial,435.84,, 
3/14/07,BBND US,BigBand Networks Inc,159.965,13,30.76922989,10700000.00,"Morgan Stanley, BofA Securities",Communications,742.55,, 
3/9/07,TVH/U US,Media & Entertainment Holdings Inc,99.36,8,0,10800000.00,"Lazard, Ladenburg Thalmann & Co",Diversified,0,, 
3/9/07,VYCO LN,Vycon Inc,17.2792,89,23.59550476,10307300.00,,Utilities,52.031,, 
3/8/07,FIRE US,Sourcefire Inc,99.5325,15,3.266666651,5770000.00,"Morgan Stanley, Lehman Brothers",Communications,346.71,, 
3/7/07,CLWR US,Clearwire Corp,600,25,-1.519999981,24000000.00,"Morgan Stanley, JP Morgan, BofA Securities",Communications,3333.12,, 
3/7/07,SHJ/U US,Barzel Industries Inc,150,8,0.125,18750000.00,CIBC,Basic Materials,0,, 
3/7/07,ESSXU US,Essex Rental Corp,103.5,8,2,11250000.00,EarlyBirdCapital.com,"Consumer, Non-cyclical",0,, 
2/28/07,CHV/U US,Churchill Ventures Ltd,107.779,8,0,12500000.00,BofA Securities,Diversified,0,, 
2/23/07,2320711D CN,BlueScout Technologies Ltd,0.69024,0.2,2.499998569,4000000.00,Canaccord Financial Inc,"Consumer, Non-cyclical",1.21655,0.0891618, 
2/22/07,EXG US,Eaton Vance Tax-Managed Global Diversified Equity Income Fund,6034,20,0,275000000.00,Wells Fargo,Financial,0,21.3695,New York
2/22/07,NIE US,Virtus Equity & Convertible Income Fund,507.5,25,0,20300000.00,Citi,Financial,0,26.3824,New York
2/21/07,1793654D US,Highland Distressed Opportunities Inc,259.264,15,0,17000000.00,"BofA Securities, Wells Fargo, Citi",Financial,264.26,, 
2/15/07,SLRY US,Kenexa Compensation Inc,68.8275,10.5,19.04761887,5700000.00,Stifel,Technology,161.33,, 
2/14/07,OPXT US,Oclaro Fiber Optics Inc,291.687,15,16,16909400.00,Goldman Sachs,Communications,968.24,, 
2/14/07,QRR US,Quadra Realty Trust Inc,250.05,15,1.066666722,16670000.00,"UBS, Wells Fargo",Financial,385.8,, 
2/14/07,BBDC US,Barings BDC Inc,71.55,15,6.666666508,4200000.00,Raymond James & Associates,Financial,100.3,46.4248,New York
2/13/07,3420150Q US,Finjan Holdings Inc,9.9,5.5,-7.272727489,1800000.00,Paulson Investment Co Inc,Technology,0,, 
2/12/07,GAC/U US,Geneva Acquisition Corp,69,6,0.833333314,10000000.00,Lazard,Diversified,0,, 
2/9/07,OPTR US,Optimer Pharmaceuticals LLC,56.35,7,21.4285717,7000000.00,"Jefferies, Piper Sandler & Co","Consumer, Non-cyclical",159.58,, 
2/9/07,PSID US,PositiveID Corp,20.15,6.5,0,3100000.00,Merriman Holdings Inc,Technology,59.51,0.0162562, 
2/8/07,2060389D US,Fortress Investment Group LLC,729.435,18.5,67.56756592,34286000.00,"Lehman Brothers, Goldman Sachs, Deutsche Bank, Citi, BofA Securities",Financial,1653.11,, 
2/8/07,NGLS US,Targa Resources Partners LP,405.72,21,13.14285755,16800000.00,"Goldman Sachs, UBS, Citi, BofA Securities",Energy,352.8,, 
2/8/07,SDXC US,Switch & Data Facilities Co Inc,228.083,17,11.76470566,11666700.00,"Jefferies, Deutsche Bank",Communications,574.71,, 
2/8/07,PRTS US,CarParts.com Inc,115,10,19,10000000.00,"RBC Capital Markets, Stifel",Communications,298.33,26.3024,NASDAQ CM
2/8/07,TIL/U US,Trans-India Acquisition Corp,92,8,2,10000000.00,"CRT Capital, I-Bankers Securities Inc",Diversified,0,, 
2/7/07,NCMI US,National CineMedia Inc,882,21,22.23809433,38000000.00,"UBS, Morgan Stanley, Lehman Brothers, JP Morgan",Communications,798,89.0733,NASDAQ GS
2/7/07,ARAY US,Accuray Inc,331.2,18,58.16666794,16000000.00,"UBS, JP Morgan","Consumer, Non-cyclical",939.82,71.3806,NASDAQ GS
2/6/07,USQ/U US,Union Street Acquisition Corp,100,8,-1.25,12500000.00,BofA Securities,Diversified,0,, 
2/6/07,MDGL US,Madrigal Pharmaceuticals Inc,50,10,-9.100000381,5000000.00,"Lehman Brothers, JP Morgan","Consumer, Non-cyclical",338.17,113.229,NASDAQ GS
2/2/07,MIPIQ US,Molecular Insight Pharmaceuticals Inc,70,14,0.642857134,5000000.00,"Jefferies, RBC Capital Markets","Consumer, Non-cyclical",344.95,0.240372, 
2/1/07,DEK/U US,Dekania Corp,99.624,10,0.100000002,9700000.00,"BofA Securities, Maxim Group LLC",Diversified,0,, 
2/1/07,CORRQ US,CorEnergy Infrastructure Trust Inc,86.1,15,0,5740000.00,BofA Securities,Financial,132.43,, 
2/1/07,1334197D US,Xtent Inc,75.2,16,3,4700000.00,Piper Sandler & Co,"Consumer, Non-cyclical",364.74,, 
1/31/07,1846567D US,Information Services Group Inc,258.75,8,1.875,28125000.00,Deutsche Bank,"Consumer, Non-cyclical",0,, 
1/31/07,0861757D US,Animal Health Holdings Inc,149.27,11,13.18181801,11800000.00,JP Morgan,"Consumer, Non-cyclical",267.66,, 
1/30/07,EIG US,Employers Holdings Inc,522.963,17,17.47058868,26750000.00,Morgan Stanley,Financial,896.16,88.7477,New York
1/30/07,DEP US,Duncan Energy Partners LP,313.95,21,9.761904716,13000000.00,"Lehman Brothers, UBS",Energy,467.28,, 
1/30/07,2259062D US,HFF Inc,296.01,18,3.888888836,14300000.00,"Morgan Stanley, Goldman Sachs",Financial,257.4,, 
1/30/07,NTQ/U US,NTR Acquisition Co,245.572,10,-0.600000024,24000000.00,Citi,Diversified,0,, 
1/29/07,RAK/U US,Renaissance Acquisition Corp,107.64,6,0.333333343,15600000.00,Ladenburg Thalmann & Co,Diversified,0,, 
1/26/07,GDL US,GDL Fund/The,425,20,0,18750000.00,BofA Securities,Financial,0,61.487,New York
1/25/07,AOD US,abrdn Total Dynamic Dividend F,3715.91,20,2.5,176000000.00,Wells Fargo,Financial,0,35.9696,New York
1/25/07,1224790D US,NASDAQ Premium Income & Growth Fund,364,20,0,16750000.00,BofA Securities,Financial,0,, 
1/25/07,SNOA US,Sonoma Pharmaceuticals Inc,26.8284,8,-2.5,3025000.00,Roth Capital Partners Inc,"Consumer, Non-cyclical",97.82,7.14864,NASDAQ CM
1/24/07,EVOQ US,EVOQ Properties Inc,455.5,10,6,40000000.00,"UBS, B Riley Financial Inc",Financial,858.65,, 
1/24/07,ORIT US,Oritani Financial Corp,0,0,,12971900.00,,Financial,0,, 
1/22/07,AVAV US,AeroVironment Inc,130.985,17,40.76470566,6700000.00,Goldman Sachs,Industrial,308.66,65.3768,NASDAQ GS
1/19/07,MVO US,MV Oil Trust,172.5,20,11.85000038,7500000.00,Raymond James & Associates,Energy,252.5,16.7455,New York
1/19/07,AINC LN,Applied Intellectual Capital Ltd,39.3993,95,5.789473534,21000000.00,Mirabaud Securities,Industrial,79.312,, 
1/17/07,HBNK US,Hampden Bancorp Inc,65.8375,0,,6583750.00,Stifel,Financial,0,, 
1/11/07,9999888D US,Legacy Reserves LP,131.1,19,6.842105389,6000000.00,"B Riley Financial Inc, Wells Fargo",Energy,481.85,, 
12/21/06,BTZ US,BlackRock Credit Allocation Income Trust,1293.75,25,0,47000000.00,BofA Securities,Financial,0,36.3739,New York
12/21/06,GLG/U US,GLG Partners Inc,528,10,0,48000000.00,Citi,Financial,648,, 
12/21/06,SHNDU US,Shine Media Acquisition Corp,41.4,6,2.5,6000000.00,Merriman Holdings Inc,Diversified,0,, 
12/21/06,UPGI US,Universal Power Group Inc,21,7,5,3000000.00,"Ladenburg Thalmann & Co, Wunderlich Securities Inc",Industrial,35,, 
12/20/06,TAQ/U US,Transforma Acquisition Group Inc,100,8,-0.375,12500000.00,"CRT Capital, BofA Securities",Diversified,0,, 
12/20/06,ARTEQ US,Artes Medical Inc,31.74,6,27.83333397,4600000.00,"Lazard, TD Securities","Consumer, Non-cyclical",97.95,, 
12/20/06,DMA CN,DiaMedica Therapeutics Inc,4.78775,1,10,5500000.00,Eight Capital,"Consumer, Non-cyclical",15.2512,48.9208, 
12/19/06,PLTE US,Evraz Claymont Steel Inc,170.085,17,8.470588684,8700000.00,Jefferies,Basic Materials,298.64,, 
12/19/06,DSUPQ US,Dayton Superior Corp,97.2,12,-4.166666508,7850000.00,Robert W Baird & Co,Industrial,228.28,0.0249414, 
12/15/06,DBTK US,Double-Take Software Inc,94.875,11,15.090909,7500000.00,"Stifel, TD Securities",Technology,225.53,, 
12/15/06,RAQPU US,Restaurant Acquisition Partners Inc,20,6,0,3333330.00,Capital Growth Financial LLC,Diversified,0,, 
12/14/06,CDVIQ US,Cal Dive International Inc,288.249,13,-5,22173000.00,"JP Morgan, BofA Securities",Energy,1100.84,0.507215,OTC US
12/14/06,USBE US,US BioEnergy Corp,161,14,7.857142925,10000000.00,"UBS, Piper Sandler & Co",Energy,948.28,, 
12/14/06,AIMC US,Altra Industrial Motion Corp,155.25,13.5,5.85185194,10000000.00,BofA Securities,Industrial,311.68,, 
12/14/06,TAST US,Carrols Restaurant Group Inc,143,13,16.92307663,10000000.00,"Wells Fargo, BofA Securities","Consumer, Cyclical",281.13,17.8912, 
12/14/06,ISLN US,Isilon Systems Inc,124.833,13,77.69230652,8350000.00,"Morgan Stanley, BofA Securities",Technology,802.69,, 
12/14/06,AFFY US,Affymax Inc,106.375,25,35.52000046,3700000.00,Morgan Stanley,"Consumer, Non-cyclical",350.34,,OTC US
12/14/06,WSFGQ US,WSB Financial Group Inc,43.6425,16.5,13.33333302,2300000.00,DA Davidson & Co,Financial,91.23,,OTC US
12/13/06,NEWS US,First Eagle Private Credit LLC,234.6,17,4.176470757,12000000.00,"Goldman Sachs, Morgan Stanley",Financial,616.49,, 
12/13/06,ATN US,Atlas Energy Resources LLC,152.749,21,5.238095284,6325000.00,UBS,Energy,790.09,, 
12/13/06,OMPI US,TBD-OMP Inc,58.85,11,-8.181818008,5350000.00,JP Morgan,"Consumer, Non-cyclical",239.79,, 
12/13/06,2244179D US,MEDecision Inc,47,10,0,4700000.00,TD Securities,Technology,149.42,, 
12/12/06,1817382D US,DCT Industrial Trust Inc,199.675,12.25,0.816326559,16300000.00,"BofA Securities, Wells Fargo",Financial,2062.35,, 
12/12/06,IPGP US,IPG Photonics Corp,170.775,16.5,55.15151596,9000000.00,"Lehman Brothers, BofA Securities",Technology,729.8,93.8137,NASDAQ GS
12/12/06,GUID US,Guidance Software Inc,66.125,11.5,32,5000000.00,Morgan Stanley,Technology,253.69,0.0383596, 
12/11/06,BCIC US,BCP Investment Corp,216.93,15,5.733333111,13500000.00,"BofA Securities, Lehman Brothers",Financial,269.19,17.5122,NASDAQ GS
12/7/06,HLYS US,Heelys Inc,155.164,21,55.23809433,6425000.00,"Wells Fargo, JP Morgan","Consumer, Cyclical",567.61,0.00979288, 
12/7/06,ALGT US,Allegiant Travel Co,103.5,18,39.44444275,5000000.00,BofA Securities,"Consumer, Cyclical",356.33,95.3118,NASDAQ GS
12/6/06,MVE/U US,Smart Move Inc,16.56,5,1,2880000.00,"I-Bankers Securities Inc, Newbridge Securities Corp",Industrial,50.8,, 
12/4/06,0117799D US,Penn Virginia GP Holdings LP,127.65,18.5,-2.702702761,6300000.00,"UBS, Lehman Brothers",Energy,721.96,, 
11/29/06,NLST US,Netlist Inc,50.3125,7,15.71428585,6250000.00,Stifel,Technology,143.37,1.13299,OTC US
11/27/06,ETY US,Eaton Vance Tax-Managed Diversified Equity Income Fund,2860,20,0,131000000.00,Wells Fargo,Financial,0,22.0352,New York
11/27/06,CREX US,Creative Realities Inc,20.7,4,16.75,4500000.00,Feltl & Co,"Consumer, Cyclical",31.94,26.0567,NASDAQ CM
11/22/06,CTS LN,Catalytic Solutions Inc,30.1912,123,9.349593163,12870000.00,Canaccord Financial Inc,Industrial,150.318,, 
11/21/06,DHG US,Deutsche High Income Opportunities Fund Inc,1020,20,0.25,45500000.00,Morgan Stanley,Financial,0,, 
11/20/06,SPR US,Spirit AeroSystems Holdings Inc,1646.99,26,11.53846169,55083300.00,"UBS, Morgan Stanley, Goldman Sachs",Industrial,1646.99,6.246, 
11/20/06,FOF US,Cohen & Steers Closed-End Opportunity Fund Inc,500.647,20,0.5,23750000.00,BofA Securities,Financial,0,20.1111,New York
11/20/06,WLDN US,Willdan Group Inc,33.35,10,5.599999905,2900000.00,Wedbush Securities Inc,"Consumer, Non-cyclical",71.48,81.089,NASDAQ GM
11/16/06,FSLR US,First Solar Inc,458.85,20,23.70000076,20000000.00,"Morgan Stanley, UBS",Energy,1446.61,100.029,NASDAQ GS
11/16/06,NMX US,NYMEX Holdings Inc,441.025,59,125.4067764,6500000.00,"JP Morgan, BofA Securities",Financial,5189.94,, 
11/16/06,VQ US,Venoco LLC,214.429,17,0,12500000.00,"Lehman Brothers, UBS, JP Morgan",Energy,725.77,, 
11/15/06,HRI US,Herc Holdings Inc,1323.53,15,130,88235000.00,"JP Morgan, Goldman Sachs, BofA Securities, Lehman Brothers","Consumer, Non-cyclical",4809.29,110.841,New York
11/15/06,KBR US,KBR Inc,544.272,17,22.05882263,27840000.00,"UBS, Goldman Sachs",Technology,2849.93,99.5118,New York
11/15/06,HNSN US,Hansen Medical Inc,86.25,12,1.666666627,6250000.00,"JP Morgan, Morgan Stanley","Consumer, Non-cyclical",257.9,, 
11/14/06,SNMP US,Evolve Transition Infrastructu,108.675,21,4.523809433,4500000.00,"Lehman Brothers, Citi",Energy,247.15,99.1888, 
11/14/06,EBS US,Emergent BioSolutions Inc,62.5,12.5,-6.400000095,5000000.00,JP Morgan,"Consumer, Non-cyclical",342.75,87.7475,New York
11/10/06,ADK/U US,AdCare Health Systems Inc,6.6785,9.5,2.631578922,703000.00,"Newbridge Securities Corp, Joseph Gunnar & Co","Consumer, Non-cyclical",0,, 
11/9/06,YTENQ US,Yield10 Bioscience Inc,109.48,14,10.85714245,6800000.00,Piper Sandler & Co,"Consumer, Non-cyclical",285.8,,OTC US
11/9/06,CPLA US,Capella Education Co,92,20,25.54999924,4000000.00,"UBS, BofA Securities, Piper Sandler & Co, Stifel","Consumer, Non-cyclical",307.32,, 
11/9/06,MANF US,Manifold Capital Corp,89.681,13,-1.153846145,6898540.00,"JP Morgan, UBS",Diversified,477.91,, 
11/9/06,SLTM US,Solta Medical Inc,43.05,7,-3.571428537,6000000.00,BofA Securities,"Consumer, Non-cyclical",157.64,, 
11/9/06,XWE CN,World Energy Solutions Inc/MA,28.4887,1.05,4.54E-06,27441100.00,Cormark Securities Inc,Technology,67.6699,, 
11/8/06,1899786D US,Intact Insurance Group USA Holdings Inc,690,25,4.039999962,24000000.00,Lehman Brothers,Financial,600,0.0360645, 
11/8/06,KBW US,KBW LLC,164.22,21,27.76190567,6800000.00,"Stifel, BofA Securities",Financial,642.16,, 
11/8/06,FACE US,Physicians Formula Holdings Inc,146.625,17,16,7500000.00,"Citi, Deutsche Bank","Consumer, Non-cyclical",233.01,, 
11/8/06,CPRX US,Catalyst Pharmaceuticals Inc,20.1,6,1.666666627,3350000.00,Gleacher & Co Inc,"Consumer, Non-cyclical",75.1,88.857,NASDAQ CM
11/3/06,ORBC US,ORBCOMM Inc,101.539,11,-29.54545403,9230800.00,UBS,Communications,399.35,, 
11/2/06,GSAT US,Globalstar Inc,127.5,17,3.058823586,7500000.00,"JP Morgan, Wells Fargo",Communications,1196.38,73.0129,NASDAQ GS
11/2/06,IPHS US,Innophos Holdings Inc,119.999,12,0.583333314,8695650.00,"JP Morgan, UBS",Basic Materials,243.25,11.8777, 
11/1/06,DRSV US,Debt Resolve Inc,12.5,5,0,2500000.00,EKN Financial Services Inc,Communications,32.28,, 
10/30/06,VRAIU US,Viragen Inc,18.7213,0.26,3.846157551,67000000.00,Dawson James Securities,"Consumer, Non-cyclical",0,, 
10/27/06,SOM LN,Somero Enterprises Inc,50.7734,125,5.199999809,21409800.00,Jefferies,Industrial,81.2998,41.5561,London
10/26/06,OPTM US,Optium Corp,104.65,17.5,12,5200000.00,"UBS, Morgan Stanley",Communications,442.53,, 
10/26/06,1893407D US,Achillion Pharmaceuticals Inc,59.5125,11.5,7.739130497,4500000.00,TD Securities,"Consumer, Non-cyclical",178.52,, 
10/25/06,IRR US,Voya Natural Resources Equity Income Fund,415,20,0.050000001,20750000.00,Citi,Financial,0,17.9373, 
10/24/06,GHSEQ US,GateHouse Media LLC,285.66,18,17.61111069,13800000.00,"Wells Fargo, Goldman Sachs",Communications,699.71,, 
10/24/06,EROC US,Eagle Rock Energy Partners LP,265.312,19,-5.263157845,12500000.00,"Goldman Sachs, Lehman Brothers, UBS",Energy,420.95,, 
10/24/06,CADX US,Mallinckrodt Hospital Products Inc,62.1,9,4.444444656,6000000.00,BofA Securities,"Consumer, Non-cyclical",260.51,, 
10/23/06,DEI US,Douglas Emmett Inc,1593.9,21,12.61904716,66000000.00,"Citi, Lehman Brothers, BofA Securities",Financial,2399.94,109.589,New York
10/19/06,EXLS US,ExlService Holdings Inc,77.625,13.5,39.55555725,5000000.00,"Goldman Sachs, Citi",Technology,379.2,102.995,NASDAQ GS
10/19/06,LMAT US,LeMaitre Vascular Inc,38.5,7,-11.4285717,5500000.00,Goldman Sachs,"Consumer, Non-cyclical",106.9,101.418,NASDAQ GM
10/19/06,IVVI US,Ivivi Technologies Inc,16.5,6,1.166666627,2500000.00,Maxim Group LLC,"Consumer, Non-cyclical",57.5,,OTC US
10/18/06,FMR US,First Mercury Financial Corp,189.75,17,14.70588207,9705880.00,"JP Morgan, Stifel",Financial,294.62,, 
10/18/06,SUSS US,Susser Holdings Corp,123.338,16.5,9.090909004,6500000.00,BofA Securities,"Consumer, Cyclical",269.35,, 
10/18/06,GHN/U US,Granahan McCourt Acquisition Corp,90,8,0,11250000.00,Deutsche Bank,Diversified,0,, 
10/18/06,TWC US,Time Warner Cable Inc,0,0,,,JSM Cos,Communications,0,, 
10/17/06,0313624D US,Stanley Inc,94.185,13,19.23077011,6300000.00,Citi,Industrial,259.5,, 
10/17/06,TRBN US,Trubion Pharmaceuticals Inc,59.8,13,0.692307711,4000000.00,Morgan Stanley,"Consumer, Non-cyclical",227.57,, 
10/16/06,APLP US,Archrock Partners LP,132.825,21,7.285714149,5500000.00,"Lehman Brothers, BofA Securities",Energy,150.15,100, 
10/12/06,LDOS US,Leidos Holdings Inc,1293.75,15,21.20000076,75000000.00,"Morgan Stanley, JP Morgan",Technology,1293.75,80.9636,New York
10/12/06,APKT US,Acme Packet Inc,125.359,9.5,67.47368622,11474500.00,Goldman Sachs,Communications,555.07,, 
10/12/06,EHTH US,eHealth Inc,80.5,14,63.57143021,5000000.00,"BofA Securities, Morgan Stanley",Financial,303.78,60.9968,NASDAQ GS
10/11/06,AWI US,Armstrong World Industries Inc,0,0,,,,Industrial,0,106.586,New York
10/10/06,PGDC CN,Patagonia Gold Corp,0.8828,0.3,,1666670.00,Wolverton Securities,Basic Materials,0,20.408,Venture
10/10/06,FFNT CN,4Front Ventures Corp,0.26484,0.1,170,3000000.00,Haywood Securities Inc,"Consumer, Non-cyclical",0.70624,34.078, 
10/4/06,BBEPQ US,Breitburn Energy Partners LP,127.65,18.5,-1.567567587,6000000.00,"Citi, RBC Capital Markets",Energy,517.55,, 
10/4/06,PRIMU US,Primoris Services Corp,41.4,8,1.625,4500000.00,EarlyBirdCapital.com,Industrial,45,, 
10/3/06,LTXB US,LegacyTexas Financial Group Inc,0,0,,10091300.00,Stifel,Financial,0,, 
9/28/06,BARE US,Bare Escentuals Inc,404.8,22,23.40909004,16000000.00,Goldman Sachs,"Consumer, Non-cyclical",1967.42,82.1311, 
9/28/06,CAF US,Morgan Stanley China A Share Fund Inc,261.937,20,0.400000006,12201400.00,Morgan Stanley,Financial,0,113.882,New York
9/28/06,SFLY US,Shutterfly LLC,87,15,3.666666746,5800000.00,JP Morgan,Communications,354.17,, 
9/28/06,OFSI US,Omni Financial Services Inc,36.5988,9.5,10.42105293,3350000.00,Sandler O'Neill & Partners,Financial,104.29,,OTC US
9/27/06,CVHL US,CV Holdings Inc/United States,160.028,14.5,3.448275805,9600000.00,"UBS, Deutsche Bank, Citi, Wells Fargo",Financial,423.04,,OTC US
9/27/06,ICFI US,ICF International Inc,64.446,12,2.083333254,4670000.00,UBS,"Consumer, Non-cyclical",163.76,96.6798,NASDAQ GS
9/26/06,BCF US,BlackRock Real Asset Equity Trust,802.5,15,0.06666667,53500000.00,"BofA Securities, Wells Fargo, Citi, UBS, AG Edwards & Sons LLC",Financial,0,, 
9/26/06,EVEPQ US,EV Energy Partners LP,86.7,20,-1.049999952,3900000.00,AG Edwards & Sons LLC,Energy,98.6,, 
9/21/06,CVLT US,CommVault Systems Inc,185.278,14.5,17.24137878,11111100.00,"UBS, Goldman Sachs",Technology,603.94,104.435,NASDAQ GS
9/21/06,DIVX US,NLD LLC,167.44,16,16.875,9100000.00,JP Morgan,Technology,534.9,, 
9/21/06,LMST US,Limestone Bancorp Inc,37.2,24,-4.166666508,1550000.00,Sandler O'Neill & Partners,Financial,182.92,11.5325, 
9/20/06,KED US,Kayne Anderson Energy Development Co,250,25,-4,10000000.00,"UBS, Citi",Financial,250,12.7225, 
9/20/06,RVBD US,Riverbed Technology Inc,98.3806,9.75,56.92307663,8800000.00,Goldman Sachs,Technology,644.03,, 
9/20/06,HDIX US,Trividia Health Inc,91.0729,12,5.083333492,6599490.00,JP Morgan,"Consumer, Non-cyclical",210.98,, 
9/19/06,HPGP US,Hiland Holdings GP LP,148.925,18.5,4.05405426,7000000.00,Lehman Brothers,Energy,419.25,, 
9/14/06,GORO US,Gold Resource Corp,0,0,,,,Basic Materials,0,44.4582,NYSEAmerican
8/31/06,ESA/U US,Energy Services of America Corp,51.6,6,-3.833333254,8600000.00,RBC Capital Markets,Industrial,64.5,, 
8/28/06,FEO US,First Trust/abrdn Emerging Opp,118,20,0.050000001,5900000.00,"Citi, BofA Securities",Funds,0,10.3445, 
8/24/06,MAQ/U US,Marathon Acquisition Corp,320.287,8,0,37500000.00,Citi,Diversified,395.29,, 
8/18/06,8161730Q CN,NewWest Gold Corp,16.3542,2.5,0,7050000.00,Canaccord Financial Inc,Basic Materials,129.117,, 
8/15/06,INWK US,InnerWorkings Inc,109.606,9,16.11111069,10590000.00,Morgan Stanley,Technology,396.13,28.9071, 
8/10/06,EVR US,Evercore Inc,95.3925,21,18.33333397,3950000.00,Lehman Brothers,Financial,96.44,94.3769,New York
8/7/06,AYR US,Aircastle Ltd,240.454,23,15.652174,9090900.00,"JP Morgan, Citi",Financial,1183.27,, 
8/7/06,SOLA LN,Emeren Group Ltd,50.2545,79,13.92405033,33333300.00,,Energy,150.764,, 
8/3/06,0618586D US,Buckeye GP Holdings LP,178.5,17,-4.529411793,10500000.00,"Citi, BofA Securities, Goldman Sachs",Energy,481.1,, 
8/3/06,OSIR US,Osiris Therapeutics Inc,38.5,11,0,3500000.00,Jefferies,"Consumer, Non-cyclical",298.53,0.817457, 
8/3/06,IDM AU,IDM International Ltd,6.0888,0.2,14.99999809,40000000.00,,Basic Materials,24.4465,, 
8/1/06,SYCRF US,Syncora Holdings Ltd,480.518,20.5,0,22447700.00,"BofA Securities, JP Morgan, Goldman Sachs",Financial,1314.8,, 
7/28/06,NAPL LN,Napo Pharmaceuticals Inc,22.1499,83,9.036144257,14315300.00,Nomura,"Consumer, Non-cyclical",66.8269,, 
7/27/06,CYRV US,Crystal River Capital Inc,172.5,23,-2.347826004,7500000.00,"Deutsche Bank, Wells Fargo",Financial,575.54,, 
7/27/06,1938275D US,GeoMet Inc,57.5,10,9.699999809,5000000.00,BofA Securities,Energy,374.64,, 
7/26/06,AGD US,abrdn Global Dynamic Dividend Fund,414,20,0,20700000.00,"Wells Fargo, Citi",Financial,0,38.6935,New York
7/25/06,GTLS US,Chart Industries Inc,187.5,15,1.333333373,12500000.00,"Lehman Brothers, UBS, Morgan Stanley",Industrial,383.82,100.017,New York
7/24/06,JGV US,Nuveen Global Equity Income Fund/Acquired,387,20,0,18350000.00,Morgan Stanley,Financial,0,9.09316, 
7/21/06,STAB US,Statera Biopharma Inc,10.2,6,-10,1700000.00,"Roth Capital Partners Inc, Sunrise Securities","Consumer, Non-cyclical",70.8858,0.00140025,OTC US
7/20/06,1240716D US,Targa Energy LP,82.8,23,0,3600000.00,Lehman Brothers,Energy,485.3,0.00110147, 
7/20/06,1650928D US,Chicopee Bancorp Inc,81.9907,0,,8199100.00,Stifel,Financial,0,, 
7/20/06,SMCGU US,Millennium Sustainable Venture,58,8,-4.75,7250000.00,Ladenburg Thalmann & Co,"Consumer, Non-cyclical",85,, 
7/19/06,TNL US,Travel + Leisure Co,0,0,,,,"Consumer, Cyclical",0,106.304,New York
7/18/06,EII/U US,Energy Infrastructure Acquisition Corp,209.25,10,-2,20250000.00,Maxim Group LLC,Financial,272.22,, 
7/13/06,1842126D US,NuStar GP Holdings LLC,379.5,22,0,17250000.00,Lehman Brothers,Energy,935,0.013829, 
7/13/06,IGPBU US,Israel Growth Partners Acquisition Corp,51.6918,10.1,-0.594063163,4600000.00,HCFP/Brenner Securities LLC,Diversified,92.92,, 
7/13/06,SSBI US,Summit State Bank,21.4905,15,0,1400000.00,"Raymond James & Associates, Robert W Baird & Co",Financial,0,29.5512,NASDAQ GM
7/13/06,IGPAU US,Israel Growth Partners Acquisition Corp,4.52625,8.5,-4.705882549,500000.00,HCFP/Brenner Securities LLC,Diversified,8.5,, 
7/12/06,COWN US,Cowen Inc,184.278,16,-0.75,11217400.00,"TD Securities, UBS, BofA Securities",Financial,240,, 
7/10/06,ASTIU US,Ascent Solar Technologies Inc,16.5,5.5,-6.363636494,3000000.00,Paulson Investment Co Inc,Energy,29.1,, 
7/7/06,NFSB US,Newport Bancorp Inc,39.9305,10,28,3993100.00,Sandler O'Neill & Partners,Financial,0,, 
7/7/06,DTB LN,Dietbrown Ltd,15.1503,95,23.68420982,8631580.00,,Financial,38.1524,, 
6/28/06,AVRNQ US,Aventine Renewable Energy Holdings Inc/Old,389.513,43,-10.76744175,9058450.00,"Goldman Sachs, BofA Securities, B Riley Financial Inc",Energy,1798.44,, 
6/28/06,0965081D US,First Trust Tax-Advantaged Preferred Income Fund,59.2,20,0,2925000.00,RBC Capital Markets,Financial,0,, 
6/28/06,EROS LN,Eros Media World PLC,51.6698,176,9.375,15625000.00,Investec,"Consumer, Cyclical",0,0.578428, 
6/28/06,PTX LN,Ballard Unmanned Systems Inc,16.5296,85,5.294117451,10350000.00,Canaccord Financial Inc,Industrial,66.8693,, 
6/27/06,JCG US,J Crew Group LLC,432.4,20,27.75,18800000.00,"Goldman Sachs, JP Morgan","Consumer, Cyclical",1097.68,, 
6/27/06,JGG US,Nuveen Global Income Opportunities Fund,185,20,0.050000001,9250000.00,"Nuveen Investments Inc, AG Edwards & Sons LLC, Citi, BofA Securities",Financial,0,, 
6/27/06,PGTI US,PGT Innovations Inc,142.059,14,10.71428585,8823530.00,"Deutsche Bank, JP Morgan",Industrial,362.55,22.0016, 
6/27/06,OMTR US,Omniture LLC,79.9825,6.5,0.461538464,10700000.00,Morgan Stanley,Technology,303.62,, 
6/27/06,RLM LN,Realm Therapeutics PLC,54.699,66,15.909091,45454500.00,Nomura,"Consumer, Non-cyclical",182.72,46.1482, 
6/27/06,CSII US,Cardiovascular Systems Inc,50.06,10,1,4500000.00,"Morgan Stanley, BofA Securities","Consumer, Non-cyclical",269.32,6.88363, 
6/23/06,NXDT US,NexPoint Diversified Real Esta,690,20,0,30000000.00,Morgan Stanley,Financial,0,51.3572,New York
6/22/06,HOMB US,Home BancShares Inc/AR,51.75,18,11.11111069,2500000.00,Stephens Inc,Financial,263.33,74.2708,New York
6/21/06,TWLL US,Techwell Inc,50.67,9,-2.777777672,5500000.00,Lehman Brothers,Technology,180.68,, 
6/19/06,EIHI US,Eastern Insurance Holdings Inc,74.75,10,14.10000038,7475000.00,Stifel,Financial,0,, 
6/15/06,SNCR US,Synchronoss Technologies Inc,65.0077,8,10.625,7066050.00,Goldman Sachs,Technology,202.8,49.0985, 
6/14/06,HWCC US,Houston Wire & Cable Co,127.075,13,17,8500000.00,"William Blair & Co LLC, Robert W Baird & Co","Consumer, Cyclical",271.27,, 
6/14/06,1413744D US,Golfsmith International Holdings Inc,69,11.5,-3.478260756,6000000.00,"JP Morgan, BofA Securities","Consumer, Cyclical",177.94,, 
6/14/06,VOLC US,Philips Image Guided Therapy Corp,62.56,8,10,6800000.00,"Piper Sandler & Co, JP Morgan","Consumer, Non-cyclical",263.43,, 
6/13/06,VSUNQ US,VeraSun Energy Corp,482.712,23,30.43478203,18250000.00,"Morgan Stanley, Lehman Brothers",Energy,1718.96,, 
6/6/06,1556530D US,LoopNet Inc,82.8,12,25,6000000.00,UBS,Financial,427.83,, 
6/6/06,AFMIU US,Affinity Media International Corp,18.975,6,0.5,2750000.00,Maxim Group LLC,Financial,24.97,, 
6/6/06,OCZ LN,ZCO Liquidating Corp,9.13997,65,19.23077011,7550000.00,Sanlam Life Insurance Ltd,Technology,5063.02,, 
6/5/06,BTC/U US,Community Bankers Trust Corp,60,8,-1.875,7500000.00,"Maxim Group LLC, I-Bankers Securities Inc",Financial,75,, 
6/2/06,ATEC US,Alphatec Holdings Inc,83.7,9,-0.222222224,9300000.00,"Gleacher & Co Inc, Deutsche Bank","Consumer, Non-cyclical",312.84,97.6305,NASDAQ GS
6/2/06,LUNA US,Luna Innovations Inc,21,6,0,3500000.00,ThinkEquity LLC,Communications,59.92,28.9855,OTC US
6/1/06,HDP/U US,HD Partners Acquisition Corp,150,8,0.125,18750000.00,Morgan Joseph TriArtisan Group Inc,Diversified,187.5,, 
6/1/06,CLUBQ US,Town Sports International Holdings Inc,116.35,13,1.923076868,8950000.00,"UBS, Deutsche Bank","Consumer, Cyclical",337.7,0.00135679, 
5/31/06,PFLM LN,PowerFilm Inc,18.0868,120,4.166666508,8009170.00,Nomura,Industrial,74.1776,0.160468, 
5/26/06,EOE US,Eaton Vance Credit Opportunities Fund,140,20,0,7000000.00,"BofA Securities, UBS, AG Edwards & Sons LLC",Financial,0,, 
5/26/06,1501257D US,RMR Real Estate Income Fund/DE,35,20,0,1750000.00,RBC Capital Markets,Financial,0,0.00176436, 
5/25/06,MWA US,Mueller Water Products Inc,460,16,4.6875,25000000.00,"Morgan Stanley, BofA Securities, Lehman Brothers",Industrial,460,104.488,New York
5/24/06,MA US,Mastercard Inc,2579.26,39,17.94871712,61520900.00,"JP Morgan, HSBC, Citi, Goldman Sachs",Financial,2925.69,93.3952,New York
5/23/06,2536085D US,Vonage Holdings Corp,531.25,17,-12.64705849,31250000.00,"Deutsche Bank, UBS, Citi",Communications,2647.44,, 
5/19/06,AXP AU,AXP Energy Ltd,6.8166,0.2,-1.49E-06,45000000.00,,Energy,15.8675,,ASE
5/18/06,DR US,AW Underwriters Inc,96,16,17.25,5217390.00,"UBS, BofA Securities",Financial,284.62,, 
5/17/06,1619058D US,Burger King Holdings Inc,488.75,17,2.941176414,25000000.00,"JP Morgan, Morgan Stanley, Goldman Sachs, Citi","Consumer, Cyclical",2325.58,, 
5/16/06,PNSNQ US,Penson Worldwide Inc,145.956,17,14.70588207,7465760.00,"UBS, JP Morgan",Financial,425.72,0.00710408, 
5/16/06,REST US,Restore Medical Inc,32,8,2.375,4000000.00,Deutsche Bank,"Consumer, Non-cyclical",122.01,, 
5/12/06,ASCQU US,Kitara Media Corp,41.4,6,3.5,6000000.00,EarlyBirdCapital.com,Communications,51.4,, 
5/11/06,BWTRQ US,Basin Water Inc,82.8,12,38.75,6000000.00,Janney Montgomery Scott LLC,Industrial,224.13,, 
5/11/06,BMTI US,BioMimetic Therapeutics Inc,36.8,8,3.125,4600000.00,"Deutsche Bank, Pacific Growth Equities Inc","Consumer, Non-cyclical",124.54,, 
5/10/06,CODI US,Compass Diversified Holdings,202.5,15,0.200000003,13500000.00,RBC Capital Markets,Financial,300,79.2538,New York
5/9/06,RECSI NO,REC Silicon ASA,1141.72,95,23.15789413,74600000.00,"ABG Sundal Collier Asa, UBS",Technology,7693.22,63.6942,Oslo
5/9/06,AHGP US,Alliance Holdings GP LP,312.5,25,0,12500000.00,"Lehman Brothers, Citi",Energy,1496.58,0.0232982, 
5/9/06,PRTK US,Paratek Pharmaceuticals Inc,44.8988,6.5,0,6250000.00,"TD Securities, JP Morgan","Consumer, Non-cyclical",145.08,6.47209, 
5/4/06,NSTR US,Northstar Neuroscience Inc,122.475,15,10.66666698,7100000.00,"Citi, TD Securities","Consumer, Non-cyclical",378.68,, 
5/3/06,1481878D US,DynCorp International Inc,375,15,-0.400000006,25000000.00,"UBS, Goldman Sachs","Consumer, Non-cyclical",0,, 
5/3/06,9876533D US,Delek US Energy Inc,184,16,1.5625,10000000.00,"Lehman Brothers, Citi",Energy,830.24,, 
4/28/06,TRBO LN,Turbotec Products Ltd,8.4614,85,4.117647171,5594370.00,Dawnay Day Brokers Ltd,Industrial,19.8232,, 
4/27/06,2085180D US,CPI International LLC,127.06,18,0,7058870.00,"JP Morgan, UBS",Communications,288.36,, 
4/26/06,GLO US,Clough Global Opportunities Fund,1027,20,0.150000006,45000000.00,BofA Securities,Financial,0,56.536,NYSEAmerican
4/26/06,RPSE LN,ReSearch Pharmaceutical Services Inc,200.357,6,-52.164814,18666700.00,Canaccord Genuity,"Consumer, Non-cyclical",250.446,, 
4/26/06,HAC/U US,Harbor Acquisition Corp,82.8,6,3.833333254,12000000.00,RBC Capital Markets,Diversified,100.8,, 
4/26/06,AMGIU US,American Mold Guard Inc,18.85,13,4.538461685,1350000.00,Paulson Investment Co Inc,"Consumer, Non-cyclical",56.73,, 
4/25/06,GCF US,Global Income & Currency Fund Inc,147,20,0,7350000.00,"BofA Securities, Citi, Nuveen Investments Inc",Financial,0,, 
4/20/06,CPX US,SPN Fairway Acquisition Inc/TX,717.6,24,12.08333302,26000000.00,UBS,Energy,1692.48,, 
4/20/06,OMRI US,Omrix Biopharmaceuticals Inc,39.5312,10,0.300000012,3437500.00,UBS,"Consumer, Non-cyclical",148.32,, 
4/20/06,GSPBU US,SouthPeak Interactive Corp,30.199,10.1,4.950490952,2600000.00,"Legend Merchant Group Inc, HCFP/Brenner Securities LLC",Technology,60.398,, 
4/20/06,SOPKU US,SouthPeak Interactive Corp,3.91,8.5,11.88235283,400000.00,"Legend Merchant Group Inc, HCFP/Brenner Securities LLC",Technology,7.82,, 
4/13/06,BRST LN,Burst Media LLC/MA,5.02451,82,6.707316875,3500000.00,,Communications,119.118,, 
4/12/06,INHIU US,InfuSystem Holdings Inc,101.252,6,1.666666627,16666700.00,FHN Financial,"Consumer, Non-cyclical",125.51,, 
4/12/06,VNDA US,Vanda Pharmaceuticals Inc,59.6419,10,-3.200000048,5750000.00,"BofA Securities, JP Morgan","Consumer, Non-cyclical",218.58,65.2589,NASDAQ GM
4/12/06,TXICU US,Tongxin International Ltd,40.2504,8,17.5,4375000.00,"Rodman & Renshaw Inc, Chardan Capital Markets LLC","Consumer, Cyclical",51.0424,, 
4/11/06,GYRE US,Gyre Therapeutics Inc,45,9,-3.777777672,5000000.00,Deutsche Bank,"Consumer, Non-cyclical",171.94,3.54327,NASDAQ CM
4/10/06,GNGTU US,Golden Gate Partners Inc,79.35,6,1,11500000.00,RBC Capital Markets,Financial,99.1,, 
4/7/06,ENTL LN,Entelos Inc,19.968,82.75,8.157099724,13810200.00,Investec,"Consumer, Non-cyclical",77.5542,, 
4/6/06,ZZ US,Sealy Corp,515.2,16,9.375,28000000.00,"Citi, Goldman Sachs, JP Morgan, BofA Securities","Consumer, Cyclical",1451.75,, 
4/5/06,2436735D US,Goodman Global Inc,487.059,18,11.38888931,23529400.00,"JP Morgan, BofA Securities, Goldman Sachs",Industrial,1240.02,, 
4/5/06,GFNCU US,General Finance Corp,69,8,3.625,7500000.00,Morgan Joseph TriArtisan Group Inc,Industrial,84,, 
4/5/06,ROX US,Castle Brands Inc,31.5,9,0,3500000.00,Oppenheimer & Co,"Consumer, Cyclical",108.03,0.153919, 
4/4/06,EICU US,VISICU Inc,110.4,16,54.875,6000000.00,Morgan Stanley,Technology,497.79,, 
4/3/06,9990279D US,Lake Shore Bancorp Inc,29.7563,10,7,2975630.00,Stifel,Financial,0,, 
4/3/06,POR US,Portland General Electric Co,0,0,,,,Utilities,0,94.4092,New York
3/31/06,PXIAU US,Phoenix India Acquisition Corp,56.6372,8,3.75,6156250.00,"Rodman & Renshaw Inc, I-Bankers Securities Inc",Diversified,57.06,, 
3/29/06,FHY US,First Trust Strategic High Income Fund II,188,20,0,9400000.00,RBC Capital Markets,Funds,0,43.2653, 
3/27/06,PSF LN,Peach Holdings Inc,232.229,309,5.663430214,38888900.00,"JP Morgan, Canaccord Genuity",Financial,562.915,, 
3/23/06,1899843D US,Clayton Holdings Inc,146.625,17,23.52941132,7500000.00,"William Blair & Co LLC, Piper Sandler & Co","Consumer, Non-cyclical",348.81,, 
3/23/06,0967872D US,Global Traffic Network Inc,21.85,5,4,3800000.00,Feltl & Co,Communications,64.35,, 
3/22/06,NAO/U US,North American Insurance Leaders Inc,115,8,3.125,12500000.00,CRT Capital,Diversified,0,, 
3/21/06,8189407Q US,Nextest Systems Corp,86.94,14,22.1428566,5400000.00,BofA Securities,Technology,244.82,, 
3/20/06,ABTX LN,AquaBounty Technologies Inc,35.08,148,N/A,13513500.00,Nomura,"Consumer, Non-cyclical",12925.4,, 
3/20/06,PPT LN,Planet Payment Inc,12.2311,125,26,5600000.00,Canaccord Financial Inc,Technology,4264.04,0.00508675, 
3/17/06,VETSU US,Pet DRx Corp,57.5,8,3.75,6250000.00,"Roth Capital Partners Inc, Morgan Joseph TriArtisan Group Inc","Consumer, Non-cyclical",70,, 
3/14/06,TDG US,TransDigm Group Inc,264.551,21,14.76190472,10954500.00,"UBS, Lehman Brothers",Industrial,962.74,105.259,New York
3/13/06,JAZ/U US,Tower US Holdings Inc,172.5,6,13.33333302,25000000.00,"ThinkEquity LLC, Wedbush Securities Inc",Technology,206.743,, 
3/13/06,NMLS LN,New Media Lottery Services PLC,3.16156,50,21,3672570.00,Opus Capital Ltd,"Consumer, Cyclical",21.2321,, 
3/10/06,GHBBU US,UAN Cultural & Creative Co Ltd,53.429,10.1,2.475243568,4600000.00,HCFP/Brenner Securities LLC,"Consumer, Non-cyclical",92.92,, 
3/10/06,GHBAU US,UAN Cultural & Creative Co Ltd,4.8875,8.5,9.411765099,500000.00,"HCFP/Brenner Securities LLC, Ladenburg Thalmann & Co","Consumer, Non-cyclical",9.13835,, 
3/8/06,0883461D US,Eagle Test Systems Inc,100.75,15.5,0,6500000.00,"Lehman Brothers, BofA Securities",Technology,319.94,, 
3/8/06,ALXA US,Alexza Pharmaceuticals Inc,50.6,8,6.375,5500000.00,"Pacific Growth Equities Inc, Piper Sandler & Co","Consumer, Non-cyclical",187.77,0.4223, 
3/2/06,OHAQU US,Oracle Healthcare Acquisition Corp,120,8,6.25,15000000.00,"CRT Capital, Ladenburg Thalmann & Co",Diversified,150,, 
3/2/06,IGCIU US,IGC Pharma Inc,67.827,6,5.833333492,9830000.00,RBC Capital Markets,"Consumer, Non-cyclical",83.85,, 
2/27/06,GAV/U US,Grubb & Ellis Realty Advisors Inc,143.75,6,1.666666627,20833300.00,Deutsche Bank,Diversified,179.01,, 
2/23/06,BTA US,BlackRock Long-Term Municipal Advantage Trust,198.975,15,0,13040000.00,BofA Securities,Financial,199.05,27.4822, 
2/22/06,LQDT US,Liquidity Services Inc,88.4046,10,22.89999962,7687360.00,"RBC Capital Markets, B Riley Financial Inc",Communications,273.3,82.289,NASDAQ GS
2/16/06,GLA/U US,Clark Holdings Inc,88,8,1.375,10000000.00,"Truist Securities Inc, EarlyBirdCapital.com",Industrial,108,, 
2/13/06,MHGC US,Morgans Hotel Group Co LLC,360,20,-0.550000012,18000000.00,"BofA Securities, Morgan Stanley","Consumer, Cyclical",670,, 
2/10/06,WU US,Western Union Co/The,0,0,,,,Financial,0,110.637,New York
2/9/06,MGG US,Magellan Midstream Holdings LP,539,24.5,-2.040816307,22000000.00,"Wells Fargo, Goldman Sachs, Citi, Lehman Brothers",Energy,1534.84,, 
2/9/06,AMCP US,AmCOMP Inc,96.966,9,0,10500000.00,B Riley Financial Inc,Financial,140.03,, 
2/9/06,ACORQ US,Acorda Therapeutics Inc,36.4537,6,12,5500000.00,BofA Securities,"Consumer, Non-cyclical",117.74,, 
2/8/06,XCOOQ US,EXCO Resources Inc,696.998,13,0.384615392,50000000.00,"JP Morgan, Goldman Sachs",Energy,1346.99,, 
2/8/06,NTLS US,NTELOS Holdings Corp,184.5,12,-0.416666657,14375000.00,"JP Morgan, Lehman Brothers",Communications,184.5,, 
2/8/06,1311346D US,Morton's Restaurant Group Inc,174.538,17,5.294117451,9465000.00,Wells Fargo,"Consumer, Cyclical",273.67,, 
2/8/06,2036821D US,Nighthawk Radiology Holdings Inc,115.936,16,29.0625,6300000.00,Morgan Stanley,"Consumer, Non-cyclical",476.95,0.0050196, 
2/7/06,CROX US,Crocs Inc,239.085,21,35.95238113,9900000.00,"Stifel, Piper Sandler & Co","Consumer, Cyclical",803.72,101.938,NASDAQ GS
2/6/06,ACR US,ACRES Commercial Realty Corp,60,15,-6.666666508,4000000.00,"UBS, B Riley Financial Inc, Citi, JP Morgan",Financial,267.05,70.4988,New York
2/2/06,ET US,Energy Transfer LP,507.15,21,7.857142925,21000000.00,"Wells Fargo, UBS",Energy,2932.76,30.3073,New York
2/2/06,0967702D US,HealthSpring Inc,421.59,19.5,12.71794891,18800000.00,"Citi, Goldman Sachs, UBS","Consumer, Non-cyclical",1117.15,, 
2/2/06,SMOD US,SMART Worldwide Holdings Inc,163.636,9,-5.111111164,18181800.00,"Lehman Brothers, JP Morgan, Citi",Technology,524.2,, 
2/2/06,ORCD US,Orchard Enterprises Inc,38.025,9.75,-5.128205299,3900000.00,"FHN Financial, I-Bankers Securities Inc","Consumer, Cyclical",83.85,, 
2/2/06,DXTRQ US,Dextera Surgical Inc,37,10,3.5,3500000.00,AG Edwards & Sons LLC,"Consumer, Non-cyclical",96.49,, 
2/1/06,TWPG US,Thomas Weisel Partners Group Inc,103.5,15,32.66666794,6000000.00,Stifel,Financial,331.96,, 
2/1/06,IOMI US,Valneva USA Inc,35,7,-2.857142925,5000000.00,"UBS, TD Securities","Consumer, Non-cyclical",118.28,, 
2/1/06,1245842D US,Valera Pharmaceuticals Inc,34.7625,9,10.33333302,3750000.00,"BofA Securities, UBS","Consumer, Non-cyclical",133.28,, 
2/1/06,ATEL US,American Telecom Services Inc,16.9175,5.05,-9.900993347,3350000.00,"HCFP/Brenner Securities LLC, Brean Murray Carret & Co LLC",Communications,30.81,, 
1/31/06,1793839D US,Regency Energy Partners LP,283,20,-0.949999988,13750000.00,"Lehman Brothers, UBS",Energy,390.08,, 
1/31/06,KOP US,Koppers Holdings Inc,161,14,12.5,10000000.00,UBS,Basic Materials,290,109.863,New York
1/31/06,FNET US,FortuNet Inc,25.875,9,0.555555582,2500000.00,WR Hambrecht + Co LLC,"Consumer, Cyclical",102.07,, 
1/31/06,SGXP US,SGX Pharmaceuticals Inc,24.9174,6,0,4000000.00,"Piper Sandler & Co, CIBC","Consumer, Non-cyclical",86.12,, 
1/30/06,HEES US,H&E Equipment Services Inc,226.397,18,28.33333397,10937000.00,UBS,"Consumer, Cyclical",685.26,10.9044, 
1/26/06,HBRFU US,Highbury Financial Inc,46.46,6,0.166666672,6733330.00,"EarlyBirdCapital.com, ThinkEquity LLC",Financial,57.81,, 
1/25/06,CMG US,Chipotle Mexican Grill Inc,199.333,22,100,7878790.00,"TD Securities, Morgan Stanley","Consumer, Cyclical",173.33,102.083,New York
1/25/06,9995829D US,Calumet Specialty Products Partners LP,140.93,21.5,1.162790656,5699900.00,Goldman Sachs,Energy,280.92,, 
1/25/06,ALTUQ US,Altus Pharmaceuticals Inc,120.75,15,12.13333321,7000000.00,"Morgan Stanley, BofA Securities","Consumer, Non-cyclical",330.78,0.804907, 
1/25/06,ARGLU US,Argyle Security Inc,29.6004,8,-0.625,3625000.00,Rodman & Renshaw Inc,"Consumer, Non-cyclical",38.1,, 
1/24/06,TRFC US,Traffic.com Inc,82.652,12,1.25,6550000.00,"WR Hambrecht + Co LLC, Citizens Financial Group Inc",Technology,231.7,, 
1/23/06,MGYR US,Magyar Bancorp Inc,22.77,10,6.5,2277000.00,Stifel,Financial,0,42.2842,NASDAQ GM
1/19/06,ARII US,American Railcar Industries Inc,205.275,21,9.309523582,8500000.00,"JP Morgan, UBS",Industrial,445.36,, 
1/18/06,WNR US,Western Refining Inc,439.875,17,9.352941513,22500000.00,"Deutsche Bank, BofA Securities",Energy,1129.53,, 
1/12/06,LINEQ US,Linn Energy LLC,261.45,21,4.761904716,11750000.00,"Lehman Brothers, RBC Capital Markets",Energy,584.06,, 
12/22/05,SFLAX US,AIG Focused Alpha Large-Cap Fund,193,20,,,BofA Securities,Funds,0,, 
12/22/05,NCST US,NUCRYST Pharmaceuticals Corp,45,10,0,4500000.00,Jefferies,"Consumer, Non-cyclical",180.8,, 
12/22/05,NCS CN,NUCRYST Pharmaceuticals Corp,45,10,28.57877541,4500000.00,"Jefferies, GMP Securities","Consumer, Non-cyclical",180.8,, 
12/19/05,SMBLU US,Boulder Brands Inc,102.086,8,12.5,12760800.00,Citi,"Consumer, Non-cyclical",127.61,, 
12/16/05,SPSNQ US,Spansion Inc/Old,567.168,12,12.91666698,42200000.00,"Citi, UBS",Technology,1088.75,, 
12/15/05,DEIX US,DEI Holdings Inc,150,16,-12.5,9375000.00,Goldman Sachs,"Consumer, Cyclical",396.28,, 
12/15/05,APP/U US,American Apparel LLC,120,8,0,15000000.00,Ladenburg Thalmann & Co,"Consumer, Cyclical",150,9.85071, 
12/15/05,EMS US,Envision Healthcare Corp/CO,113.4,14,-6.428571224,8100000.00,"JP Morgan, BofA Securities","Consumer, Non-cyclical",129.47,, 
12/15/05,CNCP US,Carolina National Corp,18.4,16,6.25,1000000.00,Truist Securities Inc,Financial,38.84,, 
12/14/05,RPB US,Republic Property Trust,240,12,0,20000000.00,"JP Morgan, Lehman Brothers",Financial,300.41,, 
12/14/05,SOMX US,Pernix Sleep Inc,55,11,-2.636363745,5000000.00,"Morgan Stanley, JP Morgan","Consumer, Non-cyclical",198.29,0.865791, 
12/13/05,0088638Q LN,CardioMag Imaging Inc,9.06918,137,2.919708014,3861750.00,ING Groep,"Consumer, Non-cyclical",51.1749,, 
12/12/05,2318580D US,Dealertrack Technologies Inc,195.5,17,13.23529434,10000000.00,"Lehman Brothers, JP Morgan",Technology,575.43,, 
12/12/05,CAPB US,Capitalsouth Bancorp,11.25,18.75,-1.333333373,600000.00,Stifel,Financial,53.43,, 
12/8/05,BASXQ US,Basic Energy Services Inc,287.5,20,80,12500000.00,"Goldman Sachs, UBS",Energy,675.71,, 
12/8/05,CYNO US,Cynosure LLC,86.25,15,26.20000076,5000000.00,Citi,"Consumer, Non-cyclical",86.25,, 
12/6/05,VOCS US,Vocus Inc,51.75,9,11.11111069,5000000.00,"Stifel, RBC Capital Markets",Communications,139.76,, 
12/1/05,DCP US,DCP Midstream LP,222.525,21.5,7.209302425,9000000.00,"Citi, Lehman Brothers",Energy,222.68,, 
11/22/05,SPXX US,Nuveen S&P 500 Dynamic Overwrite Fund,330,20,0,16500000.00,"Nuveen Investments Inc, BofA Securities",Financial,0,5.43437,New York
11/22/05,UDRL US,Union Drilling Inc,142.059,14,2.928571463,8823530.00,JP Morgan,Energy,296.33,, 
11/21/05,TRXAQ US,Tronox Inc/Old,244.72,14,2.142857075,17480000.00,"Lehman Brothers, JP Morgan",Basic Materials,320.45,, 
11/21/05,BKD US,Brookdale Senior Living Inc,241.923,19,33.84210587,11072000.00,"Lehman Brothers, Goldman Sachs","Consumer, Non-cyclical",1233.1,107.266,New York
11/17/05,UAA US,Under Armour Inc,181.254,13,94.61538696,12124000.00,Goldman Sachs,"Consumer, Cyclical",405.3,105.582,New York
11/17/05,AMSF US,AMERISAFE Inc,76.3717,9,0,8000000.00,B Riley Financial Inc,Financial,156.82,102.953,NASDAQ GS
11/17/05,DOVR US,Dover Saddlery Inc,27.5,10,2.5,2750000.00,WR Hambrecht + Co LLC,Communications,50.17,, 
11/17/05,URE CN,Ur-Energy Inc,8.426,1.25,-28.79999924,8000000.00,Raymond James & Associates,Basic Materials,0,72.7094,Toronto
11/16/05,SPWRQ US,SunPower Corp,159.39,18,41.38888931,7700000.00,"UBS, Lehman Brothers",Energy,139.98,0.0531857, 
11/15/05,ICE US,Intercontinental Exchange Inc,478.325,26,50.96154022,15997500.00,"Goldman Sachs, Morgan Stanley",Financial,1442.14,97.6718,New York
11/15/05,BPTH US,Bio-Path Holdings Inc,1.2982,0.5,20,2596500.00,,"Consumer, Non-cyclical",0,4.72116,OTC US
11/14/05,CCO US,Clear Channel Outdoor Holdings Inc,630,18,5.555555344,35000000.00,"BofA Securities, Deutsche Bank, JP Morgan, UBS, Goldman Sachs",Communications,630,76.0005,New York
11/10/05,9977553D US,Clear Channel Outdoor Holdings Inc/old,630,18,3.055555582,35000000.00,"UBS, BofA Securities, JP Morgan, Deutsche Bank, Goldman Sachs",Communications,630,, 
11/10/05,1919709D US,IHS Inc,267.076,16,6.875,14515000.00,"Citi, Goldman Sachs","Consumer, Non-cyclical",693.11,0.174296, 
11/10/05,CDS/U US,Cold Spring Capital Inc,120,6,-1.666666627,20000000.00,Deutsche Bank,Diversified,150,, 
11/9/05,EPRSQ US,EPIRUS Biopharmaceuticals Inc,48.3,7,12.14285755,6000000.00,TD Securities,"Consumer, Non-cyclical",156.25,0.0534709, 
11/8/05,BWP US,Boardwalk Pipeline Partners LP,292.5,19.5,-2.820512772,15000000.00,"Lehman Brothers, Citi",Energy,1330.99,, 
11/8/05,IRBTQ US,iRobot Corp,118.68,24,11.25,4300000.00,"Morgan Stanley, JP Morgan","Consumer, Cyclical",558.86,6.38351, 
11/7/05,1PG AU,European Cannabis Corp Ltd,2.93,0.2,32.49999619,20000000.00,,Technology,5.93325,12.2315, 
11/2/05,XCBFX US,Capstone Church Bond Fund,50,0,,,,Funds,0,, 
11/1/05,NKT US,Newkirk Realty Trust Inc,240,16,-5.9375,15000000.00,"JP Morgan, UBS",Financial,310,, 
11/1/05,CBEY US,Cbeyond Inc,73.5882,12,0,6132350.00,Deutsche Bank,Communications,307,, 
11/1/05,WEB US,Web.com Group Inc,68,10,0.100000002,6800000.00,B Riley Financial Inc,Communications,164.95,, 
10/31/05,SLAB LN,Spacelabs Healthcare Inc,26.7569,125,4.800000191,13461800.00,Canaccord Genuity,"Consumer, Non-cyclical",150.03,, 
10/27/05,SSKN US,Strata Skin Sciences Inc,21.3115,5,54.20000076,4000000.00,ThinkEquity LLC,"Consumer, Non-cyclical",52.57,50.1062,OTC US
10/27/05,ABPI US,Accentia Biopharmaceuticals Inc,19.2,8,-9.375,2400000.00,Jefferies,"Consumer, Non-cyclical",230.95,, 
10/26/05,IGA US,Voya Global Advantage and Premium Opportunity Fund,345,20,0.050000001,17250000.00,"AG Edwards & Sons LLC, BofA Securities, UBS, Citi",Financial,0,37.7924,New York
10/26/05,EGF US,BlackRock Enhanced Government Fund Inc,254,20,0,12000000.00,"BofA Securities, Citi",Financial,0,67.4823, 
10/26/05,2553281D US,Evergreen International Balanced Income Fund,215,20,0,10750000.00,"Wells Fargo, BofA Securities",Financial,0,, 
10/26/05,HEROQ US,Hercules Offshore Inc,211.6,20,9.5,9200000.00,"Citi, UBS",Energy,604.86,, 
10/26/05,CGO US,Calamos Global Total Return Fund,120,15,0,8000000.00,"Citi, UBS",Financial,0,22.9609,NASDAQ GS
10/26/05,TYN US,Tortoise North American Energy Corp,115,25,-2,4600000.00,"Stifel, RBC Capital Markets",Financial,0,, 
10/26/05,1294243D US,Cogdell Spencer Inc,103.7,17,0,5800000.00,"Citi, BofA Securities",Financial,136.01,, 
10/26/05,NXTM US,NxStage Medical Inc,63.25,10,17.60000038,5500000.00,BofA Securities,"Consumer, Non-cyclical",210.17,, 
10/26/05,SAJA US,Sajan Inc,27.6,6,-1.666666627,4000000.00,Feltl & Co,Communications,94.23,, 
10/26/05,LEGC US,Legacy Bancorp Inc/MA,0,0,,9545000.00,,Financial,0,, 
10/24/05,3681690Q US,BlackRock World Investment Trust,778.555,15,0.06666667,46666700.00,"Morgan Stanley, Citi, AG Edwards & Sons LLC",Financial,0,, 
10/24/05,CHRXU US,CRC Parent Corp,58.65,6,3.166666746,8500000.00,EarlyBirdCapital.com,"Consumer, Non-cyclical",63.75,, 
10/24/05,NCIT US,NCI Inc,58.5113,10.5,15.90476227,5150000.00,"Raymond James & Associates, Citi",Technology,59.1,, 
10/24/05,KHPAU US,Key Hospitality Acquisition Corp,51.6,8,0,6000000.00,Maxim Group LLC,Diversified,60,, 
10/20/05,EXXS LN,Energy XXI Ltd,300,6,-12.66666698,50000000.00,Canaccord Genuity,Energy,375,, 
10/19/05,ATCTU US,ATS Corp,126,6,0.166666672,21000000.00,CRT Capital,Technology,157.5,, 
10/18/05,BOT US,CBOT Holdings Inc,198.191,54,48.70370483,3191490.00,"JP Morgan, UBS",Financial,2825.72,, 
10/14/05,DEKE LN,DIC Entertainment Holdings Inc,57.5092,248,3.024193525,13276000.00,Bridgewell Corporate Finance Ltd,"Consumer, Cyclical",186.116,, 
10/14/05,1013203D CN,Copper Mesa Mining Corp,9.18456,2,-20,5000000.00,Haywood Securities Inc,Basic Materials,0,, 
10/13/05,PTEK US,PokerTek Inc,24.475,11,-6.818181992,2000000.00,Feltl & Co,"Consumer, Cyclical",101.58,, 
10/11/05,ISBC US,Investors Bancorp Inc,516.271,10,0.200000003,51627100.00,Sandler O'Neill & Partners,Financial,0,, 
10/11/05,1455797D US,TAL International Group Inc,225,18,0,11500000.00,"UBS, Deutsche Bank, Jefferies",Industrial,618.06,, 
9/29/05,SNBI US,BBVA USA Bancshares Inc/Fort Worth TX,49.5999,26,0,1907690.00,"Stifel, Sandler O'Neill & Partners",Financial,311.16,, 
9/28/05,WBMD US,WebMD Health Corp,138.863,17.5,39.42856979,6900000.00,"Citi, Morgan Stanley",Communications,120.75,, 
9/28/05,GLP US,Global Partners LP/MA,123.97,22,7.727272511,4900000.00,Lehman Brothers,Utilities,124.13,42.8433,New York
9/28/05,TLEO US,Taleo Corp,93.8,14,-2.857142925,6700000.00,Citi,Technology,305.6,, 
9/28/05,CBOU US,Caribou Coffee Co Inc,75.012,14,-7.142857075,5358000.00,"BofA Securities, Stifel","Consumer, Cyclical",269.67,, 
9/28/05,GHDX US,Genomic Health Inc,60.2007,12,-2.083333254,5016720.00,"Lehman Brothers, JP Morgan","Consumer, Non-cyclical",0,25.2037, 
9/28/05,AVRX US,Avalon Pharmaceuticals Inc,33.2062,10.5,-9.619047165,2750000.00,WR Hambrecht + Co LLC,"Consumer, Non-cyclical",88.25,, 
9/27/05,ETW US,Eaton Vance Tax Managed Global Buy Write Opportunities Fund,2000,20,0,100000000.00,"Citi, BofA Securities, UBS",Financial,0,22.9438,New York
9/27/05,BEO US,Enhanced S&P 500 Covered Call Fund Inc,185,20,0,9250000.00,BofA Securities,Financial,0,, 
9/26/05,HRZL US,Matson Alaska Inc,143.75,10,7.5,12500000.00,"UBS, Goldman Sachs",Industrial,335.44,, 
9/26/05,TRXI US,TRX Inc,61.2,9,0,6800000.00,UBS,Technology,158.91,, 
9/26/05,VIRX US,Viracta Therapeutics Inc,42.3579,7,-7.142857075,6000000.00,"TD Securities, Lehman Brothers","Consumer, Non-cyclical",150.19,20.7322, 
9/23/05,NPTE US,North Pointe Holdings Corp,50.7,12,0.25,,"Truist Securities Inc, Sandler O'Neill & Partners, William Blair & Co LLC",Financial,109.43,, 
9/23/05,9944031D CN,Galaxy Digital Holdings Ltd,0.41385,0.2,48.89689636,2500000.00,Canaccord Financial Inc,Financial,0,, 
9/22/05,EVRI US,Everi Holdings Inc,255.967,14,6.857142925,16064200.00,"Goldman Sachs, JP Morgan","Consumer, Cyclical",1158.07,11.6744, 
9/21/05,IKAN US,Ikanos Communications Inc,76.8,12,8.333333015,6400000.00,"Citi, Lehman Brothers",Technology,285.55,, 
9/21/05,NXTYQ US,Nexity Financial Corp,31.28,16,1.5625,1700000.00,Raymond James & Associates,Financial,135.24,,OTC US
9/19/05,WLSC US,Williams Scotsman International Inc,251.613,16,-0.125,15325800.00,"CIBC, Lehman Brothers, Citi","Consumer, Non-cyclical",619.51,, 
9/12/05,AMP US,Ameriprise Financial Inc,0,0,,,,Financial,0,93.7309,New York
9/8/05,EMDUQ US,Equity Media Holdings Corp,69,6,-15,10000000.00,"EarlyBirdCapital.com, Morgan Joseph TriArtisan Group Inc",Communications,75,, 
8/26/05,MGU US,Macquarie Global Infrastructure Total Return Fund Inc,425,25,0.039999999,17000000.00,"Citi, BofA Securities",Financial,0,5.38083, 
8/25/05,BDJ US,BlackRock Enhanced Equity Dividend Trust,945,15,0.13333334,63000000.00,"AG Edwards & Sons LLC, UBS, BofA Securities",Financial,0,17.6773,New York
8/25/05,GPM US,Guggenheim Enhanced Equity Income Fund,360,20,0.050000001,18000000.00,"AG Edwards & Sons LLC, BofA Securities",Financial,0,, 
8/25/05,CNCTU US,180 Connect Inc,54,6,-1.666666627,9000000.00,"Wedbush Securities Inc, Maxim Group LLC, Canaccord Genuity, Ramius Securities",Communications,67.5,, 
8/23/05,9893105Q US,Enterprise GP Holdings LP,398.07,28,16.25,12600000.00,"Lehman Brothers, Citi",Energy,2426.68,, 
8/23/05,1965472D US,Meadow Valley Trucking Inc,19.6075,11,10,1550000.00,"Ladenburg Thalmann & Co, Wunderlich Securities Inc",Industrial,39.33,, 
8/22/05,2589856D LN,Amphion Innovations PLC,9.042,25,10,20000000.00,Stockdale Securities Ltd,Financial,40.5,, 
8/17/05,9123456D US,Williams Partners LP/Old,123.625,21.5,18.6046505,5000000.00,Lehman Brothers,Energy,150.5,0.000420704, 
8/17/05,1763405D US,Alus Liquidation Corp,53.3646,6,-2.5,8500000.00,"EarlyBirdCapital.com, ThinkEquity LLC","Consumer, Non-cyclical",63.75,, 
8/16/05,1938828D US,Rockwood Holdings Inc,469.388,20,0,20408200.00,"UBS, Goldman Sachs, Lehman Brothers",Basic Materials,1475.58,0.014812, 
8/16/05,KPPCU US,KapStone Paper and Packaging Corp,120,6,0,20000000.00,Morgan Joseph TriArtisan Group Inc,Industrial,150,, 
8/15/05,1384886D CN,Primary Energy Recycling Corp,256.308,10,0,28500000.00,RBC Capital Markets,Energy,0,, 
8/15/05,BRNC US,Bronco Drilling Co Inc,99.705,17,8.647058487,5100000.00,"Jefferies, Johnson Rice & Co LLC",Energy,313.82,, 
8/15/05,KONA US,Kona Grill Inc,31.625,11,15.45454502,2500000.00,"Oppenheimer & Co, Feltl & Co","Consumer, Cyclical",58.26,10.0273, 
8/11/05,WSBF US,Waterstone Financial Inc,87.975,10,12.5,8797500.00,Stifel,Financial,0,64.1391,NASDAQ GS
8/10/05,CF US,CF Industries Holdings Inc,759,16,1.25,41250000.00,"Morgan Stanley, JP Morgan",Basic Materials,880,110.327,New York
8/10/05,RFXCQ US,Refco Inc,670.45,22,24.90909004,26500000.00,"BofA Securities, Goldman Sachs, UBS",Financial,2805,, 
8/10/05,HPY US,Heartland Payment Systems Inc,139.725,18,36.16666794,6750000.00,"Citi, UBS, KeyBanc Capital Markets, Robert W Baird & Co, Truist Securities Inc, William Blair & Co LLC","Consumer, Non-cyclical",583.32,, 
8/9/05,8190077Q US,Natural Resource Partners LP,256.2,61,-6.557376862,4200000.00,"Citi, Lehman Brothers",Energy,692.58,, 
8/9/05,RDDYQ US,Reddy Ice Holdings Inc/Old,217.005,18.5,4.378378391,10200000.00,"UBS, Lehman Brothers, JP Morgan","Consumer, Non-cyclical",401.09,, 
8/9/05,RBC US,RBC Bearings Inc,152.702,14.5,5.310344696,9288000.00,BofA Securities,Industrial,224.29,103.922,New York
8/9/05,COLY US,Coley Pharmaceutical Group Inc,110.4,16,18,6000000.00,"JP Morgan, BofA Securities, Lazard, Leerink Partners LLC","Consumer, Non-cyclical",397.47,, 
8/9/05,FSGI US,First Security Group Inc/TN,48.669,10,1.700000048,4500000.00,Stifel,Financial,172.34,, 
8/8/05,0212710D US,K&F Industries Holdings Inc,327.423,17.5,-0.571428597,18000000.00,"Lehman Brothers, Goldman Sachs",Industrial,692.75,, 
8/8/05,RUTH US,Ruth's Hospitality Group Inc,269.1,18,15,13000000.00,"BofA Securities, Wells Fargo","Consumer, Cyclical",403.42,, 
8/8/05,1119666D US,James River Group Inc,91.9908,18,11.11111069,4444000.00,Stifel,Financial,258.92,, 
8/5/05,DRC US,Dresser-Rand Group Inc,652.05,21,8.571428299,27000000.00,"Morgan Stanley, Citi",Energy,1794.34,0.206577, 
8/5/05,HOKUQ US,Hoku Corp,22.0992,6,-10.66666698,3500000.00,"Piper Sandler & Co, TD Securities, Stifel",Energy,99.95,,OTC US
8/4/05,ESCH US,Eschelon Telecom Inc,75,14,-6.071428776,5357140.00,"Lehman Brothers, Jefferies",Communications,204.72,1.39537, 
8/4/05,ATRC US,AtriCure Inc,55.2,12,17.33333397,4000000.00,"Piper Sandler & Co, UBS","Consumer, Non-cyclical",142.82,104.597,NASDAQ GM
8/4/05,ADLS US,Advanced Life Sciences Holdings Inc,32,5,20,6400000.00,"Canaccord Genuity, ThinkEquity LLC","Consumer, Non-cyclical",89.13,, 
8/4/05,YYYH US,China Yanyuan Yuhui National E,11.1435,5.1,154.9019623,1900000.00,Gilford Securities Inc,Communications,20.91,,OTC US
8/3/05,WRSPQ US,WorldSpace Inc,249.236,21,6.476190567,11868400.00,UBS,Communications,435.9,, 
8/3/05,AATI US,Advanced Analogic Technologies Inc,121.9,10,18.70000076,10600000.00,"BofA Securities, Morgan Stanley, TD Securities, Piper Sandler & Co, Stifel",Technology,409.62,, 
8/2/05,MWIV US,MWI Veterinary Supply Inc,84.7167,17,25,4333330.00,"BofA Securities, Piper Sandler & Co, William Blair & Co LLC","Consumer, Cyclical",168.19,, 
8/2/05,RUTX US,Republic Cos Group Inc,84,14,1.071428537,6000000.00,"BofA Securities, JP Morgan",Financial,196.31,, 
8/2/05,UNCA US,Unica Corp,55.2,10,17.10000038,4800000.00,"Deutsche Bank, Wells Fargo, CIBC, Needham Group Inc/The",Technology,184.28,, 
8/2/05,KIDSQ US,Parent Co/The,21.85,9.5,12.6315794,2000000.00,"GunnAllen Financial Inc, Wedbush Securities Inc",Communications,47.5,, 
7/29/05,GGXY US,Golf Galaxy Inc,62.3,14,32.92856979,3950000.00,"Piper Sandler & Co, William Blair & Co LLC, AG Edwards & Sons LLC, Wedbush Securities Inc","Consumer, Cyclical",148.91,, 
7/28/05,SWSI US,Nabors Completion & Production Services Co,83.98,13,40.92307663,5620000.00,KeyBanc Capital Markets,Energy,232.92,, 
7/28/05,HAQ/U US,Altimmune Inc,75.2,8,0,9000000.00,Maxim Group LLC,"Consumer, Non-cyclical",80,, 
7/27/05,ALJ US,Alon USA Energy Inc,187.68,16,7.8125,10200000.00,"UBS, Deutsche Bank, Lehman Brothers",Energy,723.22,, 
7/27/05,2568648D US,Patriot Capital Funding Inc,149.8,14,0.357142866,9300000.00,AG Edwards & Sons LLC,Financial,0,, 
7/26/05,2634203D US,AIG Focused Growth Fund,370,20,0,,"BofA Securities, AG Edwards & Sons LLC",Funds,0,, 
7/26/05,1866165D US,Small Cap Premium & Dividend Income Fund Inc,340,20,0,17000000.00,"BofA Securities, Nuveen Investments Inc",Financial,0,, 
7/26/05,PIKE US,Pike Corp,217.35,14,2.571428537,13500000.00,"JP Morgan, Citi",Utilities,445.66,, 
7/26/05,1780601D US,First Trust Strategic High Income Fund,176,20,0,8250000.00,RBC Capital Markets,Financial,0,, 
7/25/05,ITC US,ITC Holdings Corp,330.625,23,14.78260899,12500000.00,"UBS, Morgan Stanley, Lehman Brothers",Utilities,764.01,, 
7/21/05,GNKOQ US,Genco Shipping & Trading Ltd,246.96,21,-0.619047642,11760000.00,"Morgan Stanley, Jefferies",Industrial,530.46,, 
7/21/05,MFB US,Maidenform Brands LLC,246.736,17,16.76470566,12794100.00,UBS,"Consumer, Cyclical",398,, 
7/21/05,CNSL US,Consolidated Communications Holdings Inc,234.227,13,6.076922894,15666700.00,"UBS, Citi",Communications,385.94,33.5288, 
7/21/05,HITT US,Hittite Microwave Corp,87.975,17,14.4117651,4500000.00,Lehman Brothers,Technology,474.03,, 
7/20/05,ARXT US,Adams Respiratory Therapeutics Inc,155.423,17,51.47058868,7950000.00,"Morgan Stanley, BofA Securities","Consumer, Non-cyclical",543.46,, 
7/20/05,DMND US,Diamond Foods Inc,117.3,17,23.8235302,6000000.00,"BofA Securities, Piper Sandler & Co, BMO Capital Markets","Consumer, Non-cyclical",249.19,, 
7/19/05,TCYF US,TransCommunity Financial Corp,18.4,8,-100,2300000.00,Sandler O'Neill & Partners,Financial,18.35,, 
7/15/05,SWATU US,PepperBall Technologies Inc,8.28,6,0,1200000.00,,Industrial,22.6887,, 
7/14/05,JERTQ US,JER Investors Trust Inc,249.308,17.75,3.098591566,12213500.00,"B Riley Financial Inc, BofA Securities",Financial,423.25,, 
7/14/05,FIGIU US,TSS Inc/MD,46.8,6,0,7000000.00,Sunrise Securities,Industrial,52.5,, 
7/14/05,TISUQ US,Orchids Paper Products Co,17.25,8,6.25,1875000.00,Taglich Brothers Inc,Basic Materials,31,0.0134953, 
7/14/05,JNPBU US,Juniper Content Corp,14.5188,10.1,-0.495053262,1250000.00,"HCFP/Brenner Securities LLC, Brean Murray Carret & Co LLC",Communications,25.25,, 
7/14/05,JNPCU US,Juniper Content Corp,2.793,10.5,-0.952380955,250000.00,"HCFP/Brenner Securities LLC, Brean Murray Carret & Co LLC",Communications,26.25,, 
7/13/05,0977894D US,United Financial Bancorp Inc/Old,77.6215,10,17.5,7762150.00,Stifel,Financial,0,, 
7/13/05,8683942Q US,CryoCor Inc,40.8,11,-1.181818128,3709090.00,WR Hambrecht + Co LLC,"Consumer, Non-cyclical",108.78,, 
7/12/05,1876381D US,Aleritas Capital Corp,51.451,6,0,8000000.00,"Morgan Joseph TriArtisan Group Inc, Wells Fargo",Financial,60,, 
7/7/05,MPT US,Medical Properties Trust Inc,145.812,10.5,4.761904716,12066800.00,"B Riley Financial Inc, JP Morgan",Financial,395.18,58.2178,New York
7/7/05,ICDGU US,ICOP Digital Inc,12.3337,8.25,5.454545498,1300000.00,Paulson Investment Co Inc,"Consumer, Non-cyclical",36.61,, 
7/5/05,PYF LN,PolyFuel Inc,14.5808,51,-0.980392158,15686300.00,Canaccord Genuity,Energy,39.7853,, 
6/30/05,JMBAU US,Jamba Inc,138,8,0,15000000.00,Broadband Capital Management LLC,"Consumer, Cyclical",150,, 
6/30/05,WAL US,Western Alliance Bancorp,93.5,22,15.45454502,3750000.00,"Sandler O'Neill & Partners, Stifel",Financial,486.69,94.1636,New York
6/30/05,ACNIU US,American Community Newspapers Inc,82.8,6,0,12000000.00,"EarlyBirdCapital.com, ThinkEquity LLC",Communications,90,, 
6/30/05,COBK US,Colonial Financial Services Inc,22.5089,0,,2250900.00,Stifel,Financial,0,, 
6/29/05,1409833D US,Columbia Equity Trust Inc,207,15,2.666666746,12000000.00,"Wells Fargo, Robert W Baird & Co",Financial,180.95,, 
6/29/05,TACAU US,TAC Acquisition Corp,132,6,0.166666672,20000000.00,Wedbush Securities Inc,Diversified,150,, 
6/29/05,VLCM US,Volcom LLC,102.422,19,40.89473724,4687500.00,"DA Davidson & Co, Wells Fargo","Consumer, Cyclical",443.81,, 
6/29/05,HBOS US,Heritage Financial Group Inc,33.7238,10,7.5,3372380.00,Stifel,Financial,0,, 
6/28/05,1914858D US,NeuStar Inc,695.75,22,18.18181801,27500000.00,"Morgan Stanley, UBS, JP Morgan",Technology,1235.58,, 
6/28/05,1367507D US,CIFC Corp,400,16,0,25000000.00,"UBS, BofA Securities, Deutsche Bank",Financial,826.56,, 
6/28/05,DBI US,Designer Brands Inc,307.266,19,26.84210587,14062500.00,Lehman Brothers,"Consumer, Cyclical",269.09,93.4456,New York
6/28/05,HEM US,HemoSense Inc,19.2567,5.5,0.363636375,3500000.00,"WR Hambrecht + Co LLC, Lazard","Consumer, Non-cyclical",52.44,, 
6/27/05,ETV US,Eaton Vance Tax-Managed Buy-Write Opportunities Fund,1252,20,0,55500000.00,BofA Securities,Financial,0,18.1339,New York
6/27/05,KYE US,Kayne Anderson Energy Total Return Fund Inc,750,25,0,30000000.00,"BofA Securities, UBS, Citi",Funds,0,, 
6/27/05,3296037Q US,BlackRock Enhanced Equity Yield & Premium Fund Inc,344,20,0,16000000.00,"BofA Securities, Wells Fargo, Stifel, Wunderlich Securities Inc",Financial,0,, 
6/27/05,LOR US,Lazard World Dividend & Income Fund Inc,134.8,20,0.050000001,6575000.00,"BofA Securities, Citi",Financial,0,15.2288, 
6/24/05,BFIN US,BankFinancial Corp,244.66,10,36,24466000.00,Sandler O'Neill & Partners,Financial,0,62.9235, 
6/23/05,KFN US,KKR Financial Holdings LLC,900,24,2.083333254,33333300.00,"JP Morgan, B Riley Financial Inc, Lehman Brothers, UBS, Citi",Financial,1683.42,186, 
6/23/05,GAIN US,Gladstone Investment Corp,248.4,15,0.266666681,14400000.00,"RBC Capital Markets, Jefferies",Financial,0,17.3669,NASDAQ GS
6/23/05,KNXA US,Kenexa Corp,69,12,0.416666657,5000000.00,"TD Securities, Needham Group Inc/The, Citizens Financial Group Inc",Technology,197.13,, 
6/22/05,BLDR US,Builders FirstSource Inc,225.4,16,-3.5,12250000.00,"UBS, Deutsche Bank",Industrial,522.37,100.54,New York
6/22/05,2564111D US,Eagle Bulk Shipping Inc,201.6,14,-3.571428537,14400000.00,"Citi, UBS, JP Morgan",Industrial,380.1,22.916, 
6/22/05,LINC US,Lincoln Educational Services Corp,83.5485,20,0.850000024,4000000.00,"BofA Securities, Lehman Brothers, BMO Capital Markets, Jefferies, Robert W Baird & Co","Consumer, Non-cyclical",494.22,86.5513,NASDAQ GS
6/21/05,ALLI US,Soleo Health Holdings Inc,59.8,13,26.92307663,4000000.00,"Stifel, Gleacher & Co Inc, William Blair & Co LLC","Consumer, Cyclical",154.63,, 
6/21/05,NUVMU US,NuVim Inc,2.7,1,10,2700000.00,Paulson Investment Co Inc,"Consumer, Non-cyclical",0,, 
6/20/05,NRGP US,Crestwood Holdings LP,87.975,22.5,23.68888855,3400000.00,"AG Edwards & Sons LLC, Lehman Brothers","Consumer, Cyclical",438.52,, 
6/16/05,EVVV US,ev3 Inc,189.417,14,1.071428537,11765000.00,"BofA Securities, Piper Sandler & Co","Consumer, Non-cyclical",684.74,, 
6/16/05,MEND US,Micrus Endovascular LLC,38.5,11,0.090909094,3250000.00,"AG Edwards & Sons LLC, Needham Group Inc/The","Consumer, Non-cyclical",150.6,, 
6/15/05,BILL LN,Billing Services Group Ltd,153.504,74.5,10.7382555,112920000.00,Investec,"Consumer, Non-cyclical",248.015,45.3931, 
6/13/05,PORK US,Murphy-Brown of Missouri LLC,138.687,12.5,0,9842460.00,Morgan Stanley,"Consumer, Non-cyclical",391.42,, 
6/9/05,2550712D US,Silicon Graphics International Corp,83.7378,12,1.666666627,6250000.00,"Stifel, Piper Sandler & Co, RBC Capital Markets, KeyBanc Capital Markets",Technology,240.33,, 
6/8/05,HTGC US,Hercules Capital Inc,78,13,-0.307692319,6000000.00,"Citizens Financial Group Inc, RBC Capital Markets",Financial,127.43,32.4523,New York
6/8/05,LHCG US,LHC Group Inc,77.28,14,22.1428566,4800000.00,"Jefferies, Citi","Consumer, Non-cyclical",232.29,0.0981615, 
6/2/05,XNPT US,XenoPort Inc,52.6005,10.5,-1.047619104,5000000.00,"Morgan Stanley, Deutsche Bank, Pacific Growth Equities Inc, Lazard","Consumer, Non-cyclical",201.89,, 
5/27/05,PGP US,PIMCO Global StocksPLUS & Income Fund,232.5,25,0.200000003,9300000.00,BofA Securities,Financial,0,14.1733,New York
5/26/05,SSAG US,SSA Global Technologies Inc,113.85,11,0,9000000.00,"JP Morgan, Citi",Technology,716.38,, 
5/25/05,JLA US,Nuveen Equity Premium Advantage Fund,464,20,0,23200000.00,"Citi, Nuveen Investments Inc",Financial,0,, 
5/25/05,TYY US,Tortoise Energy Capital Corp,350,25,0,14000000.00,"Stifel, Lehman Brothers",Financial,0,, 
5/25/05,DRH US,DiamondRock Hospitality Co,312.751,10.5,0.952380955,26087000.00,"B Riley Financial Inc, Citi",Financial,506.495,96.0051,NASDAQ GS
5/25/05,BOE US,BlackRock Enhanced Global Dividend Trust,300,25,0,12000000.00,"UBS, Citi, Wells Fargo",Financial,0,43.93,New York
5/25/05,FMY US,First Trust Mortgage Income Fund,80.8,20,0.050000001,4000000.00,BofA Securities,Financial,0,59.4069,New York
5/25/05,RDR US,RMR Preferred Dividend Fund,46.018,20,0,2300000.00,"RBC Capital Markets, Wells Fargo",Financial,0,, 
5/24/05,TLP US,TransMontaigne Partners LLC,82.39,21.4,14.53271198,3350000.00,UBS,Energy,85.01,, 
5/23/05,UBNK US,United Financial Bancorp Inc,83.5705,10,4.800000191,8357050.00,Stifel,Financial,0,, 
5/20/05,XRG CN,Xinergy Ltd,0.23745,0.1,100,3000000.00,Pacific International Securities Inc,Energy,0.4749,, 
5/17/05,CTRN US,Citi Trends Inc,61.985,14,12.14285755,3850000.00,CIBC,"Consumer, Cyclical",167.93,99.4379,NASDAQ GS
5/10/05,1800354D US,Warner Music Group Corp,554.2,17,-3.529411793,32600000.00,"Deutsche Bank, Lehman Brothers, Morgan Stanley, Goldman Sachs","Consumer, Cyclical",2431.34,, 
5/10/05,XRM US,Andritz Fabrics & Rolls Inc,160.79,12,0,13399200.00,"BofA Securities, Citi",Industrial,525.73,0.295101, 
5/9/05,0216051D US,New Skies Satellites Holdings US LLC,225.802,16.5,0.484848499,11900000.00,"Lehman Brothers, Goldman Sachs",Communications,504.96,, 
5/9/05,VREO CN,Vireo Growth Inc,0.16386,0.1,49.99999619,2000000.00,Macquarie,"Consumer, Non-cyclical",0,30.0749,Canadian Sec
5/5/05,3655488Q US,Bois d'Arc Energy Inc,175.5,13,-2.692307711,13500000.00,Raymond James & Associates,Energy,833.88,, 
5/5/05,ZUMZ US,Zumiez Inc,64.6875,18,38.16666794,3125000.00,"Piper Sandler & Co, Wells Fargo","Consumer, Cyclical",237.25,68.1763,NASDAQ GS
5/4/05,LAZ US,Lazard Inc,854.58,25,-4,34183200.00,"Goldman Sachs, Citi, BofA Securities, Morgan Stanley, UBS, JP Morgan, Lazard",Financial,937.5,81.1675,New York
5/3/05,JVA US,Coffee Holding Co Inc,7.525,5,4,1400000.00,Joseph Stevens & Co,"Consumer, Non-cyclical",27,22.6501,NASDAQ CM
5/2/05,MORN US,Morningstar Inc,161.956,18.5,8.378377914,7612500.00,WR Hambrecht + Co LLC,"Consumer, Non-cyclical",711.26,67.2284,NASDAQ GS
5/2/05,FPBI US,FPB Bancorp Inc,10.4,13,31.92307663,800000.00,Kendrick Pierce Securities Inc,Financial,0,, 
4/29/05,1885525D US,VeriFone Systems Inc,177.1,10,7.5,15400000.00,"JP Morgan, Lehman Brothers",Technology,650.55,, 
4/27/05,EEF US,BlackRock Enhanced Equity Yield Fund Inc,402,20,0.050000001,18500000.00,,Financial,0,, 
4/27/05,GLQ US,Clough Global Equity Fund,335,20,0.050000001,15250000.00,BofA Securities,Financial,0,51.317,NYSEAmerican
4/26/05,ETB US,Eaton Vance Tax-Managed Buy-Write Income Fund,450,20,0,22500000.00,Citi,Financial,0,25.0629,New York
4/26/05,NAI US,AllianzGI International & Premium Strategy Fund,237.5,25,0.039999999,9000000.00,"UBS, Wells Fargo",Financial,0,, 
4/26/05,DPD US,Dow 30 Premium & Dividend Income Fund Inc,225,20,0,11250000.00,"BofA Securities, Nuveen Investments Inc",Financial,0,, 
4/26/05,HCE US,Fiduciary/Claymore Dynamic Equity Fund,114,20,0,5375000.00,"BofA Securities, AG Edwards & Sons LLC, Raymond James & Associates",Financial,0,, 
4/26/05,1835647D US,Madison Strategic Sector Premium Fund,110,20,0,5500000.00,Citi,Funds,0,29.2825, 
4/25/05,AURDQ US,Accuride Corp/Old,99,9,0,11000000.00,"Citi, Deutsche Bank, UBS","Consumer, Cyclical",293.6,, 
4/25/05,CLAS/H CN,Claritas Pharmaceuticals Inc,0.96828,0.15,166.6666565,8000000.00,Dominick & Dominick,"Consumer, Non-cyclical",0,, 
4/22/05,SUMRU US,Summer Infant Inc,55.2,6,4.983333111,8000000.00,EarlyBirdCapital.com,"Consumer, Cyclical",60,, 
4/20/05,NAHC US,National Atlantic Holdings Corp,79.8,12,-1.583333373,6650000.00,Citi,Financial,131.12,, 
4/18/05,CPBRU US,ClearPoint Business Resources Inc,33.12,6,3.666666746,4800000.00,EarlyBirdCapital.com,"Consumer, Non-cyclical",36,, 
4/18/05,1280451D CN,AuEx Ventures Inc,1.995,0.35,43.11368561,5700000.00,Haywood Securities Inc,Basic Materials,0,, 
4/14/05,JOR US,Earle M Jorgensen Co,202.4,10,-10,17600000.00,"Goldman Sachs, UBS",Industrial,511.571,, 
4/13/05,DXCM US,Dexcom Inc,56.4,12,-2.166666746,4700000.00,"TD Securities, Piper Sandler & Co, William Blair & Co LLC, Gleacher & Co Inc","Consumer, Non-cyclical",302.24,100.586,NASDAQ GS
4/12/05,PPRBQ US,PRB Energy Inc,12.65,5.5,39.09090805,2000000.00,Gilford Securities Inc,Energy,37.12,, 
4/11/05,GTTBU US,GTT Communications Inc,53.429,10.1,1.980194211,4600000.00,"HCFP/Brenner Securities LLC, Morgan Joseph TriArtisan Group Inc",Communications,92.92,, 
4/11/05,GTLTU US,GTT Communications Inc,6.0375,10.5,2.380952358,500000.00,"HCFP/Brenner Securities LLC, Morgan Joseph TriArtisan Group Inc",Communications,10.51,, 
4/5/05,RAIL US,FreightCar America Inc,185.725,19,10.68421078,8500000.00,UBS,Industrial,238.12,44.2829,NASDAQ GS
3/31/05,2339747Q US,Fastclick Inc,78,12,0,6500000.00,"UBS, Citi",Communications,232.59,, 
3/31/05,BFBC US,Benjamin Franklin Bancorp Inc,55.7742,10,0.600000024,5577420.00,Stifel,Financial,0,, 
3/31/05,OCFL US,OC Financial Inc,5.60198,10,20,560198.00,Stifel,Financial,0,, 
3/30/05,PBIP US,Prudential Bancorp Inc,49.098,10,-1.5,4909800.00,Sandler O'Neill & Partners,Financial,0,4.29475, 
3/28/05,IGD US,Voya Global Equity Dividend and Premium Opportunity Fund,1700,20,0.100000002,85000000.00,"Citi, UBS, Wells Fargo",Financial,0,27.9038,New York
3/28/05,GGN US,GAMCO Global Gold Natural Resources & Income Trust,352,20,0.050000001,16600000.00,"Citi, BofA Securities",Financial,0,13.5576,NYSEAmerican
3/28/05,0816864D US,S&P 500 Covered Call Fund Inc,336,20,0,15600000.00,BofA Securities,Financial,0,7.20851, 
3/28/05,RWF US,Cohen & Steers Worldwide Realty Income Fund Inc,300,20,0,15000000.00,"UBS, BofA Securities",Financial,0,, 
3/28/05,JFP US,Nuveen Tax-Advantaged Floating Rate Fund,207.525,15,0,13000000.00,"Wells Fargo, AG Edwards & Sons LLC",Financial,0,, 
3/28/05,BME US,BlackRock Health Sciences Trust,187.5,25,0,7500000.00,"AG Edwards & Sons LLC, Wells Fargo, BofA Securities",Financial,0,21.5,New York
3/16/05,PA US,Intelsat Holding Corp,900,18,-3.611111164,50000000.00,"Morgan Stanley, BofA Securities, Citi",Communications,2206.46,, 
3/14/05,AX US,Axos Financial Inc,35.1003,11.5,0,3052170.00,WR Hambrecht + Co LLC,Financial,95.45,84.2907,New York
3/9/05,FRR LN,Frontera Resources Corp,87.7934,150,3.333333254,28000000.00,Morgan Stanley,Energy,159.393,, 
3/8/05,ISE US,International Securities Exchange Holdings Inc,208.021,18,68.8888855,10049300.00,"JP Morgan, Morgan Stanley",Financial,650.5,, 
2/25/05,AAIRU US,Avantair Inc,41.4,6,5.166666508,6000000.00,EarlyBirdCapital.com,"Consumer, Cyclical",45,, 
2/24/05,DCA US,Virtus Total Return Fund,181.5,15,0.600000024,12100000.00,Raymond James & Associates,Funds,0,23.6001, 
2/23/05,NFJ US,Virtus Dividend Interest & Premium Strategy Fund,2152.5,25,0.639999986,86100000.00,"Citi, BofA Securities, UBS",Financial,0,43.265,New York
2/23/05,EVG US,Eaton Vance Short Duration Diversified Income Fund,377,20,0,17850000.00,"UBS, BofA Securities",Financial,0,35.2024,New York
2/23/05,9876547D US,Kearny Financial Corp,218.213,10,13.89999962,21821300.00,Sandler O'Neill & Partners,Financial,0,, 
2/18/05,ALBAU US,Great Lakes Dredge & Dock Corp,55.2,6,5,8000000.00,"Morgan Joseph TriArtisan Group Inc, EarlyBirdCapital.com",Industrial,60,, 
2/16/05,DLB US,Dolby Laboratories Inc,569.25,18,35,27500000.00,"Morgan Stanley, Goldman Sachs, Canaccord Genuity","Consumer, Cyclical",569.25,100.717,New York
2/15/05,WEX US,WEX Inc,720,18,-5,40000000.00,"BofA Securities, UBS, JP Morgan","Consumer, Non-cyclical",724.84,125.245,New York
2/15/05,CBASU US,Coastal Bancshares Acquisition Corp,33.12,6,0.833333314,4800000.00,"Newbridge Securities Corp, I-Bankers Securities Inc",Diversified,34.8,, 
2/15/05,FSNNQ US,Fusion Connect Inc,26.316,6.45,-10.07751656,3600000.00,Kirlin Securities,Technology,56.97,0.0736514, 
2/15/05,MNTX US,Manitex International Inc,17.25,6,15,2500000.00,Wunderlich Securities Inc,"Consumer, Cyclical",27,6.70854, 
2/14/05,ANRZQ US,Alpha Natural Resources Inc,644.575,19,19.42105293,29500000.00,"Citi, Morgan Stanley",Energy,1182.04,, 
2/14/05,ECRO US,ECC Capital Corp,386.03,6.75,0,57189700.00,"B Riley Financial Inc, Stifel, Flagstone Securities LLC, Citizens Financial Group Inc, Roth Capital Partners Inc",Financial,657.8,1.23618,OTC US
2/14/05,ODMO US,Odimo Inc,28.125,9,-2.777777672,3125000.00,CIBC,Communications,64.46,,OTC US
2/14/05,TPOSQ US,Tarpon Industries Inc,16.3875,5,6,2850000.00,Joseph Gunnar & Co,Industrial,19.32,, 
2/11/05,ULH US,Universal Logistics Holdings Inc,121.9,20,12.5,5300000.00,"Citi, Truist Securities Inc, Stephens Inc",Industrial,306.45,29.3709,NASDAQ GS
2/11/05,BFSB US,Brooklyn Federal Bancorp Inc,39.675,10,-0.5,3967500.00,Sandler O'Neill & Partners,Financial,0,, 
2/11/05,CVBT US,Venturis Therapeutics Inc,17.25,10,18.5,1500000.00,First Dunbar Securities Corp,"Consumer, Non-cyclical",1226.18,, 
2/10/05,HUN US,Huntsman Corp,1593.01,23,6.521739006,60227300.00,"Deutsche Bank, UBS, Citi, BofA Securities",Basic Materials,5070.47,96.4758,New York
2/9/05,PBH US,Prestige Consumer Healthcare Inc,515.2,16,10.9375,28000000.00,"Goldman Sachs, BofA Securities, JP Morgan","Consumer, Non-cyclical",800,112.559,New York
2/9/05,SVR US,Syniverse Holdings LLC/DE,281.92,16,0,17620000.00,"Goldman Sachs, Lehman Brothers, JP Morgan",Communications,1082.68,, 
2/9/05,1395066D US,Hiland Partners Holdings LLC,51.75,22.5,29.11111069,2000000.00,"AG Edwards & Sons LLC, Raymond James & Associates, RBC Capital Markets",Energy,61.2,, 
2/9/05,TRISU US,Tri-S Security Corp,12.42,6,-0.833333314,1800000.00,"Capital Growth Financial LLC, GVC Capital LLC","Consumer, Non-cyclical",18.21,, 
2/8/05,WINMQ US,Windstream Holdings Inc,506.719,15,2.066666603,29375000.00,"BofA Securities, JP Morgan",Communications,1062.5,, 
2/8/05,0891107D US,FTD Group Inc,195.845,13,4.615384579,13100000.00,"Citi, Goldman Sachs",Communications,377.22,, 
2/8/05,0918134D US,Emageon Inc,74.75,13,15,5000000.00,"Piper Sandler & Co, Wells Fargo, Raymond James & Associates, B Riley Financial Inc",Technology,255.23,, 
2/4/05,MTEMQ US,Molecular Templates Inc,42.7859,7,2,5333000.00,"BofA Securities, CIBC","Consumer, Non-cyclical",204.78,21.1036, 
2/3/05,FRCMQ US,FairPoint Communications Inc/Old,462.5,18.5,-2.432432413,25000000.00,"Goldman Sachs, Morgan Stanley, BofA Securities, Deutsche Bank",Communications,646.12,0.000260104, 
2/3/05,ARC US,ARC Document Solutions Inc,195.459,13,5.769230843,13350000.00,"JP Morgan, Goldman Sachs","Consumer, Non-cyclical",570.81,2.24444, 
2/3/05,1263553D CN,International Royalty Corp,132.616,4.3,4.186041832,34883700.00,Haywood Securities Inc,Basic Materials,0,, 
2/2/05,MMRF US,MMRGlobal Inc,43.995,7,-2.857142925,6000000.00,JP Morgan,Communications,140.11,, 
2/2/05,ICGN US,Pfizer Research NC Inc,40.8,8,-8.75,5000000.00,"UBS, JP Morgan, CIBC","Consumer, Non-cyclical",171.55,, 
1/28/05,DLLR US,DFC Global Corp,120,16,0,7500000.00,,Financial,293.502,, 
1/28/05,4875 JP,MediciNova Inc,114.36,400,-8.25,30000000.00,Daiwa Securities,"Consumer, Non-cyclical",376.096,23.5998,Tokyo
1/27/05,WTI US,W&T Offshore Inc,240.451,19,-2.631578922,12655300.00,"Jefferies, Lehman Brothers",Energy,1253.41,38.5003,New York
1/27/05,2308426D US,National Interstate Corp,59.724,13.5,15.40740776,3847000.00,BofA Securities,Financial,256.03,0.000802923, 
1/26/05,JSN US,Nuveen Equity Premium Opportunity Fund,1287.89,20,0,58500000.00,"Citi, Wells Fargo, RBC Capital Markets",Financial,0,, 
1/26/05,EOS US,Eaton Vance Enhanced Equity Income Fund II,943,20,0.100000002,43750000.00,"BofA Securities, Wells Fargo, UBS",Financial,0,20.0402,New York
1/26/05,LCM US,Advent/Claymore Enhanced Growth & Income Fund,265,20,0,12550000.00,BofA Securities,Funds,0,, 
1/26/05,DVM US,Cohen & Steers Dividend Majors Fund Inc,256,20,0.050000001,11800000.00,BofA Securities,Financial,0,, 
1/26/05,DVF US,BlackRock Diversified Income Strategies Fund Inc,239,20,0,11050000.00,"BofA Securities, Citi",Financial,0,, 
1/26/05,OXPS US,OptionsXpress Holdings Inc,227.7,16.5,23.03030396,12000000.00,Goldman Sachs,Financial,1014.66,, 
1/25/05,1719848D US,Education Realty Trust Inc,349.6,16,2.8125,19000000.00,"UBS, JP Morgan",Financial,306.78,, 
1/25/05,GFIG US,GFI Group Inc,141.452,21,25.90476227,5857220.00,"BofA Securities, Citi",Financial,561.78,, 
1/20/05,CE US,Celanese Corp,800,16,0,50000000.00,"Morgan Stanley, Lehman Brothers, Goldman Sachs, BofA Securities, UBS",Basic Materials,2538.8,101.369,New York
1/20/05,SBX US,SeaBright Holdings Inc,90.5625,10.5,14.76190472,7500000.00,B Riley Financial Inc,Financial,160.42,, 
1/20/05,1769019D US,ViaCell Inc,60.375,7,24.0714283,7500000.00,UBS,"Consumer, Non-cyclical",252.51,, 
1/11/05,CEO LN,Coastal Energy Co,2.2542,10,145,12000000.00,Canaccord Financial Inc,Energy,7.04438,, 
1/6/05,BDCG US,Bonds.Com Group Inc,0.7,1,25,700000.00,Windham Securities Inc,Communications,0,, 
12/23/04,BGR US,BlackRock Energy and Resources Trust,0,0,,,,Financial,0,18.8884,New York
12/22/04,PHD US,Pioneer Floating Rate Fund Inc,451,20,0,22550000.00,BofA Securities,Financial,0,11.313, 
12/22/04,FMO US,Fiduciary/Claymore Energy Infrastructure Fund,330,20,0,16500000.00,AG Edwards & Sons LLC,Financial,0,22.156, 
12/22/04,DSF US,Defined Strategy Fund Inc,150,20,0,7500000.00,"BofA Securities, Nuveen Investments Inc",Financial,0,, 
12/20/04,MSMAU US,Millstream II Acquisition Corp,24.6,6,-0.5,4000000.00,EarlyBirdCapital.com,Diversified,0,, 
12/17/04,WRESQ US,Warren Resources Inc,81.9375,7.5,22.66666603,9500000.00,KeyBanc Capital Markets,Energy,220.57,, 
12/16/04,SOHO US,Sotherly Hotels Inc,60,10,0,6000000.00,Truist Securities Inc,Financial,60.04,32.1894, 
12/15/04,MIC US,AMF Hawaii Investments LLC,615.25,25,11.19999981,21400000.00,"BofA Securities, Citi",Financial,585,25.0271, 
12/15/04,AEA US,Advance America Cash Advance Centers Inc,370.875,15,36.66666794,21500000.00,Morgan Stanley,"Consumer, Non-cyclical",1260.4,, 
12/15/04,0000708D US,Spirit Finance Corp/Old,330,11,12.72727299,26087000.00,"Citi, BofA Securities",Financial,698.57,, 
12/15/04,HLF US,Herbalife Ltd,233.45,14,5.142857075,14500000.00,"Morgan Stanley, BofA Securities","Consumer, Non-cyclical",923.22,112.303,New York
12/15/04,IBI US,Interline Brands Inc,215.625,15,15.33333302,12500000.00,"Lehman Brothers, UBS","Consumer, Cyclical",476.25,, 
12/15/04,KMA US,KMG America Corp,206.483,9.5,13.68421078,18900000.00,B Riley Financial Inc,Financial,182.75,, 
12/15/04,TSRE US,Trade Street Residential Inc,159.467,13,-1.153846145,10666700.00,B Riley Financial Inc,Financial,141.93,, 
12/15/04,OTT US,Otelco Inc,141.839,15.2,0.328948617,8659000.00,"CIBC, UBS, RBC Capital Markets",Communications,147.09,, 
12/15/04,ARBX US,ICS Group Holdings Inc,131.525,17.5,65.7142868,6535410.00,BofA Securities,Communications,419.31,, 
12/14/04,LVS US,Las Vegas Sands Corp,794.048,29,60.55172348,23809500.00,Goldman Sachs,"Consumer, Cyclical",10167.1,55.0905,New York
12/14/04,1922908D US,Great Wolf Resorts Inc,273.7,17,23.52941132,14000000.00,Citi,"Consumer, Cyclical",478.91,, 
12/14/04,CSCD US,FormFactor Beaverton Inc,74.2,14,-1.785714269,5300000.00,Lehman Brothers,Technology,151.67,, 
12/13/04,KNL US,Knoll Inc,190.532,15,14,11045300.00,"UBS, Goldman Sachs","Consumer, Cyclical",718.41,, 
12/13/04,BXC US,BlueLinx Holdings Inc,137.498,13.5,0,9500000.00,"Morgan Stanley, Goldman Sachs","Consumer, Cyclical",398.25,106.326,New York
12/13/04,CONR US,Conor Medsystems Inc,89.7,13,2,6000000.00,Citi,"Consumer, Non-cyclical",398.95,0.437677, 
12/13/04,CHCI US,Comstock Holding Cos Inc,72.864,16,4.6875,3960000.00,Truist Securities Inc,"Consumer, Cyclical",126.93,14.7577,NASDAQ CM
12/13/04,XSPY US,Spy Inc,30.45,8.75,14.28571415,3480000.00,Roth Capital Partners Inc,"Consumer, Non-cyclical",65.37,, 
12/9/04,BBG US,HighPoint Operating Corp,373.75,25,16.20000076,13000000.00,Goldman Sachs,Energy,1034.3,, 
12/9/04,LEDR US,Market Leader Inc,93.75,15,4.933333397,6250000.00,"JP Morgan, UBS",Technology,372.21,, 
12/9/04,ADZA US,Cytyc Prenatal Products Corp,69,16,23.125,3750000.00,UBS,"Consumer, Non-cyclical",254.24,, 
12/9/04,CBONQ US,Community Bancorp/NV,60.39,23,27.60869598,2295650.00,"Stifel, DA Davidson & Co",Financial,140.92,, 
12/9/04,FSTF US,First State Financial Corp/FL,25.53,12,6,2127500.00,BofA Securities,Financial,66.32,0.0140702,OTC US
12/8/04,8230905Q US,Alpha Natural Resource Inc/Old,530.682,22,-1.136363626,23610000.00,"Citi, Morgan Stanley",Energy,976.63,, 
12/8/04,2559918D US,Symmetry Medical Inc,138,15,24,8000000.00,"UBS, BofA Securities","Consumer, Non-cyclical",491.88,, 
12/8/04,TEAR US,TearLab Corp,100.8,12,0,8400000.00,Citi,"Consumer, Non-cyclical",501.12,48.5447, 
12/7/04,CABG US,CABG Medical Inc,34.7875,5.5,10.72727299,5500000.00,Feltl & Co,"Consumer, Non-cyclical",87.03,, 
12/6/04,GKR LN,Gatekeeper Systems Inc/United States,15.3828,48,6.25,16900000.00,Tenebris Realisations Ltd,"Consumer, Non-cyclical",41.1375,, 
11/23/04,FAM US,First Trust/abrdn Global Oppor,330,20,0.050000001,16500000.00,BofA Securities,Financial,0,3.2327, 
11/22/04,UAPH US,UAP Holding Corp,504.85,16,2,27437500.00,"UBS, Goldman Sachs",Basic Materials,805.97,0.00339971, 
11/22/04,RFR US,RMR F.I.R.E. Fund,37,25,-0.400000006,1480000.00,RBC Capital Markets,Financial,0,, 
11/19/04,DRY US,Coinmach Service LLC,257.953,13.64,-2.52E-06,18333300.00,BofA Securities,"Consumer, Non-cyclical",287.16,, 
11/18/04,2997709Q US,PortalPlayer LLC,122.188,17,51.76470566,6250000.00,"UBS, Citi",Technology,392.19,, 
11/18/04,MPWR US,Monolithic Power Systems Inc,53.4295,8.5,15.76470566,5500000.00,"Goldman Sachs, BofA Securities",Technology,226.81,99.4238,NASDAQ GS
11/17/04,IWA US,Iowa Telecommunications Services Inc,417.58,19,9.473684311,19111200.00,"BofA Securities, Morgan Stanley",Communications,586.42,, 
11/17/04,PRAI US,PRA International Delaware Inc,131.1,19,10.52631569,6000000.00,"UBS, JP Morgan","Consumer, Non-cyclical",415.13,, 
11/17/04,SUAI US,Specialty Underwriters' Alliance Inc,124.659,9.5,0.736842096,12700000.00,B Riley Financial Inc,Financial,136.46,, 
11/17/04,GLD US,SPDR Gold Shares,101.683,44.21,0.384530455,2300000.00,UBS,Funds,0,40.8666,NYSE Arca
11/15/04,INPC US,InPhonic Inc,163.875,19,26.31579018,7500000.00,"JP Morgan, Deutsche Bank",Communications,612.55,0.00243724, 
11/10/04,NLC US,Nalco Holding Co,766.666,15,8,44444400.00,"JP Morgan, UBS, Goldman Sachs, Citi",Industrial,2124.95,, 
11/10/04,ORA US,Ormat Technologies Inc,107.812,15,4.466666698,6250000.00,Lehman Brothers,Utilities,473.44,103.636,New York
11/10/04,ZIPR US,ZipRealty Inc,68.0225,13,25.38461494,4550000.00,"Deutsche Bank, UBS",Communications,247.71,, 
11/9/04,OHAI US,OHA Investment Corp,261,15,0,16000000.00,"Raymond James & Associates, B Riley Financial Inc",Financial,0,, 
11/8/04,HAV US,Helios Advantage Income Fund Inc,360,15,1.666666627,24000000.00,Raymond James & Associates,Financial,0,, 
11/8/04,CPNO US,Copano Energy LLC,115,20,13.5,5000000.00,"RBC Capital Markets, KeyBanc Capital Markets, Sanders Morris Harris LLC",Energy,140.76,, 
11/4/04,MKTX US,MarketAxess Holdings Inc,63.25,11,59,5000000.00,"JP Morgan, UBS","Consumer, Non-cyclical",250.97,109.992,NASDAQ GS
11/1/04,1488164D US,Aames Investment Corp,342.125,8.5,9.411765099,35000000.00,B Riley Financial Inc,Financial,476.6,, 
10/28/04,DLR US,Digital Realty Trust Inc,257.056,12,0,20000000.00,"BofA Securities, Citi",Financial,240,105.314,New York
10/28/04,USSPQ US,US Shipping Corp,153.524,22.25,4.494381905,6000000.00,"Lehman Brothers, Citi",Industrial,153.52,0.216042, 
10/28/04,RLOGU US,Rand Logistics Inc,24,6,0.333333343,4000000.00,EarlyBirdCapital.com,Industrial,30,, 
10/27/04,DWA US,DreamWorks Animation LLC,933.8,28,38.3928566,29000000.00,"Goldman Sachs, JP Morgan","Consumer, Cyclical",1613.64,, 
10/27/04,CLMS US,Calamos Asset Management Inc,414,18,10.66666698,20000000.00,"BofA Securities, Citi",Financial,324,, 
10/27/04,2102955D US,GMH Communities Trust,364.212,12,0,28571400.00,BofA Securities,Financial,343.11,, 
10/27/04,BBW US,Build-A-Bear Workshop Inc,172.086,20,25.25,7482000.00,"Citi, UBS","Consumer, Cyclical",391.03,113.293,New York
10/27/04,GRE US,S&P 500 GEARED Fund Inc,139.8,20,0,6750000.00,BofA Securities,Financial,0,, 
10/27/04,FOXH US,FoxHollow Technologies Inc,72.45,14,46.07143021,4500000.00,"Piper Sandler & Co, JP Morgan","Consumer, Non-cyclical",309.24,, 
10/26/04,PFN US,PIMCO Income Strategy Fund II,826,20,0.050000001,37000000.00,BofA Securities,Financial,0,16.2619,New York
10/26/04,EOI US,Eaton Vance Enhanced Equity Income Fund,750,20,0,37500000.00,"BofA Securities, UBS, Wells Fargo",Financial,0,20.7249,New York
10/26/04,BXMX US,Nuveen S&P 500 Buy-Write Income Fund,747.8,20,0.300000012,33800000.00,"Citi, RBC Capital Markets, Wells Fargo",Financial,0,18.9915, 
10/26/04,GFY US,Western Asset Variable Rate Strategic Fund Inc,164,20,0,7900000.00,"Stifel, RBC Capital Markets, Citi",Financial,0,36.3069, 
10/25/04,1023767D US,NorthStar Realty Finance Corp/old,190.447,9,-2.777777672,20000000.00,B Riley Financial Inc,Financial,180.77,, 
10/21/04,CUBE US,CubeSmart,460,16,4.5625,25000000.00,Lehman Brothers,Financial,597.52,99.643,New York
10/21/04,ATP CN,Atlantic Power Corp,296.277,10,-0.100000002,32000000.00,BMO Capital Markets,Utilities,0,, 
10/21/04,ABBC US,Abington Bancorp Inc,71.415,10,33.5,7141500.00,Stifel,Financial,0,, 
10/20/04,SHO US,Sunstone Hotel Investors Inc,412.505,17,0,21100000.00,"BofA Securities, Morgan Stanley, Citi",Financial,649.71,88.6249,New York
10/20/04,VNUS US,Vnus Medical Technologies Inc,80.64,15,0.266666681,5376000.00,"Piper Sandler & Co, BofA Securities","Consumer, Non-cyclical",205.01,, 
10/19/04,BDAY US,Celebrate Express Inc,49.6,15.5,7.741935253,3200000.00,TD Securities,"Consumer, Cyclical",108.32,, 
10/19/04,PED/U US,SmartPros LLC,7.65,12.75,1.960784316,600000.00,"Paulson Investment Co Inc, Joseph Gunnar & Co, Newbridge Securities Corp",Technology,64.9,, 
10/18/04,LOCM US,Local Corp,25.296,8,-4.375,2750000.00,Roth Capital Partners Inc,Communications,46.74,,OTC US
10/15/04,0561286D US,CoTherix Inc,30,6,0,5000000.00,"Piper Sandler & Co, CIBC","Consumer, Non-cyclical",117.54,, 
10/14/04,GGBMQ US,Gigabeam Corp,6.565,5.05,-16.83168602,1300000.00,HCFP/Brenner Securities LLC,Communications,22.81,, 
10/13/04,1889180D US,PlanetOut Inc,48.1275,9,15.55555534,4650000.00,"TD Securities, RBC Capital Markets",Communications,145.26,, 
10/13/04,2628251D US,Answers.com Corp,13.5125,5,1.799999952,2350000.00,Maxim Group LLC,Communications,18.01,, 
10/12/04,HURN US,Huron Consulting Group Inc,89.125,15.5,21.93548393,5000000.00,"UBS, Deutsche Bank","Consumer, Non-cyclical",264.06,114.92,NASDAQ GS
10/12/04,XLT LN,XL TechGroup Inc,41.3057,150,6.666666508,15333300.00,G-FAS Corp,Financial,129.841,4.42712, 
10/7/04,9881625Q US,B&G Foods Inc,300,15,0,17391300.00,"UBS, BofA Securities, RBC Capital Markets","Consumer, Non-cyclical",452.69,, 
10/6/04,RTWIQ US,RTW Retailwinds Inc,195.5,17,13.52941132,10000000.00,JP Morgan,"Consumer, Cyclical",892.18,2.30939, 
10/6/04,TPGI US,Thomas Properties Group Inc,171.428,12,0.5,14285700.00,B Riley Financial Inc,Financial,372.11,, 
10/6/04,GKIS US,Pilgrim's Pride Corp of Georgia Inc,149.6,11,3.636363745,12000000.00,BofA Securities,"Consumer, Non-cyclical",567.6,, 
10/6/04,ILSE US,Intralase Corp,99.2123,13,25,6636310.00,BofA Securities,"Consumer, Non-cyclical",330.59,, 
10/5/04,ARCC US,Ares Capital Corp,165,15,0.13333334,11000000.00,"BofA Securities, Wells Fargo",Financial,255.25,34.799,NASDAQ GS
10/5/04,ACFC US,Atlantic Coast Financial Corp,58.19,10,17.5,5819000.00,B Riley Financial Inc,Financial,0,, 
10/4/04,TXRH US,Texas Roadhouse Inc,182.366,17.5,28.34285736,9108410.00,"BofA Securities, Wells Fargo","Consumer, Cyclical",534.15,102.907,NASDAQ GS
10/4/04,INVA US,Innoviva Inc,113.16,16,13.1875,6150000.00,"BofA Securities, Lehman Brothers","Consumer, Non-cyclical",666.54,106.245,NASDAQ GS
10/1/04,1903510D US,SI Financial Group Inc,39.1,10,12,3910000.00,Sandler O'Neill & Partners,Financial,0,, 
9/30/04,2771627Q US,Eagle Hospitality Properties Trust Inc,163.516,9.75,5.128205299,14583300.00,"AG Edwards & Sons LLC, Wells Fargo",Financial,147.76,, 
9/30/04,PSPT US,PeopleSupport Inc,51.9483,7,-7.142857075,6818180.00,TD Securities,"Consumer, Non-cyclical",121.39,, 
9/30/04,HCO/U US,MPC Corp,9.9,5.5,0,1800000.00,"Pali Capital Inc, Capital Growth Financial LLC",Technology,20.12,, 
9/29/04,CLWA US,CallWave Inc,40,10,-4.5,4000000.00,Deutsche Bank,Technology,189.05,, 
9/28/04,JMDT US,Jamdat Mobile Inc,102.12,16,40.6875,,"BofA Securities, Lehman Brothers",Communications,316,, 
9/28/04,SHC AU,Nuwellis Inc,14.062,0.5,14,40000000.00,Wilson HTM Investment Group,"Consumer, Non-cyclical",0,, 
9/27/04,KYN US,Kayne Anderson Energy Infrastr,750,25,0,30000000.00,"Citi, UBS",Financial,0,34.7315,New York
9/27/04,VSCN US,Visual Sciences Inc/San Diego CA,48.875,8.5,6.352941036,5000000.00,"RBC Capital Markets, B Riley Financial Inc",Technology,132.22,, 
9/23/04,GCS US,DWS Enhanced Commodity Strategy Fund Inc,366.975,15,0.333333343,24350000.00,"BofA Securities, UBS, AG Edwards & Sons LLC, Deutsche Bank",Financial,0,, 
9/23/04,1440013D US,Cogent Inc,248.4,12,49.83333206,18000000.00,"Morgan Stanley, JP Morgan",Industrial,936,, 
9/22/04,BECN US,Beacon Roofing Supply Inc,201.825,13,23,13500000.00,JP Morgan,"Consumer, Cyclical",342.67,12.3784, 
9/22/04,2503457D US,Educate Inc,189.75,11,9,15000000.00,"Goldman Sachs, BofA Securities","Consumer, Non-cyclical",468.32,, 
9/22/04,VLLY US,Valley Bancorp,19.1475,18,16.83333397,925000.00,Sandler O'Neill & Partners,Financial,47.71,, 
9/20/04,SAX US,Saxon Capital Inc,386.75,22.75,0.08791209,17000000.00,B Riley Financial Inc,Financial,1134.16,, 
9/20/04,NEPH US,Nephros Inc,12.6,6,-2.5,2100000.00,Shemano Group,"Consumer, Non-cyclical",72.73,50.329,NASDAQ CM
9/16/04,BMNM US,Bimini Capital Management Inc,83.375,14.5,5.86206913,5000000.00,Flagstone Securities LLC,Financial,217.68,,OTC US
9/14/04,9988998D US,StoneMor Partners LP,86.6381,20.5,5.365853786,3675000.00,Lehman Brothers,"Consumer, Non-cyclical",86.92,0.00201706, 
8/26/04,FFA US,First Trust Enhanced Equity Income Fund,395.5,20,0,18500000.00,"Raymond James & Associates, AG Edwards & Sons LLC, BofA Securities",Financial,0,32.683,New York
8/26/04,2588565D US,eCost.com Inc,21.924,5.8,3.431030989,3465000.00,William Blair & Co LLC,Communications,99.47,, 
8/25/04,BGT US,BlackRock Floating Rate Income Trust,469.5,20,0,23000000.00,UBS,Financial,0,33.4435,New York
8/24/04,CMAQU US,China Mineral Acquisition Corp,24,6,0,4000000.00,Broadband Capital Management LLC,Diversified,30,, 
8/18/04,GOOGL US,Alphabet Inc,1916.4,85,18.04117584,19605100.00,"UBS, Morgan Stanley",Communications,2856.29,82.1177,NASDAQ GS
8/17/04,SNBT US,SNB Bancshares Inc/TX,57.0818,10.5,14.28571415,4727270.00,Stifel,Financial,94.91,, 
8/12/04,CNS US,Cohen & Steers Inc,112.125,13,0,7500000.00,BofA Securities,Financial,444.6,56.3134,New York
8/11/04,EXR US,Extra Space Storage Inc,290.375,12.5,0,20200000.00,"BofA Securities, UBS",Financial,351.75,111.15,New York
8/11/04,ACC US,American Campus Communities Inc,220.763,17.5,0,12100000.00,"Citi, Deutsche Bank",Financial,211.75,0.0112028, 
8/11/04,1656874D US,Archipelago Holdings Inc,145.475,11.5,6.956521511,11000000.00,Goldman Sachs,Financial,532.58,, 
8/11/04,STXS US,Stereotaxis Inc,47.6988,8,-2.25,5500000.00,Goldman Sachs,"Consumer, Non-cyclical",213.07,48.0128,NYSEAmerican
8/10/04,KRG US,Kite Realty Group Trust,237.9,13,0,16300000.00,"Wells Fargo, Lehman Brothers",Financial,222.93,109.662,New York
8/10/04,WLK US,Westlake Corp,194.173,14.5,1.034482718,11764700.00,"JP Morgan, UBS, Deutsche Bank",Basic Materials,917.42,38.0272,New York
8/10/04,8184843Q US,Placer Sierra Bancshares,130.23,20,-2.5,5730000.00,"RBC Capital Markets, Stifel, B Riley Financial Inc",Financial,286.52,, 
8/9/04,EOXLQ US,Emerald Oil Inc,36.8,8,-14.25,4000000.00,Feltl & Co,Energy,151.04,, 
8/6/04,1993649D US,BioMed Realty Trust Inc,465.75,15,6,27000000.00,Raymond James & Associates,Financial,410,, 
8/6/04,FMMH US,Fremont Michigan InsuraCorp Inc,8.62118,10,20,862118.00,Centennial Securities Co Inc,Financial,0,, 
8/5/04,1551989D US,NAVTEQ Corp,1012,22,15,40000000.00,"BofA Securities, UBS",Technology,1927.67,, 
8/4/04,CVGI US,Commercial Vehicle Group Inc,133.699,13,0.769230783,9250000.00,UBS,"Consumer, Cyclical",220.85,51.4152,NASDAQ GS
8/4/04,RNOW US,RightNow Technologies Inc,47.1093,7,0,6300000.00,Morgan Stanley,Technology,199.4,, 
8/4/04,NRPH US,New River Pharmaceuticals Inc,33.6,8,-6.25,4200000.00,WR Hambrecht + Co LLC,"Consumer, Non-cyclical",142.1,, 
7/29/04,MHL US,MortgageIT Holdings Inc,175.2,12,0,14600000.00,"BofA Securities, UBS",Financial,232.31,, 
7/29/04,ENS US,EnerSys,156.25,12.5,0,12500000.00,"Lehman Brothers, Morgan Stanley",Industrial,574.32,103.018,New York
7/29/04,TPQCZ US,Trinity Partners Acquisition Co Inc,6.565,10.1,3.960391998,650000.00,HCFP/Brenner Securities LLC,"Consumer, Non-cyclical",0,, 
7/29/04,TPQCU US,Trinity Partners Acquisition Co Inc,1.3125,10.5,3.809523821,125000.00,HCFP/Brenner Securities LLC,"Consumer, Non-cyclical",0,, 
7/28/04,VLTR US,Volterra Semiconductor Corp,36.4688,8,3.125,4500000.00,Goldman Sachs,Technology,185.49,, 
7/27/04,JRO US,Nuveen Floating Rate Income Opportunity Fund,425.297,15,0,27800000.00,Citi,Financial,0,, 
7/27/04,MCN US,XAI Madison Equity Premium Inc,276.064,15,0,17350000.00,BofA Securities,Financial,0,22.3294,New York
7/27/04,FRB US,BlackRock Floating Rate Income Strategies Fund II Inc,209.5,20,0.050000001,10000000.00,BofA Securities,Financial,0,, 
7/27/04,GLV US,Clough Global Dividend and Income Fund,193.4,20,0,8750000.00,"BofA Securities, Raymond James & Associates",Financial,0,33.3544,NYSEAmerican
7/27/04,9876555D US,Gramercy Property Trust Inc,187.5,15,0,12500000.00,Wells Fargo,Financial,199.65,, 
7/27/04,PSEC US,Prospect Capital Corp,113.25,15,0,7000000.00,RBC Capital Markets,Financial,105,17.2164,NASDAQ GS
7/27/04,MNKD US,MannKind Corp,91.7994,14,0.571428597,6250000.00,"UBS, Piper Sandler & Co, BMO Capital Markets, Jefferies, Wells Fargo","Consumer, Non-cyclical",453.48,59.3755,NASDAQ GM
7/27/04,SBSWU US,Edgewave Inc,24.66,6,-0.333333343,3600000.00,"Newbridge Securities Corp, I-Bankers Securities Inc",Technology,48,, 
7/22/04,BUCY US,Bucyrus International Inc,222.525,18,25,10750000.00,Goldman Sachs,Industrial,204.59,, 
7/22/04,1556442D US,GigPeak Inc,41.7,6.95,-13.52517796,6000000.00,Paulson Investment Co Inc,Technology,114.57,0.00454306, 
7/22/04,AUXL US,Auxilium Pharmaceuticals LLC,41.25,7.5,-4,5500000.00,Deutsche Bank,"Consumer, Non-cyclical",154.4,0.121517, 
7/21/04,982553Q US,Dex Media Inc/Old,1008.16,19,2.631578922,53061200.00,"Morgan Stanley, BofA Securities, Lehman Brothers",Communications,2855.36,, 
7/21/04,KBAY US,Kanbay International Inc,106.893,13,16.92307663,7150000.00,UBS,Technology,420.68,, 
7/21/04,IDIX US,Idenix Pharmaceuticals LLC,81.2,14,-3.928571463,5800000.00,Goldman Sachs,"Consumer, Non-cyclical",668.88,, 
7/21/04,BLKB US,Blackbaud Inc,74.5088,8,6.875,8098800.00,"JP Morgan, BofA Securities",Technology,336.96,104.733,NASDAQ GS
7/21/04,NURO US,NeuroMetrix Inc,27.6,8,0.625,3000000.00,"Ladenburg Thalmann & Co, WR Hambrecht + Co LLC","Consumer, Non-cyclical",92.55,9.57833, 
7/19/04,MSSR US,McCormick & Schmick's Seafood Restaurants Inc,72,12,2.833333254,6000000.00,BofA Securities,"Consumer, Cyclical",165.39,, 
7/15/04,8222737Q US,NXP USA Inc,1690.28,13,7.846153736,121622000.00,"Goldman Sachs, JP Morgan, Citi",Technology,1581.09,, 
7/15/04,CFSI US,Education Services Co/Virginia,150,16,-2.25,9375000.00,"JP Morgan, BofA Securities",Financial,487.14,, 
7/15/04,QCCO US,QC Holdings Inc,80.5,14,8.571428299,5000000.00,RBC Capital Markets,"Consumer, Non-cyclical",285.19,, 
7/15/04,SRVY US,Greenfield Online Inc,74.75,13,43.84615326,5000000.00,Lehman Brothers,Communications,214.03,, 
7/15/04,0932839D US,Xenogen Corp,29.4,7,7.142857075,4200000.00,"Stifel, CIBC, Citizens Financial Group Inc","Consumer, Non-cyclical",104.84,, 
7/14/04,PFWD US,Phase Forward Inc,41.85,7.5,24.66666603,5250000.00,Stifel,Technology,237.8,, 
7/13/04,HMBNQ US,HomeBanc Corp/GA,290.625,7.5,8.666666985,34250000.00,"JP Morgan, B Riley Financial Inc",Financial,307.51,, 
7/12/04,DPZ US,Domino's Pizza Inc,339.107,14,-3.571428537,24221900.00,"JP Morgan, Citi","Consumer, Cyclical",961.15,114.256,NASDAQ GS
7/9/04,AFFMQ US,Affirmative Insurance Holdings Inc,131.537,14,0.142857149,8170000.00,"Piper Sandler & Co, Sandler O'Neill & Partners, William Blair & Co LLC, Raymond James & Associates",Financial,225.29,0.242334, 
7/9/04,1429746D US,Xenith Bankshares Inc/old,8.90599,8.5,7.058823586,623882.00,McKinnon & Co Inc,Financial,0,, 
7/8/04,1705055D US,Netlogic I LLC,69.3,12,-4.083333492,5775000.00,"BofA Securities, Lehman Brothers",Technology,226.53,, 
7/7/04,HEP US,Holly Energy Partners LP,155.75,22.25,10.33707905,6100000.00,Goldman Sachs,Energy,155.75,5.39533, 
7/6/04,PHC LN,Plant Health Care PLC,12.7008,52,8.653845787,13461500.00,Investec,Basic Materials,29.5016,38.2286, 
7/5/04,MP/H CN,MicroPlanet Technology Corp,1.0992,0.3,16.66666222,5000000.00,Canaccord Financial Inc,Industrial,0,, 
6/30/04,WCG US,WellCare Health Plans Inc,143.367,17,14.88235283,7333330.00,Morgan Stanley,"Consumer, Non-cyclical",630.17,5.09224, 
6/29/04,1508335D US,Life Time Inc,210.622,18.5,13.51351357,9900000.00,"UBS, BofA Securities","Consumer, Cyclical",641.84,, 
6/29/04,DWRI US,Design Within Reach Inc,56.58,12,36.91666794,4100000.00,"CIBC, TD Securities, William Blair & Co LLC","Consumer, Cyclical",154.14,, 
6/29/04,MYG CN,Mirati Therapeutics Inc,15.8566,4.25,0,4710000.00,"Macquarie, RBC Capital Markets","Consumer, Non-cyclical",0,18.3522, 
6/28/04,FCLF US,First Clover Leaf Financial Corp,17.6403,10,15,1764030.00,Stifel,Financial,0,, 
6/24/04,EFT US,Eaton Vance Floating-Rate Income Trust,680,20,0,34000000.00,"Citi, BofA Securities, Wells Fargo, UBS",Financial,0,35.8578,New York
6/24/04,CAB US,Cabela's Inc,179.688,20,30,7812500.00,"UBS, JP Morgan","Consumer, Cyclical",1295.4,, 
6/24/04,FEN US,First Trust Energy Income and Growth Fund,128,20,0.050000001,6400000.00,AG Edwards & Sons LLC,Financial,0,, 
6/24/04,2031205D US,Multi-Fineline Electronix Inc,55.665,10,0.400000006,5566510.00,Needham Group Inc/The,Industrial,232.58,, 
6/24/04,1851868D US,Motive Inc,50,10,1.5,5000000.00,JP Morgan,Technology,251.55,, 
6/24/04,HINTU US,Hill International Inc,40.8,6,0,6000000.00,EarlyBirdCapital.com,"Consumer, Non-cyclical",45,, 
6/24/04,MNKB US,Monadnock Bancorp Inc,3.3827,8,3.75,422834.00,Stifel,Financial,0,, 
6/23/04,BEE US,Strategic Hotels & Resorts Inc,283.36,14,2.5,17600000.00,Goldman Sachs,Financial,367.56,, 
6/23/04,ADAM US,Adamas Trust Inc,135,9,-0.666666687,15000000.00,B Riley Financial Inc,Financial,163.46,61.2697,NASDAQ GS
6/22/04,CRM US,Salesforce Inc,126.5,11,56.36363602,10000000.00,Morgan Stanley,Technology,1113.83,87.0922,New York
6/22/04,WCAA US,WCA Waste Corp,85.5,9.5,-9.578947067,9000000.00,"B Riley Financial Inc, Stifel",Industrial,138.59,, 
6/21/04,JHTXQ US,Jackson Hewitt Tax Service Inc,637.5,17,1.470588207,37500000.00,"Goldman Sachs, JP Morgan","Consumer, Non-cyclical",639.25,, 
6/21/04,CLRK US,Color Kinetics Inc,40,10,-0.5,4000000.00,"CIBC, Needham Group Inc/The",Industrial,178.8,, 
6/21/04,MNTA US,Momenta Pharmaceuticals Inc,39.9912,6.5,20.15384674,5350000.00,"BofA Securities, TD Securities","Consumer, Non-cyclical",159.66,, 
6/21/04,SNMX US,Senomyx Inc,38.7,6,12.5,6000000.00,Citi,"Consumer, Non-cyclical",148.07,0.470319, 
6/17/04,BBBB US,Blackboard Inc,88.55,14,42.92856979,5500000.00,UBS,Technology,352.36,, 
6/17/04,RTSX US,21st Century Oncology Inc,82.225,13,8.07692337,5500000.00,"Wells Fargo, BofA Securities","Consumer, Non-cyclical",289.82,, 
6/16/04,SIMPQ US,Simply Inc,13.59,6,-2.5,2000000.00,Gilford Securities Inc,Communications,31.27,,OTC US
6/15/04,3449016Q US,ADESA Inc,150,24,5.208333492,6250000.00,"BofA Securities, UBS","Consumer, Non-cyclical",2276.4,, 
6/15/04,LDIS US,Leadis Technology Inc,84,14,-6.428571224,6000000.00,Goldman Sachs,Technology,383.81,, 
6/15/04,1373473D US,Metabasis Therapeutics Inc,35,7,-4.857142925,5000000.00,"Deutsche Bank, TD Securities","Consumer, Non-cyclical",125.06,, 
6/9/04,CBRE US,CBRE Group Inc,460.357,19,-3.421052694,24000000.00,"Citi, UBS",Financial,1303.67,103.633,New York
6/9/04,2592980D US,Star Equity Holdings Inc,66,12,-1.916666627,5500000.00,"BofA Securities, JP Morgan",Industrial,215.98,6.70439, 
6/3/04,INHX US,Inhibitex LLC,38.689,7,3.142857075,5000000.00,"Stifel, Lazard","Consumer, Non-cyclical",122.47,, 
6/2/04,2279928Q US,Global Signal Inc,144.9,18,11.94444466,7000000.00,"BofA Securities, Morgan Stanley",Financial,879.38,, 
5/27/04,ALNY US,Alnylam Pharmaceuticals Inc,34.5,6,0.166666672,5000000.00,BofA Securities,"Consumer, Non-cyclical",115.7,107.503,NASDAQ GS
5/26/04,2558188D US,Western Asset Inflation Management Fund Inc,192,20,0,9600000.00,"Citi, BofA Securities",Financial,0,1.02163, 
5/26/04,BQY US,BlackRock Dividend Income Trust,90.375,15,0.13333334,5850000.00,,Financial,0,, 
5/26/04,RJETQ US,Republic Airways Holdings Inc,74.75,13,5.923077106,5000000.00,BofA Securities,"Consumer, Cyclical",330.85,, 
5/26/04,SP US,SP Plus Corp,57.5,11.5,8.695652008,4500000.00,"William Blair & Co LLC, Stifel","Consumer, Non-cyclical",118.43,14.6837, 
5/26/04,1709985D US,Chiesi USA Inc,42,7,1.428571463,6000000.00,TD Securities,"Consumer, Non-cyclical",167.35,, 
5/26/04,ACAD US,ACADIA Pharmaceuticals Inc,35,7,-4.285714149,5000000.00,BofA Securities,"Consumer, Non-cyclical",117.92,99.8519,NASDAQ GS
5/26/04,ANGO US,AngioDynamics Inc,24.6675,11,13.63636398,1950000.00,RBC Capital Markets,"Consumer, Non-cyclical",122.65,97.9702,NASDAQ GS
5/25/04,FCT US,First Trust Senior Floating Rate Income Fund II,504.5,20,0.050000001,23000000.00,BofA Securities,Financial,0,61.8542,New York
5/25/04,GLU US,Gabelli Global Utility & Income Trust/The,58,20,0.050000001,2900000.00,"BofA Securities, Citi",Financial,0,27.0299,NYSEAmerican
5/24/04,GNW US,Genworth Financial Inc,2855.58,19.5,0,145000000.00,"Goldman Sachs, Morgan Stanley",Financial,2855.58,92.3645,New York
5/19/04,1942974D US,Blue Nile Inc,88.1705,20.5,38.53658676,3740000.00,BofA Securities,Communications,355.49,, 
5/19/04,1233306D US,Animas Corp,73.3125,15,20,4250000.00,"JP Morgan, Piper Sandler & Co","Consumer, Non-cyclical",277.98,, 
5/13/04,RAMEU US,Battalion Oil Corp,33,6,3.333333254,5500000.00,,Energy,41.25,, 
5/12/04,NUVA US,NuVasive Inc,75.7129,11,3.636363745,6500000.00,"Lehman Brothers, BofA Securities","Consumer, Non-cyclical",260.99,6.13835, 
5/12/04,1022664D LN,Solar Integrated Technologies Inc,21.8919,171,9.06432724,7217450.00,KBC Group,Industrial,101.577,, 
5/10/04,8251545Q US,Atlas Energy Inc,40.9975,15.5,17.03225899,2300000.00,B Riley Financial Inc,Energy,201.32,, 
5/6/04,1730313D US,InfraSource Services LLC,111.8,13,-2.692307711,8600000.00,Lehman Brothers,Industrial,509.17,, 
5/5/04,GHL US,Greenhill & Co Inc,100.625,17.5,17.1428566,5000000.00,Goldman Sachs,Financial,525,12.4189, 
5/5/04,1898502D US,Origen Financial Inc,69.0072,8,0,8000000.00,Lehman Brothers,Financial,196.02,, 
4/29/04,ERH US,Allspring Utilities and High I,230,20,0,11500000.00,"Citi, Wells Fargo, AG Edwards & Sons LLC, BofA Securities",Financial,0,16.177,NYSEAmerican
4/29/04,INTX US,Intersections Inc,122.188,17,45.29411697,6250000.00,Deutsche Bank,"Consumer, Non-cyclical",288.2,, 
4/28/04,CYTK US,Cytokinetics Inc,103.155,13,23.84615326,6900000.00,Goldman Sachs,"Consumer, Non-cyclical",348.99,117.63,NASDAQ GS
4/27/04,ETO US,Eaton Vance Tax-Advantaged Global Dividend Opportunities Fund,343.25,20,0,14500000.00,UBS,Financial,0,18.8942,New York
4/27/04,CII US,BlackRock Enhanced Large Cap C,256.5,20,0,12100000.00,BofA Securities,Financial,0,20.1685,New York
4/27/04,TYW US,TS&W/Claymore Tax-Advantaged Balanced Fund,231,15,0,15000000.00,BofA Securities,Financial,0,, 
4/27/04,LGI US,Lazard Global Total Return and Income Fund Inc,192,20,0,9600000.00,Citi,Financial,0,32.6372,New York
4/27/04,851947Q US,First Trust/Value Line & Ibbotson Equity Allocation Fund,130,20,0.75,6000000.00,"AG Edwards & Sons LLC, BofA Securities",Financial,0,, 
4/27/04,2601019D US,RMR Hospitality and Real Estate Fund,49.6,20,-0.25,2480000.00,RBC Capital Markets,Financial,0,, 
4/21/04,SIRF US,SiRF Technology Holdings Inc,151.8,12,27.5,11000000.00,Morgan Stanley,Technology,526.14,, 
4/20/04,1403557D US,Gander Mountain Co,105.34,16,37.625,5725000.00,"William Blair & Co LLC, BofA Securities","Consumer, Cyclical",213.81,, 
4/20/04,1056372D US,ProCentury Corp,93.45,10.5,0,8900000.00,B Riley Financial Inc,Financial,137.56,, 
4/15/04,IMMCQ US,Immunicon Corp,55.2,8,18.75,6000000.00,UBS,"Consumer, Non-cyclical",175.47,, 
4/13/04,CORT US,Corcept Therapeutics Inc,54,12,1.916666627,4500000.00,Stifel,"Consumer, Non-cyclical",271.71,76.689,NASDAQ CM
4/6/04,MFIC US,MidCap Financial Investment Co,930,15,0,62000000.00,"UBS, Citi, JP Morgan",Financial,0,34.9467,NASDAQ GS
4/6/04,ABR US,Arbor Realty Trust Inc,135.874,20,2.5,6272500.00,Wells Fargo,Financial,298.99,64.9392,New York
4/5/04,2613856D US,Memory Pharmaceuticals Corp,40.25,7,20,5000000.00,UBS,"Consumer, Non-cyclical",136.21,, 
4/1/04,NAL US,NewAlliance Bancshares Inc,1024.94,10,51.70000076,102494000.00,Stifel,Financial,0,0.00199989, 
3/31/04,SNTS US,Santarus Inc,62.1,9,12.22222233,6000000.00,"UBS, TD Securities","Consumer, Non-cyclical",254.9,, 
3/31/04,1523541D US,Simplicity Bancorp Inc,56.8675,10,34.90000153,5686750.00,Stifel,Financial,0,, 
3/31/04,MCHX US,Marchex Inc,29.9,6.5,36.61538315,4000000.00,Sanders Morris Harris LLC,Communications,79.9,64.869,NASDAQ GS
3/31/04,1699715D US,Osage Bancshares Inc,0,10,20,,Stifel,Financial,0,, 
3/30/04,CUTRQ US,Cutera Inc,56.8652,14,0,3532000.00,Piper Sandler & Co,"Consumer, Non-cyclical",141.23,6.40512, 
3/25/04,CSQ US,Calamos Strategic Total Return Fund,2107.5,15,0,140500000.00,"Citi, BofA Securities, UBS",Financial,0,32.2082,NASDAQ GS
3/25/04,UTF US,Cohen & Steers Infrastructure Fund Inc,825,20,0.050000001,41250000.00,"Citi, AG Edwards & Sons LLC, Wells Fargo, UBS, BofA Securities",Financial,0,29.8707,New York
3/25/04,JFR US,Nuveen Floating Rate Income Fund/Closed-end Fund,627,15,0.266666681,41800000.00,Citi,Financial,0,39.7102,New York
3/25/04,BDT US,BlackRock Strategic Equity Dividend Trust,382.5,15,0,25500000.00,BofA Securities,Financial,0,, 
3/25/04,MFD US,Macquarie/First Trust Global Infrastructure/Utilities Dividend & Income Fund,179.5,20,0,8500000.00,BofA Securities,Financial,0,3.75928, 
3/25/04,NDD US,Neuberger Berman Dividend Advantage Fund Inc,116,20,0,5800000.00,BofA Securities,Financial,0,, 
3/25/04,HOSSQ US,Hornbeck Offshore Services Inc,79.6432,13,1.923076868,6000000.00,"Goldman Sachs, Jefferies, Piper Sandler & Co, Johnson Rice & Co LLC",Industrial,266.86,0.00081486, 
3/25/04,ANDS US,Anadys Pharmaceuticals Inc,48.9576,7,0.857142866,6250000.00,TD Securities,"Consumer, Non-cyclical",150.06,, 
3/24/04,UCTT US,Ultra Clean Holdings Inc,47.0424,7,7.142857075,6000000.00,UBS,Technology,113.72,98.1674,NASDAQ GS
3/22/04,SBNY US,Signature Bank/New York NY,83.7,15.5,25.61290359,5400000.00,,Financial,0,6.00567,OTC US
3/18/04,HSA US,Helios Strategic Income Fund Inc,362.25,15,5,21000000.00,Raymond James & Associates,Financial,0,, 
3/18/04,2499886D US,CapLease Inc,241.5,10.5,27.7142849,20000000.00,B Riley Financial Inc,Financial,0,5.22408, 
3/17/04,COHN US,Cohen & Co Inc,130,13,-1.923076868,10000000.00,"JP Morgan, WR Hambrecht + Co LLC",Financial,136.17,4.06832,NYSEAmerican
3/17/04,TBHS US,Bank Holdings/The,17.0775,11,31.81818199,1350000.00,DA Davidson & Co,Financial,0,, 
3/16/04,1881651D US,Tercica Inc,56.925,9,0,5500000.00,Lehman Brothers,"Consumer, Non-cyclical",212.002,, 
3/16/04,BGMS US,Bio Green Med Solution Inc,33.6,8,-8.625,4200000.00,"Piper Sandler & Co, RBC Capital Markets","Consumer, Non-cyclical",118.18,6.52322,NASDAQ CM
3/15/04,TNS US,TNS Inc,79.56,18,0,4420000.00,"Lehman Brothers, JP Morgan","Consumer, Non-cyclical",482.01,, 
3/4/04,CSBK US,Clifton Bancorp Inc,137.387,10,22.5,13738700.00,Stifel,Financial,0,0.3217, 
2/24/04,IGR US,CBRE Global Real Estate Income,1515,15,0.733333349,90000000.00,"Citi, AG Edwards & Sons LLC, BofA Securities, UBS, Wells Fargo",Financial,0,32.0608,New York
2/24/04,WIW US,Western Asset Inflation-Linked Opportunities & Income Fund,916.125,15,0,53350000.00,BofA Securities,Financial,0,63.7097,New York
2/24/04,HTD US,John Hancock Tax-Advantaged Dividend Income Fund,760,20,0,38000000.00,UBS,Financial,0,15.8964,New York
2/24/04,SCD US,LMP Capital and Income Fund Inc,594,20,0.050000001,29700000.00,Citi,Financial,0,45.3586,New York
2/24/04,UTG US,Reaves Utility Income Fund,453,20,0.050000001,20000000.00,BofA Securities,Financial,0,39.6147,NYSEAmerican
2/24/04,TYG US,Tortoise Energy Infrastructure Corp,315,25,0,11000000.00,Stifel,Financial,625,32.0684,New York
2/23/04,KCI US,Kinetic Concepts Inc,621,30,34.66666794,18000000.00,"BofA Securities, JP Morgan","Consumer, Non-cyclical",1944.41,0.00739184, 
2/19/04,CHRK US,Cherokee International Corp,110.055,14.5,13.79310322,6600000.00,UBS,Industrial,278.1,, 
2/18/04,DVAX US,Dynavax Technologies Corp,51.75,7.5,25.33333397,6000000.00,"Deutsche Bank, JP Morgan","Consumer, Non-cyclical",177.55,91.4037, 
2/18/04,MSE/U US,Milestone Scientific Inc,9.3888,6.52,-0.306748182,1440000.00,Paulson Investment Co Inc,"Consumer, Non-cyclical",63.01,, 
2/12/04,ETWCU US,etrials Worldwide Inc,24.15,6,1,3500000.00,EarlyBirdCapital.com,Technology,26.25,, 
2/11/04,HTH US,Hilltop Holdings Inc,480.704,19,0,24508600.00,"BofA Securities, Citi",Financial,763.06,85.0675,New York
2/11/04,1893091D US,Bristol West Holdings Inc,345,20,14,15000000.00,"JP Morgan, UBS",Financial,612.5,, 
2/11/04,2537769D US,Qualcomm Atheros Inc,144.9,14,25.7142849,9000000.00,Morgan Stanley,Communications,636.32,, 
2/11/04,ANSVQ US,Anesiva Inc,110.4,16,33.75,6000000.00,"UBS, Lehman Brothers","Consumer, Non-cyclical",417.81,, 
2/6/04,ALSM US,AlphaSmart Inc,26.4,6,3.166666746,4400000.00,Jefferies,Technology,87.82,, 
2/5/04,ENTN US,Entorian Technologies Inc,145.47,13,14.46153831,10000000.00,Morgan Stanley,Technology,654.91,, 
2/5/04,SMBI US,Symbion Inc/TN,124.2,15,24.20000076,7200000.00,UBS,"Consumer, Non-cyclical",294.08,, 
2/5/04,BKRSQ US,Bakers Footwear Group Inc,19.251,7.75,6.967741966,2160000.00,,"Consumer, Cyclical",39.1179,, 
2/5/04,DSTIU US,DayStar Technologies Inc,10.5,5,-1,2100000.00,Paulson Investment Co Inc,Energy,17.66,, 
2/4/04,AIZ US,Assurant Inc,2024,22,12.27272701,80000000.00,Morgan Stanley,Financial,3191.58,104.199,New York
2/4/04,THE US,Todco,165.6,12,14.16666698,12000000.00,Morgan Stanley,Energy,144,, 
2/4/04,AACC US,Asset Acceptance Capital Corp,120.75,15,11.19999981,7000000.00,JP Morgan,Financial,558.38,, 
2/4/04,RNVS US,Renovis Inc,75.9,12,20.83333397,5500000.00,Goldman Sachs,"Consumer, Non-cyclical",284.02,0.520331, 
2/3/04,526356Q US,Bancorp Bank/The,89.8438,12.5,28,6250000.00,B Riley Financial Inc,Financial,121.88,, 
2/2/04,TRW US,ZF TRW Automotive Holdings Corp,675.861,28,-3.214285612,24137900.00,"UBS, JP Morgan, Goldman Sachs","Consumer, Cyclical",2769.6,, 
2/2/04,ONCT US,Oncternal Therapeutics Inc,78.3,14.5,-11.03448296,5400000.00,Goldman Sachs,"Consumer, Non-cyclical",356.6,0.847299, 
1/29/04,EYET US,Oldtech Inc,156.975,21,54.2857132,6500000.00,"Morgan Stanley, BofA Securities","Consumer, Non-cyclical",809.24,, 
1/27/04,ETG US,Eaton Vance Tax-Advantaged Global Dividend Income Fund,1400,20,0,70000000.00,"UBS, BofA Securities, Citi",Financial,0,17.6142,New York
1/27/04,RTU US,Cohen & Steers REIT and Utility Income Fund Inc,1175.7,20,0.25,52500000.00,BofA Securities,Financial,0,, 
1/27/04,2006897D US,Guggenheim Enhanced Equity Strategy Fund,605,20,0,25600000.00,BofA Securities,Financial,0,1.64406, 
1/27/04,0000492D US,Pioneer Municipal and Equity Income Trust,430.5,15,0,25600000.00,BofA Securities,Financial,0,, 
1/27/04,JTA US,Nuveen Tax-Advantaged Total Return Strategy Fund,267,20,0,13350000.00,Citi,Financial,0,4.45432, 
1/26/04,0759976D US,Government Properties Trust Inc,193.2,10,30.29999924,16800000.00,B Riley Financial Inc,Financial,180.23,, 
1/22/04,PRPX US,LB Foster Rail Technologies Inc,20.95,10,-0.400000006,2000000.00,RBC Capital Markets,Industrial,85.23,, 
1/13/04,ENLC US,EnLink Midstream LLC,51.7121,19.5,30.2564106,2306000.00,AG Edwards & Sons LLC,Energy,228.8,10.9288, 
1/8/04,KSP US,Kirby Offshore Marine LLC,97.8775,23.5,15.27659607,3625000.00,Lehman Brothers,Industrial,97.88,, 
1/6/04,2451566D US,Cheviot Financial Corp,43.8844,10,33.20000076,4388440.00,Stifel,Financial,0,, 
12/30/03,WRKC US,Window Rock Capital Holdings Inc,15,0,,1000000.00,,Financial,0,0.176743, 
12/18/03,BDV US,BlackRock Equity Dividend Trust,720,15,0,48000000.00,"BofA Securities, AG Edwards & Sons LLC",Financial,0,, 
12/18/03,LUMCQ US,Luminent Mortgage Capital Inc,148.2,13,4.307692528,11400000.00,B Riley Financial Inc,Financial,300.35,0.0120139, 
12/18/03,0121648D US,Old RMR Real Estate Income Fund,100.005,15,0,6667000.00,RBC Capital Markets,Financial,0,, 
12/18/03,KNTA US,Kintera Inc,40.25,7,47.1428566,5000000.00,TD Securities,Technology,159.65,, 
12/17/03,SGI US,Somnigroup International Inc,301.875,14,10.71428585,18750000.00,"Goldman Sachs, Lehman Brothers","Consumer, Cyclical",1361.73,104.231,New York
12/17/03,FBTXQ US,Franklin Bank Corp,154.215,14.5,22.75862122,9248270.00,B Riley Financial Inc,Financial,287.65,, 
12/17/03,PRVD US,Provide Commerce Inc,69.7515,15,-13.33333302,4334000.00,"Raymond James & Associates, Roth Capital Partners Inc, TD Securities",Communications,170.41,, 
12/17/03,KNOL US,Knology Inc,54,9,4.222222328,6000000.00,UBS,Communications,204.98,, 
12/17/03,LITS US,Lite Strategy Inc,15.6,7.5,0,2080000.00,Janney Montgomery Scott LLC,"Consumer, Non-cyclical",425.14,27.3648,NASDAQ CM
12/16/03,ORBZ US,Orbitz Inc,316.68,26,-3.923076868,12180000.00,Goldman Sachs,"Consumer, Cyclical",332.43,, 
12/16/03,UTI US,Universal Technical Institute Inc,176.812,20.5,28.53658485,7500000.00,UBS,"Consumer, Non-cyclical",567.72,101.916,New York
12/16/03,987444Q US,Falcon Financial Investment Trust,129.375,9,0.555555582,12500000.00,B Riley Financial Inc,Financial,126.95,, 
12/16/03,MIGP US,Mercer Insurance Group Inc,62.611,10,21.5,6261100.00,Sandler O'Neill & Partners,Financial,68.49,, 
12/15/03,3141817Q US,Highland Hospitality Corp,345,10,6.5,30000000.00,B Riley Financial Inc,Financial,353.82,, 
12/12/03,NAXG US,Natural Golf Corp,12.5,5,0,2500000.00,Gilford Securities Inc,"Consumer, Cyclical",25.11,, 
12/12/03,BWEL/U CN,Bluma Wellness Inc,0.34083,0.15,92.95706177,3000000.00,Octagon Capital Canada,"Consumer, Non-cyclical",0,, 
12/11/03,629563Q US,Cleveland-Cliffs Steel LLC,531.3,28,25.7142849,16500000.00,"UBS, Goldman Sachs",Basic Materials,2659.88,, 
12/11/03,CMP US,Compass Minerals International Inc,216.775,13,5.769230843,14500000.00,"Goldman Sachs, UBS",Basic Materials,392.29,106.328,New York
12/11/03,CENF US,Central Freight Lines Inc,146.625,15,15.66666698,8500000.00,JP Morgan,Industrial,264.49,, 
12/10/03,NNI US,Nelnet Inc,180.323,21,3.809523821,8000000.00,"BofA Securities, JP Morgan",Financial,819.32,43.2931,New York
12/10/03,NPTT US,NPTest Holding Corp,175.2,12,-4.25,14600000.00,Citi,Technology,479.34,, 
12/9/03,VAPHQ US,Vaso Active Pharmaceuticals Inc,8.3375,5,10,1450000.00,Kashner Davidson,"Consumer, Non-cyclical",0,, 
12/4/03,CVP US,Centerplate Inc,251.782,15,1.733333349,16785400.00,CIBC,"Consumer, Cyclical",353.31,, 
12/3/03,AEL US,American Equity Investment Life Holding Co,186.3,9,0.555555582,18700000.00,BofA Securities,Financial,299.65,39.0344, 
12/1/03,EMD US,Western Asset Emerging Markets Debt Fund Inc,60,20,0,3000000.00,Citi,Financial,0,41.338,New York
11/25/03,3287405Q US,Open Solutions Inc,97.75,17,9.776470184,5000000.00,JP Morgan,Technology,272.6,, 
11/25/03,SNX US,TD SYNNEX Corp,82.012,14.5,-2.068965435,5400000.00,"BofA Securities, Raymond James & Associates, JP Morgan",Industrial,372.18,101.888,New York
11/24/03,GDV US,Gabelli Dividend & Income Trust/The,1654,20,0,73000000.00,"AG Edwards & Sons LLC, Citi, BofA Securities",Financial,0,35.5773,New York
11/24/03,EFR US,Eaton Vance Senior Floating-Rate Trust,600,20,0,30000000.00,"BofA Securities, UBS",Financial,0,37.3659,New York
11/24/03,SIRV US,SIRVA Inc,389.473,18.5,-2.162162066,21052600.00,"Goldman Sachs, UBS",Industrial,1296.57,9.89E-05, 
11/24/03,PNCLQ US,Pinnacle Airlines Corp,271.6,14,-5,19400000.00,Morgan Stanley,"Consumer, Cyclical",306.49,0.0495734, 
11/24/03,NXST US,Nexstar Media Group Inc,140,14,-5.357142925,10000000.00,BofA Securities,Communications,141.54,107.426,NASDAQ GS
11/24/03,CONNQ US,Conn's Inc,66.815,14,7.428571224,4150000.00,"Truist Securities Inc, Stephens Inc","Consumer, Cyclical",313.77,44.7223, 
11/20/03,OXSQ US,Oxford Square Capital Corp,149.999,15,0,8695650.00,UBS,Financial,130.43,5.04698,NASDAQ GS
11/20/03,BWLD US,Buffalo Wild Wings Inc,58.65,17,35,3000000.00,"TD Securities, RBC Capital Markets","Consumer, Cyclical",131.11,, 
11/19/03,NMZ US,Nuveen Municipal High Income Opportunity Fund,307.5,15,1.666666627,20500000.00,"Wells Fargo, AG Edwards & Sons LLC, Nuveen Investments Inc",Financial,0,14.774,New York
11/19/03,9998865D US,Whiting Petroleum Corp,267.375,15.5,4.967741966,15000000.00,BofA Securities,Energy,290.44,73.7855, 
11/19/03,CALD US,Callidus Software Inc,80.5,14,24.0714283,5000000.00,"Citi, Lehman Brothers, US Bancorp",Technology,314.84,0.365694, 
11/13/03,XPRT US,LECG Corp,146.625,17,23.70588303,7500000.00,UBS,"Consumer, Non-cyclical",349.42,, 
11/12/03,1469085D US,Tessera Technologies Inc,112.125,13,42.30769348,7500000.00,"Lehman Brothers, BofA Securities",Technology,491.83,, 
11/11/03,2640049D US,Marlin Business Services Corp,70.84,14,15.35714245,4400000.00,"William Blair & Co LLC, US Bancorp",Financial,150.44,4.90624, 
11/10/03,CNVS US,Cineverse Corp,6.9,5,22,1200000.00,Joseph Gunnar & Co,Communications,36.49,15.7061,NASDAQ CM
11/6/03,2311849D US,Quality Distribution Inc,133.875,17,10.30000019,7000000.00,UBS,"Consumer, Cyclical",305.78,, 
11/5/03,3339188Q US,Pharmion Corp,84,14,0,6000000.00,Morgan Stanley,"Consumer, Non-cyclical",353.01,, 
11/5/03,NTMD US,NitroMed Inc,66,11,-15.54545498,6000000.00,"JP Morgan, Deutsche Bank","Consumer, Non-cyclical",279.82,, 
11/5/03,CFHI US,Coast Financial Holdings Inc,22.08,12,12.08333302,1600000.00,Stifel,Financial,41.95,, 
10/31/03,518570Q LN,Ocean Power Technologies Inc,42.405,125,0.800000012,20000000.00,Investec,Energy,106.539,, 
10/30/03,OVNT US,Overnite Corp,522.5,19,16.63157845,25000000.00,"UBS, Morgan Stanley",Industrial,530.35,, 
10/30/03,FMD US,First Marblehead Corp/The,230,16,38.4375,12500000.00,Goldman Sachs,Financial,960.97,, 
10/30/03,GTOPQ US,Genitope Corp,37.6187,9,11.11111069,3700000.00,WR Hambrecht + Co LLC,"Consumer, Non-cyclical",154.24,, 
10/30/03,CAPEQ US,Cape Fear Bank Corp,7.8488,9.75,9.743589401,805000.00,McKinnon & Co Inc,Financial,0,, 
10/29/03,NRO US,Neuberger Real Estate Securiti,500.25,15,0,29000000.00,"BofA Securities, AG Edwards & Sons LLC, Lehman Brothers",Financial,0,36.0199,NYSEAmerican
10/29/03,MYOG US,Myogen Inc,80.5,14,6.428571224,5000000.00,"JP Morgan, UBS","Consumer, Non-cyclical",359.23,1.09098, 
10/29/03,1797629D US,Amgen Rockville Inc,72,12,0,6000000.00,Lehman Brothers,"Consumer, Non-cyclical",320.1,, 
10/28/03,FRA US,BlackRock Floating Rate Income Strategies Fund Inc,322.5,20,0,16125000.00,BofA Securities,Financial,0,36.5462,New York
10/28/03,CHLE US,Centennial Specialty Foods Corp,7.75,5,-12,1550000.00,JP Turner,"Consumer, Non-cyclical",25.25,,OTC US
10/23/03,CRI US,Carter's Inc,136.562,19,29.7368412,6250000.00,Goldman Sachs,"Consumer, Cyclical",518.36,112.382,New York
10/22/03,FPO US,First Potomac Realty Trust,129.375,15,7.333333492,7500000.00,"RBC Capital Markets, KeyBanc Capital Markets",Financial,112.64,0.697985, 
10/20/03,RPFG US,Rainier Pacific Financial Group Inc,84.4284,10,69.90000153,8442840.00,Stifel,Financial,0,,OTC US
10/17/03,1083273D US,Flatbush Federal Bancorp Inc,8.7021,8,63.75,1087760.00,,Financial,0,, 
10/16/03,MBRKQ US,MiddleBrook Pharmaceuticals Inc,60,10,0,6000000.00,Lehman Brothers,"Consumer, Non-cyclical",227.6,, 
10/15/03,MAV US,Pioneer Municipal High Income Advantage Fund Inc,307.5,15,0,20500000.00,"BofA Securities, UBS",Financial,0,9.85301, 
10/10/03,ONMDQ US,Vertical Health Solutions Inc,8.1,6,,1350000.00,Kashner Davidson,"Consumer, Non-cyclical",19.28,, 
10/9/03,DNET US,DigitalNet Holdings Inc,97.75,17,23.29411697,5000000.00,"Citi, UBS",Technology,263.05,, 
10/7/03,ACUS US,Acusphere Inc,52.5,14,0.214285716,3750000.00,TD Securities,"Consumer, Non-cyclical",199.79,,OTC US
10/3/03,ABNJ US,American Bancorp of New Jersey Inc,16.6635,10,62,1666350.00,Houlihan Lokey,Financial,0,, 
10/2/03,LKQ US,LKQ Corp,104.65,13,15.38461494,7000000.00,Robert W Baird & Co,"Consumer, Cyclical",248.56,115.136,NASDAQ GS
9/26/03,IIA US,ING Clarion Real Estate Income Fund,210,15,0,14000000.00,"AG Edwards & Sons LLC, BofA Securities",Financial,0,, 
9/25/03,EVT US,Eaton Vance Tax-Advantaged Dividend Income Fund,1320,20,0,66000000.00,UBS,Financial,0,17.5313,New York
9/25/03,WIA US,Western Asset Inflation - Linked Securities & Income Fund,382.5,15,0.333333343,25500000.00,"BofA Securities, Citi",Financial,0,73.9917,New York
9/25/03,JDD US,Nuveen Diversified Dividend and Income Fund,281.25,15,0.06666667,18750000.00,Citi,Financial,0,7.91583, 
9/25/03,BKK US,BlackRock Municipal 2020 Term Trust,277.5,15,0,18500000.00,"BofA Securities, UBS",Financial,0,10.4482, 
9/25/03,FCM US,First Trust/Four Corners Senior Floating Rate Income Fund,87.5,20,0,4375000.00,Raymond James & Associates,Financial,0,, 
9/25/03,BFO US,BlackRock Florida Municipal 2020 Term Trust,75,15,0,5000000.00,UBS,Financial,0,, 
9/24/03,AGCCQ US,Anchor Glass Container Corp,138,16,5,7500000.00,"BofA Securities, UBS",Industrial,374.12,, 
9/24/03,REDEQ US,Red Envelope Inc,30.8,14,3.928571463,2200000.00,WR Hambrecht + Co LLC,Communications,119.06,0.000314868, 
9/23/03,AMIS US,AMIS Holdings Inc,600,20,0.5,30000000.00,"Goldman Sachs, UBS",Technology,1437.3,, 
9/23/03,JRN US,Journal Communications Inc,297.562,15,8.333333015,17250000.00,"Morgan Stanley, Robert W Baird & Co",Communications,258.75,0.25233, 
9/18/03,SGTL US,SigmaTel LLC,172.5,15,32,10000000.00,BofA Securities,Technology,503.55,, 
9/18/03,TRO CN,Taranis Resources Inc,0.941553,0.35,1.70E-06,3428570.00,Northern Securities Inc,Basic Materials,0,,Venture
9/17/03,1468826D US,NFP Corp,239.822,23,14.13043499,9066980.00,"Goldman Sachs, BofA Securities",Financial,724.12,, 
8/27/03,FVD US,First Trust Value Line Dividend Index Fund,450,15,0,30000000.00,AG Edwards & Sons LLC,Funds,0,67.9625,NYSE Arca
8/27/03,FTF US,Franklin Ltd Duration Income Trust,369,15,0,24600000.00,Citi,Financial,0,52.6877,NYSEAmerican
8/26/03,SRO US,DWS RREEF Real Estate Fund II Inc,525,15,0,35000000.00,UBS,Financial,0,, 
8/26/03,PFL US,PIMCO Income Strategy Fund,325,20,0.050000001,16250000.00,BofA Securities,Financial,0,15.1815,New York
8/26/03,FLC US,Flaherty & Crumrine Total Return Fund,235,25,0,9000000.00,BofA Securities,Financial,0,33.5959,New York
8/26/03,AHT US,Ashford Hospitality Trust Inc,218.107,9,0,22500000.00,B Riley Financial Inc,Financial,215.61,18.4434,New York
8/26/03,MZF US,Managed Duration Investment Grade Municipal Fund,106.5,15,0,7100000.00,AG Edwards & Sons LLC,Financial,0,6.23513, 
8/25/03,NHRXU US,Convey Health Solutions Inc,24.15,6,0,3500000.00,EarlyBirdCapital.com,Technology,25.5,, 
8/18/03,MODVQ US,ModivCare Inc,59.34,12,16.66666603,4300000.00,Truist Securities Inc,"Consumer, Non-cyclical",92.42,49.8335, 
8/13/03,TXTM US,ProText Mobility Inc,1.237,0.5,-30,2474000.00,,Communications,9.24,,OTC US
8/12/03,KNBT US,KNBT Bancorp Inc,202.012,10,68.80000305,20201200.00,Sandler O'Neill & Partners,Financial,0,, 
8/12/03,GLCu CN,Great Lakes Carbon Income Fund,136.789,10,3.099999905,18500000.00,BMO Capital Markets,Financial,0,, 
8/12/03,GOOD US,Gladstone Commercial Corp,113.85,15,0.200000003,6600000.00,RBC Capital Markets,Financial,99.78,52.8049,NASDAQ GS
8/12/03,TCBI US,Texas Capital Bancshares Inc,75.9,11,9,6000000.00,Lehman Brothers,Financial,268.69,105.175,NASDAQ GS
8/11/03,1940257D US,Direct General Corp,167.418,21,19.04761887,6932410.00,Stifel,Financial,447.89,, 
8/6/03,CSE US,CapitalSource Inc,339.735,14.5,25.51724052,21300000.00,"Citi, UBS, Wells Fargo",Financial,1673.24,, 
8/5/03,1990431D US,Liberty Bell Bank,13,10,7.5,1300000.00,Stifel,Financial,0,, 
8/1/03,XXMICXX US,Muni California Intermediate Duration Fund Inc,1,0,,,BofA Securities,Financial,0,, 
7/31/03,CTDBQ US,Citadel Broadcasting Corp/Old,480.7,19,8.684210777,22000000.00,"Goldman Sachs, UBS",Communications,2272.61,, 
7/30/03,NTGR US,NETGEAR Inc,112.7,14,26.3571434,7000000.00,Lehman Brothers,Communications,381.2,99.8615,NASDAQ GS
7/29/03,MUI US,BlackRock Municipal Income Fun,569.625,15,0,33350000.00,BofA Securities,Financial,0,52.3202, 
7/29/03,PSW US,BlackRock Credit Allocation Income Trust I Inc,256.875,25,0,9600000.00,BofA Securities,Financial,0,, 
7/29/03,MNE US,BlackRock Muni New York Intermediate Duration Fund Inc,62.625,15,0,4000000.00,BofA Securities,Financial,0,, 
7/28/03,NCZ US,Virtus Convertible & Income Fund II,825,15,0,55000000.00,"Citi, BofA Securities, UBS",Financial,0,29.8553,New York
7/28/03,BLW US,BlackRock Limited Duration Income Trust,734,20,0,34300000.00,BofA Securities,Financial,0,33.7249,New York
7/28/03,EHI US,Western Asset Global High Income Fund Inc,435,15,0,29000000.00,Citi,Financial,0,34.612,New York
7/28/03,NHS US,Neuberger High Yield Strategie,165,15,0,11000000.00,Lehman Brothers,Financial,0,39.8017,NYSEAmerican
7/23/03,IASG US,Integrated Alarm Services Group Inc,212.59,9.25,1.945945978,22000000.00,B Riley Financial Inc,"Consumer, Non-cyclical",218.22,, 
7/23/03,IPAS US,iPass Inc,112.7,14,33.3571434,7000000.00,Morgan Stanley,Communications,821.94,, 
7/17/03,MHI US,Pioneer Municipal High Income Fund Trust,307.5,15,0.266666681,20500000.00,"UBS, UniCredit",Financial,0,12.6435, 
7/16/03,2979130Q US,Intervideo Inc,45.08,14,33.5,2800000.00,TD Securities,Technology,173.56,, 
7/9/03,DTSI US,DTS Inc/CA,75.072,17,46.58823395,3840000.00,TD Securities,"Consumer, Cyclical",222.65,, 
7/3/03,OGEN US,Oragenics Inc,3,0,,2400000.00,,"Consumer, Non-cyclical",0,7.82748,NYSEAmerican
7/1/03,MOH US,Molina Healthcare Inc,132.825,17.5,14.28571415,6600000.00,"CIBC, BofA Securities","Consumer, Non-cyclical",444.48,110.525,New York
6/27/03,CFBC US,Community First Bancorp Inc/MD,2.7725,10,20,277250.00,Stifel,Financial,0,, 
6/26/03,JQC US,Nuveen Credit Strategies Income Fund,2025,15,0.466666669,135000000.00,Citi,Financial,0,36.9482,New York
6/25/03,NOX US,Neuberger Berman Income Opportunity Fund Inc,250,15,0,16666700.00,Citi,Financial,0,, 
6/25/03,ORA/U CN,Oragenics Inc,3,1.25,44,2400000.00,,"Consumer, Non-cyclical",14.91,, 
6/24/03,RNP US,Cohen & Steers REIT and Preferred and Income Fund Inc,1204.75,25,0.039999999,42750000.00,BofA Securities,Financial,0,20.2322,New York
6/24/03,ERC US,Allspring Multi-Sector Income,841,20,0.050000001,39000000.00,BofA Securities,Financial,0,45.0817,NYSEAmerican
6/24/03,AFR US,American Financial Realty Trust,804.281,12.5,14,55950000.00,,Financial,1170.49,, 
6/24/03,1052394D US,MPG Office Trust Inc,797.743,19,0,36510000.00,"UBS, Citi",Financial,706.22,, 
6/24/03,HIH US,Helios High Income Fund Inc,247.5,15,0.666666687,16500000.00,Raymond James & Associates,Financial,0,0.85426, 
6/24/03,QMM/U US,Q Comm International Inc,16.445,13,6.538461685,1100000.00,Paulson Investment Co Inc,Communications,45.05,, 
6/23/03,MOS US,Mosaic Co/The,0,0,,,,Basic Materials,0,98.7859,New York
6/16/03,HPS US,John Hancock Preferred Income Fund III,765.625,25,0.400000006,27000000.00,UBS,Financial,0,13.0815,New York
6/12/03,FVL US,First Trust Value Line 100 Exchange-Traded Fund,228,15,3.333333254,15200000.00,AG Edwards & Sons LLC,Funds,0,, 
6/11/03,FORM US,FormFactor Inc,96.6,14,25.5714283,6000000.00,Morgan Stanley,Technology,467.16,100.174,NASDAQ GS
5/28/03,HYT US,BlackRock Corporate High Yield Fund Inc,525,15,0,32000000.00,BofA Securities,Financial,0,19.7895,New York
5/27/03,EVV US,Eaton Vance Ltd Duration Income Fund,2020,20,0.050000001,101000000.00,UBS,Financial,0,34.8693,NYSEAmerican
5/27/03,CHY US,Calamos Convertible and High Income Fund,783,15,4,52200000.00,Citi,Financial,0,49.6134,NASDAQ GS
5/15/03,REDL US,Redline Performance Products Inc,11.4465,4.5,0,2222220.00,GunnAllen Financial Inc,"Consumer, Cyclical",20.62,, 
5/12/03,IPMT US,iPayment Inc,90,16,31.375,5000000.00,JP Morgan,"Consumer, Non-cyclical",235.05,, 
5/8/03,AYPu CN,ACS Media Income Fund,121.082,10,-3,17500000.00,CIBC,Communications,0,, 
4/29/03,AVK US,Advent Convertible and Income Fund,557.5,25,0.079999998,20800000.00,BofA Securities,Financial,0,37.8321,New York
4/24/03,PHK US,PIMCO High Income Fund,1575,15,1.066666722,105000000.00,Citi,Financial,0,11.5466,New York
4/24/03,1753322D US,Neuberger Berman Realty Income Fund Inc,410.1,15,0.200000003,24000000.00,AG Edwards & Sons LLC,Financial,0,, 
3/26/03,JPC US,Nuveen Preferred & Income Opportunities Fund,1320,15,0,88000000.00,Citi,Financial,0,17.1975,New York
3/26/03,NCV US,Virtus Convertible & Income Fund,1035,15,0.06666667,60000000.00,UBS,Financial,0,31.0791,New York
3/25/03,1890799D US,BlackRock Credit Allocation Income Trust II Inc,1013.75,25,0,36000000.00,BofA Securities,Financial,0,, 
3/12/03,BRSWQ US,Bristow Group Inc/old,0,0,,,,Energy,0,16.7141, 
2/26/03,EAD US,Allspring Income Opportunities,952.5,15,0,60000000.00,"BofA Securities, Wells Fargo, Citi, UBS",Financial,0,37.1089,NYSEAmerican
2/25/03,BPP US,BlackRock Credit Allocation Income Trust III,407.5,25,0.039999999,16300000.00,Prudential Financial Inc,Financial,0,13.1266, 
2/14/03,1715399D US,Accredited Home Lenders Holding Co,84.46,8,-9.375,9650000.00,B Riley Financial Inc,Financial,147.75,, 
2/11/03,IPCC US,Infinity Property and Casualty Corp,198.048,16,-0.625,12378000.00,"UBS, BofA Securities",Financial,325.55,, 
1/29/03,FFC US,Flaherty & Crumrine Preferred and Income Securities Fund,1021.25,25,0.119999997,36500000.00,BofA Securities,Financial,0,21.9075,New York
1/15/03,PFS US,Provident Financial Services Inc,596.183,10,55,59618300.00,Sandler O'Neill & Partners,Financial,0,76.2081,New York
1/9/03,CCFC US,CCSB Financial Corp,9.7865,10,20,978650.00,KeyBanc Capital Markets,Financial,0,, 
1/6/03,0818604D US,Bridge Street Financial Inc,15.1073,10,1.600000024,1510730.00,B Riley Financial Inc,Financial,26.84,, 
12/23/02,PTY US,PIMCO Corporate & Income Opportunity Fund,877.5,15,0,55500000.00,"BofA Securities, AG Edwards & Sons LLC",Financial,0,15.037,New York
12/23/02,MVG CN,Metallic Ventures Gold Inc,15.3576,3,0,8000000.00,"Canaccord Financial Inc, GMP Securities, Haywood Securities Inc, Westwind Partners Inc",Basic Materials,0,, 
12/19/02,FPT US,Federated Premier Intermediate Municipal Income Fund,104.1,15,0,6400000.00,"BofA Securities, Prudential Financial Inc",Funds,0,0.10159, 
12/19/02,FMN US,Federated Hermes Premier Municipal Income Fund,91.5,15,0,5850000.00,BofA Securities,Financial,0,29.5794,New York
12/18/02,JHP US,Nuveen Quality Preferred Income Fund 3,319.2,15,0.13333334,21280000.00,"Citi, Nuveen Investments Inc",Funds,0,, 
12/18/02,OLCB US,Ohio Legacy Corp,9.775,8.5,0,1000000.00,B Riley Financial Inc,Financial,16.71,, 
12/17/02,9476871Q US,VistaCare Inc,82.8,12,25.41666603,6000000.00,"Lehman Brothers, TD Securities","Consumer, Non-cyclical",185.48,, 
12/17/02,CCBI US,Commercial Capital Bancorp Inc,43,8,0,5000000.00,"Sandler O'Neill & Partners, B Riley Financial Inc",Financial,111.72,, 
12/12/02,ENLK US,EnLink Midstream Partners LP,46,20,0.5,2000000.00,AG Edwards & Sons LLC,Energy,46.66,, 
12/10/02,9993232D US,Seagate Technology PLC,870,12,-4.166666508,72500000.00,"Morgan Stanley, Citi",Technology,5117.64,6.12E-05, 
12/5/02,CME US,CME Group Inc,191.231,35,22.5714283,4751070.00,Morgan Stanley,Financial,1113.62,94.3512,NASDAQ GS
12/4/02,1964632D US,El Paso Electric Co,0,0,,,,Utilities,0,, 
11/25/02,HPF US,John Hancock Preferred Income Fund II,475,25,0.039999999,19000000.00,"BofA Securities, UBS",Financial,0,11.6382,New York
11/25/02,EIV US,Eaton Vance Municipal Bond Fund II,136.5,15,0,9100000.00,"BofA Securities, UBS",Financial,0,24.9557, 
11/25/02,3320204Q US,AEW Real Estate Income Fund,57.375,15,0.600000024,3750000.00,BofA Securities,Financial,0,, 
11/25/02,EIA US,Eaton Vance California Municipal Bond Fund II,53.25,15,0,3550000.00,"UBS, BofA Securities",Funds,0,9.16446, 
11/25/02,EIP US,Eaton Vance Pennsylvania Municipal Bond Fund,39,15,0,2600000.00,"UBS, BofA Securities",Funds,0,, 
11/25/02,NYH US,Eaton Vance New York Municipal Bond Fund II,36,15,0,2400000.00,"UBS, BofA Securities",Funds,0,9.41745, 
11/25/02,EMJ US,Eaton Vance New Jersey Municipal Bond Fund,34.5,15,0,2300000.00,"UBS, BofA Securities",Funds,0,6.12067, 
11/25/02,3351124Q US,Eaton Vance Insured Florida Plus Municipal Bond Fund,34.5,15,0.06666667,2300000.00,"UBS, BofA Securities",Financial,0,, 
11/25/02,EIO US,Eaton Vance Ohio Municipal Bond Fund,33.75,15,0,2250000.00,"UBS, BofA Securities",Funds,0,, 
11/25/02,MAB US,Eaton Vance Massachusetts Municipal Bond Fund,23.25,15,0.06666667,1550000.00,"UBS, BofA Securities",Funds,0,, 
11/25/02,MIW US,Eaton Vance Michigan Municipal Bond Fund,20.25,15,1,1350000.00,"UBS, BofA Securities",Funds,0,, 
11/21/02,NEA US,Nuveen AMT-Free Quality Municipal Income Fund,255,15,0,17000000.00,"Citi, Nuveen Investments Inc",Financial,0,18.5421,New York
11/21/02,NKX US,Nuveen California AMT-Free Quality Municipal Income Fund,81.75,15,0,5450000.00,Citi,Financial,0,15.949,New York
11/21/02,SAFT US,Safety Insurance Group Inc,72,12,7.5,6000000.00,UBS,Financial,172.32,85.6744,NASDAQ GS
11/21/02,NWF US,Nuveen Insured Florida Tax Free Advantage Municipal Fund,52.5,15,0,3500000.00,Citi,Funds,0,, 
11/21/02,NRK US,Nuveen New York AMT-Free Quality Municipal Income Fund,48.75,15,0.666666687,3250000.00,"Nuveen Investments Inc, Citi",Financial,0,19.4935,New York
11/21/02,COSIQ US,Cosi Inc,38.8892,7,8.571428299,5555600.00,William Blair & Co LLC,"Consumer, Cyclical",115.98,, 
11/21/02,NGX US,Nuveen Massachusetts AMT-Free Municipal Income Fund,36.75,15,0,2450000.00,"Citi, Wells Fargo, Stifel, RBC Capital Markets, Raymond James & Associates, Prudential Financial Inc, Nuveen Investments Inc, Oppenheimer Holdings Inc, AG Edwards & Sons LLC, BofA Securities",Funds,0,, 
11/19/02,3148402Q US,IMPAC Medical Systems Inc,37.734,15,18.13333321,2187500.00,Stifel,Technology,137.79,, 
11/14/02,8140300Q US,Constar International Inc/Pre Bankruptcy,128.94,12,-1.25,10500000.00,"Deutsche Bank, Citi",Industrial,144.18,, 
11/11/02,1672001D US,SI International Inc,60.9,14,0,4350000.00,Wells Fargo,Technology,118.16,, 
11/7/02,WC US,WellChoice Inc,477.5,25,8.800000191,16694800.00,UBS,"Consumer, Non-cyclical",2057.5,0.0119828, 
11/7/02,PRAA US,PRA Group Inc,50.7,13,18.84615326,3900000.00,"William Blair & Co LLC, US Bancorp",Financial,175.11,101.764,NASDAQ GS
11/5/02,HWFGQ US,Harrington West Financial Group Inc,13.44,12,1.666666627,1120000.00,RBC Capital Markets,Financial,51.94,, 
10/31/02,MMLP US,Martin Midstream Partners LP,55.1,19,-6.842105389,2900000.00,Raymond James & Associates,Energy,55.1,47.0425,NASDAQ GS
10/31/02,MXN US,First American Minnesota Municipal Income Fund II Inc,20.25,15,0,1350000.00,"RBC Capital Markets, US Bancorp",Funds,0,, 
10/28/02,PMX US,PIMCO Municipal Income Fund III,432.75,15,0.06666667,28850000.00,UBS,Financial,0,0.276961, 
10/28/02,BYM US,BlackRock Municipal Income Quality Trust,360,15,0,24000000.00,"BofA Securities, Citi",Government,0,29.6242, 
10/28/02,PZC US,PIMCO California Municipal Income Fund III,292.5,15,0,19500000.00,UBS,Financial,0,6.71924, 
10/28/02,SRQ US,DWS RREEF Real Estate Fund Inc,225,15,0,15000000.00,"BofA Securities, UBS",Financial,0,, 
10/28/02,BAF US,BlackRock Municipal Income Investment Quality Trust,120,15,0,8000000.00,"Citi, BofA Securities",Financial,0,, 
10/28/02,BSE US,BlackRock New York Municipal Income Quality Trust,90,15,0,6000000.00,"Citi, BofA Securities",Financial,0,6.96769, 
10/28/02,1619236D US,BlackRock California Insured Municipal Income Trust,75,15,0,5000000.00,"Citi, Wedbush Securities Inc, Wells Fargo, BofA Securities, Prudential Financial Inc",Financial,0,, 
10/28/02,PYN US,PIMCO New York Municipal Income Fund III,75,15,0,5000000.00,UBS,Financial,0,0.185723, 
10/23/02,WYNN US,Wynn Resorts Ltd,491.845,13,0.07692308,34615000.00,"Deutsche Bank, JP Morgan, BofA Securities","Consumer, Cyclical",1011.84,93.5675,NASDAQ GS
10/22/02,1612850D US,Atlantic Liberty Financial Corp,17.1098,10,30.20000076,1710980.00,Sandler O'Neill & Partners,Financial,0,, 
10/21/02,USIH US,USI Holdings Corp,90,10,0,9000000.00,"JP Morgan, BofA Securities",Financial,446.3,, 
10/21/02,NGS US,Natural Gas Services Group Inc,7.5,5,-9,1500000.00,Neidiger Tucker Bruner Inc,Energy,24.29,86.816,New York
10/15/02,DKS US,Dick's Sporting Goods Inc,100.576,12,9.583333015,7289320.00,BofA Securities,"Consumer, Cyclical",135.49,108.24,New York
10/15/02,TAYC US,Taylor Capital Group Inc,51.3563,16.5,2.727272749,2775000.00,Stifel,Financial,150.01,, 
10/10/02,EEQ US,Enbridge Energy Management LLC,351,39,-5.153846264,9000000.00,Goldman Sachs,Energy,0,, 
10/10/02,NRP US,Natural Resource Partners LP,90,20,-3,4500000.00,"Lehman Brothers, Citi",Energy,227.07,37.2594,New York
10/9/02,GLFE US,Golf Entertainment Group Inc,105.625,13,-3.846153736,7000000.00,"JP Morgan, Lehman Brothers","Consumer, Cyclical",311.85,0.645131,OTC US
10/2/02,TONEQ US,TierOne Corp,191.305,0,,19130500.00,Sandler O'Neill & Partners,Financial,0,0.431646, 
9/27/02,LPLHU US,LocatePLUS Holdings Corp,3.6,0.3,,12000000.00,,Technology,0,, 
9/25/02,NBH US,Neuberger Municipal Fund Inc,307.5,15,0.06666667,19500000.00,BofA Securities,Financial,0,54.9394,NYSEAmerican
9/25/02,NBW US,Neuberger Berman California Municipal Fund Inc,99,15,0,6300000.00,BofA Securities,Financial,0,17.7751, 
9/25/02,NBO US,Neuberger Berman New York Municipal Fund Inc,80.25,15,0,5150000.00,BofA Securities,Financial,0,10.4416, 
9/25/02,NWI US,Nuveen Maryland Dividend Advantage Municipal Fund 3,72,15,0.06666667,4800000.00,"Citi, Nuveen Investments Inc",Financial,0,, 
9/25/02,NKG US,Nuveen Georgia Quality Municipal Income Fund,63,15,0.06666667,4200000.00,"Citi, Nuveen Investments Inc",Financial,0,3.32925, 
9/25/02,NGO US,Nuveen Connecticut Dividend Advantage Municipal Fund 3,58.125,15,0.13333334,3875000.00,"Nuveen Investments Inc, Citi",Financial,0,, 
9/25/02,NII US,Nuveen North Carolina Dividend Advantage Municipal Fund 3,52.5,15,0.06666667,3500000.00,"Citi, Nuveen Investments Inc",Financial,0,, 
9/25/02,1509993D US,Nuveen Arizona Dividend Advantage Municipal Fund 3,42.375,15,0.06666667,2825000.00,"Citi, Nuveen Investments Inc",Funds,0,, 
9/23/02,JPS US,Nuveen Preferred & Income Securities Fund,1629,15,0.06666667,108600000.00,Citi,Financial,0,, 
9/17/02,SYNF US,Synergy Financial Group Inc,14.5475,10,29.29999924,1454750.00,KeyBanc Capital Markets,Financial,0,, 
8/30/02,MCBF US,Monarch Community Bancorp Inc,23.1437,10,16.79999924,2314370.00,Stifel,Financial,0,, 
8/27/02,EIM US,Eaton Vance Municipal Bond Fund,856.5,15,0,57100000.00,Citi,Financial,0,32.9182,NYSEAmerican
8/27/02,RPF US,Cohen & Steers Premium Income Realty Fund Inc,473.25,15,0,28500000.00,BofA Securities,Financial,0,, 
8/27/02,EVM US,Eaton Vance California Municipal Bond Fund,286.5,15,0.200000003,19100000.00,Citi,Financial,0,0.179046, 
8/27/02,ENX US,Eaton Vance New York Municipal Bond Fund,205.875,15,0.200000003,13725000.00,Citi,Financial,0,0.21298, 
8/22/02,HPI US,John Hancock Preferred Income Fund,639.5,25,0,22500000.00,"UBS, BofA Securities",Financial,0,13.9897,New York
8/22/02,BANC US,Banc of California Inc,63.48,12,18.58333397,5290000.00,Stifel,Financial,0,96.6031,New York
8/15/02,980359Q US,Windrose Medical Properties Trust,68.3004,12,0,5600000.00,"Raymond James & Associates, RBC Capital Markets",Financial,67.2,, 
7/25/02,BLE US,BlackRock Municipal Income Trust II,321.75,15,0,21450000.00,BofA Securities,Financial,0,31.2884, 
7/25/02,RIT US,LMP Real Estate Income Fund Inc,144.75,15,0,9650000.00,"Citi, BofA Securities, Ameriprise Financial Inc, KeyBanc Capital Markets, Wells Fargo",Funds,0,23.8862, 
7/25/02,BCL US,BlackRock California Municipal Income Trust II,111,15,0,7400000.00,BofA Securities,Financial,0,, 
7/25/02,BFY US,BlackRock New York Municipal Income Trust II,67.5,15,0,4500000.00,BofA Securities,Financial,0,, 
7/24/02,LF US,LeapFrog Enterprises Inc,134.55,13,21.92307663,9000000.00,"Citi, BofA Securities","Consumer, Cyclical",157.03,, 
7/23/02,1857470D US,Helios Strategic Mortgage Income Fund Inc,151.95,15,0,9000000.00,"Raymond James & Associates, AG Edwards & Sons LLC",Financial,0,, 
7/22/02,0746722D US,Pacific Energy Partners LP,167.7,19.5,-2.56410265,8600000.00,Citi,Energy,204.07,, 
7/18/02,RRGB US,Red Robin Gourmet Burgers Inc,65.256,12,1.833333373,5038000.00,BofA Securities,"Consumer, Cyclical",180.31,59.775,NASDAQ GS
7/15/02,1130542D LN,Sky Capital Holdings Ltd,5.73167,185,21.62162209,2000000.00,JM Finn & Co,Financial,0,, 
7/12/02,HETC US,HealtheTech Inc,30,7.5,1.333333373,4000000.00,UBS,Technology,145.95,, 
7/10/02,TBHC US,Brand House Collective Inc/The,90,15,-1,6000000.00,BofA Securities,"Consumer, Cyclical",283.07,55.4534, 
7/1/02,CITGQ US,CIT Group Inc/Old,4866.18,23,-4.347826004,200000000.00,"Goldman Sachs, JP Morgan, Lehman Brothers, Citi, UBS",Financial,4604.99,0.0387887, 
6/27/02,IRGI US,Inveresk Research Group Inc,156,13,0.07692308,12000000.00,"UBS, JP Morgan","Consumer, Non-cyclical",465.02,, 
6/27/02,MTCT US,BAE Modern Technologies Inc,97.75,17,11.76470566,5000000.00,Citi,Industrial,210.59,, 
6/27/02,1727038D US,Montana Mills Bread Co Inc,10,5,22,2000000.00,Kirlin Securities,"Consumer, Cyclical",38.1519,, 
6/26/02,HEW US,Aon Hewitt LLC,243.627,19,23.68420982,11150000.00,Goldman Sachs,"Consumer, Non-cyclical",344.14,, 
6/25/02,JTP US,Nuveen Quality Preferred Income Fund,963.3,15,0.866666675,56000000.00,Citi,Funds,0,, 
6/25/02,PML US,PIMCO Municipal Income Fund II,862.516,15,0.333333343,50500000.00,"BofA Securities, UBS",Financial,0,30.4035,New York
6/25/02,CHI US,Calamos Convertible Opportunities and Income Fund,648.375,15,0,40000000.00,BofA Securities,Financial,0,63.246,NASDAQ GS
6/25/02,PCK US,PIMCO California Municipal Income Fund II,448.5,15,0.06666667,26000000.00,"UBS, BofA Securities",Financial,0,0.527819, 
6/25/02,PNI US,PIMCO New York Municipal Income Fund II,154.422,15,0.13333334,9000000.00,"UBS, BofA Securities",Financial,0,7.54054,New York
6/24/02,BGFV US,Big 5 Sporting Goods Corp,119.665,13,1.307692289,8050000.00,UBS,"Consumer, Cyclical",281.82,2.71653, 
6/24/02,BDSIU US,BioDelivery Sciences International Inc,10.9462,5.25,-4.761904716,2000000.00,Kashner Davidson,"Consumer, Non-cyclical",36.7547,, 
6/20/02,CTMI US,CTI Molecular Imaging Inc,209.576,17,14.70588207,10720000.00,UBS,"Consumer, Non-cyclical",694.03,, 
6/18/02,PCAF US,Printcafe Software Inc,37.5,10,-20,3750000.00,UBS,Technology,105.95,, 
6/17/02,HBG US,HUB International Ltd,96.6,14,7.142857075,6000000.00,JP Morgan,Financial,387.29,, 
6/12/02,PACR US,XPO Intermodal Inc,241.5,15,6.333333492,14000000.00,"UBS, JP Morgan",Industrial,552.18,, 
6/4/02,329552Q US,Veridian Corp/United States,248.4,16,13.4375,13500000.00,UBS,Industrial,527.72,, 
6/3/02,PLUM US,Plumtree Software Inc,42.5,8.5,0,5000000.00,Goldman Sachs,Communications,248.51,, 
5/29/02,BBBY US,Bed Bath & Beyond Inc,40.313,13,0.230769232,3000000.00,WR Hambrecht + Co LLC,Communications,187.11,49.7473,New York
5/28/02,RRE US,AIM Select Real Estate Income Fund/Old,588.75,15,0.06666667,36250000.00,Citi,Financial,0,, 
5/23/02,SRX US,SRA International Inc,103.5,18,26.11111069,5000000.00,Citi,Technology,347.38,, 
5/22/02,2322832D US,Eon Labs Inc,159.304,15,0.333333343,9800000.00,"UBS, Goldman Sachs","Consumer, Non-cyclical",641.09,0.00225012, 
5/22/02,NFLX US,Netflix Inc,94.875,15,11.66666698,5500000.00,BofA Securities,Communications,309.72,83.2154,NASDAQ GS
5/22/02,0543122D US,Altiris Inc,50,10,,5000000.00,UBS,Technology,197.96,, 
5/22/02,MSH LN,Lite Strategy Inc,9.64104,274,3.102189779,2413000.00,KBC Group,"Consumer, Non-cyclical",207.414,, 
5/21/02,LQMT US,Liquidmetal Technologies Inc,78.4351,15,0.200000003,5000000.00,BofA Securities,Basic Materials,611.46,24.6207,OTC US
5/20/02,MWE US,MarkWest Energy Partners LP,49.5075,20.5,0.243902445,2100000.00,AG Edwards & Sons LLC,Energy,102.5,, 
5/17/02,TBRG US,TruBridge Inc,56.925,16.5,9.818181992,3000000.00,,Technology,173.052,86.0341,NASDAQ GS
5/16/02,KYPH US,Kyphon Americas Inc,103.5,15,13.66666698,6000000.00,US Bancorp,"Consumer, Non-cyclical",534.67,, 
5/15/02,AROPQ US,ARO Liquidation Inc,258.75,18,54.16666794,12500000.00,"JP Morgan, BofA Securities","Consumer, Cyclical",612.73,0.0345968, 
5/15/02,VRNT US,Verint Systems Inc,72,16,-9.4375,4500000.00,Lehman Brothers,Technology,374.25,0.615509, 
5/15/02,GAHC US,Global Arena Holding Inc,6.9,5,N/A,1200000.00,Schneider Securities,Financial,17.5,,OTC US
5/14/02,AKR LN,Q/C Technologies Inc,4.97552,136,2.941176414,2525000.00,KBC Group,"Consumer, Non-cyclical",78.0378,, 
5/8/02,1903130D US,Regal Entertainment Group,393.3,19,14.47368431,18000000.00,"Lehman Brothers, UBS","Consumer, Cyclical",2484.86,, 
5/6/02,2290052Q US,Quinton Cardiology Systems Inc,28,7,2.714285612,4000000.00,Canaccord Genuity,"Consumer, Non-cyclical",75.72,, 
5/2/02,1667565D US,LIN Media LLC,430.1,22,13.63636398,17000000.00,Deutsche Bank,Communications,1046.32,0.00380388, 
4/29/02,769210Q US,Premcor Inc,496.8,24,17.70833397,18000000.00,Morgan Stanley,Energy,1280.92,, 
4/25/02,PHT US,Pioneer High Income Fund Inc,399,15,0,24000000.00,BofA Securities,Financial,0,0.454385, 
4/25/02,BBK US,BlackRock Municipal Bond Trust,151.35,15,0,9340000.00,Citi,Financial,0,, 
4/25/02,BZA US,BlackRock California Municipal Bond Trust,50.025,15,0,3000000.00,Citi,Financial,0,, 
4/25/02,BIE US,BlackRock Municipal Bond Investment Trust,49.5,15,0,2925000.00,Citi,Funds,0,0.371374, 
4/25/02,BQH US,BlackRock New York Municipal Bond Trust,36.75,15,0,2450000.00,Citi,Financial,0,, 
4/25/02,BLJ US,BlackRock New Jersey Municipal Bond Trust,33.75,15,0,2000000.00,Citi,Financial,0,6.13621, 
4/25/02,BZM US,BlackRock Maryland Municipal Bond Trust,30.075,15,0,1760000.00,Citi,Financial,0,, 
4/25/02,BHV US,BlackRock Virginia Municipal Bond Trust,22.575,15,0,1340000.00,Citi,Financial,0,11.151,New York
4/24/02,DOVP US,Dov Pharmaceutical Inc,65,13,-33.07692337,5000000.00,"Lehman Brothers, CIBC","Consumer, Non-cyclical",194.85,, 
4/23/02,2924917Q US,Heritage Property Investment Trust Inc,452.014,25,0.200000003,18000000.00,BofA Securities,Financial,1031.72,, 
4/17/02,XJT US,ExpressJet Holdings Inc,480,16,0,30000000.00,Citi,"Consumer, Cyclical",1024,, 
4/17/02,MSNWQ US,HNI Holdco Inc,170.703,19,13.15789509,7812500.00,"Deutsche Bank, Lehman Brothers","Consumer, Non-cyclical",547.37,, 
4/17/02,1865531D US,American Community Bancshares Inc,9.0045,9,4,870000.00,,Financial,24.2546,, 
4/12/02,ECPN US,El Capitan Precious Metals Inc,0.15,0.5,40,300000.00,,Basic Materials,0,0.00359558,OTC US
4/11/02,0813137D US,Ribapharm Inc,299,10,8,26000000.00,UBS,"Consumer, Non-cyclical",1500,, 
4/11/02,JBLU US,JetBlue Airways Corp,182.16,27,66.66666412,5866670.00,Morgan Stanley,"Consumer, Cyclical",1105.53,85.047,NASDAQ GS
4/9/02,JLIC US,Jesup & Lamont Inc,6,6,-10.83333302,1000000.00,Stifel,Financial,30,, 
4/3/02,3097837Q US,Partners Trust Financial Group Inc,63.9759,10,40.20000076,6397590.00,Sandler O'Neill & Partners,Financial,0,, 
3/27/02,0598656D CN,Sun Gro Horticulture Inc,138.767,10,3.5,22023000.00,BMO Capital Markets,Basic Materials,0,, 
3/27/02,2828664Q US,MedSource Technologies Inc,115.092,12,8.333333015,8340000.00,"JP Morgan, Morgan Stanley","Consumer, Non-cyclical",312.22,, 
3/27/02,0565926D US,Future Electronics Corp,6.53871,0.2,,255000000.00,,Industrial,0,, 
3/25/02,NKL US,Nuveen Insured California Dividend Advantage Municipal Fund,228.75,15,0,13500000.00,Citi,Financial,0,, 
3/25/02,WEA US,Western Asset Premier Bond Fund,163.5,15,0,10000000.00,BofA Securities,Financial,0,58.9763,New York
3/25/02,NVG US,Nuveen AMT-Free Municipal Credit Income Fund,151.5,15,0.06666667,7000000.00,Citi,Financial,0,15.2227,New York
3/25/02,NKO US,Nuveen New York Dividend Advantage Municipal Income Fund,119.25,15,0.06666667,7000000.00,Citi,Financial,0,, 
3/25/02,NUJ US,Nuveen New Jersey Dividend Advantage Municipal Fund 2,67.5,15,0.06666667,4000000.00,Citi,Funds,0,, 
3/25/02,NVY US,Nuveen Pennsylvania Dividend Advantage Municipal Fund 2,55.725,15,0,3325000.00,Nuveen John & Co Inc,Funds,0,, 
3/25/02,NKR US,Nuveen Arizona Dividend Advantage Municipal Fund 2,36.075,15,0,2130000.00,Citi,Funds,0,, 
3/25/02,NVJ US,Nuveen Ohio Dividend Advantage Municipal Fund 3,32.25,15,0.333333343,2000000.00,Citi,Funds,0,, 
3/25/02,NGK US,Nuveen Connecticut Dividend Advantage Municipal Fund 2,30.75,15,0.06666667,2050000.00,Citi,Financial,0,, 
3/21/02,531621Q US,Travelers Property Casualty Corp,4273.5,18.5,8.216216087,210000000.00,Citi,Financial,18500,, 
3/13/02,ABG US,Asbury Automotive Group Inc,127.05,16.5,1.818181872,7700000.00,"BofA Securities, Goldman Sachs","Consumer, Cyclical",561,108.759,New York
3/11/02,ANT US,Anteon International Corp,310.5,18,11.38888931,15000000.00,Goldman Sachs,Technology,604.83,5.39069, 
3/11/02,WCIMQ US,WCI Communities Inc/Old,150.765,19,19.31579018,6900000.00,UBS,"Consumer, Cyclical",822.35,, 
2/27/02,BHD US,BlackRock Strategic Bond Trust,105,15,-0.13333334,7000000.00,UBS,Financial,0,, 
2/26/02,3460129Q US,Integrated Defense Technologies Inc,177.1,22,13.63636398,7000000.00,UBS,Industrial,432.96,, 
2/25/02,RQI US,Cohen & Steers Quality Income Realty Fund Inc,575.73,15,0.06666667,34000000.00,BofA Securities,Financial,0,19.7079,New York
2/25/02,ROK US,Rockwell Automation Inc,0,0,,,,Industrial,0,89.8432,New York
2/21/02,PETC US,Petco Animal Supplies Inc,316.825,19,5.263157845,14500000.00,"Morgan Stanley, BofA Securities","Consumer, Cyclical",1059.22,, 
2/14/02,1293318D US,PayPal Inc,80.73,13,54.53845978,5400000.00,Citi,"Consumer, Non-cyclical",777.82,, 
2/12/02,GME US,GameStop Corp,373.75,18,11.66666698,18055600.00,Citi,"Consumer, Cyclical",973.16,35.9287,New York
2/6/02,MANT US,ManTech International Corp/VA,132.48,16,13.8125,7200000.00,Jefferies,Technology,408.53,, 
2/4/02,ETP US,Energy Transfer Operating LP,116.438,20.25,9.135802269,5000000.00,"Citi, UBS, Lehman Brothers, BofA Securities, Wells Fargo",Energy,230.52,, 
1/31/02,0118185D US,Loews Corp - Carolina Group,1127,28,3.928571463,35000000.00,"Morgan Stanley, Citi","Consumer, Non-cyclical",980,0.000416744, 
1/31/02,1947832D US,ZymoGenetics Inc,120,12,0.416666657,10000000.00,"Lehman Brothers, BofA Securities","Consumer, Non-cyclical",547.23,0.254871, 
1/28/02,SYNA US,Synaptics Inc,63.25,11,19.18181801,5000000.00,"Soundview Technology Group, TD Securities, JP Morgan",Technology,250.6,114.752,NASDAQ GS
1/4/02,LHT/H CN,Lehman Trikes USA Inc,0.6324,0.5,100,2000000.00,Macquarie,"Consumer, Cyclical",0,, 
1/3/02,DDD LN,DDD Group PLC,9.9043,65,16.15384674,10769200.00,,Technology,0,1.12808, 
12/27/01,CDT LN,CDTi Advanced Materials Inc,5.27158,140,16.4285717,2580660.00,,"Consumer, Cyclical",0,, 
12/18/01,PCN US,PIMCO Corporate & Income Strategy Fund,513.75,15,0.06666667,31750000.00,Citi,Financial,0,15.0947,New York
12/14/01,NWBO US,Northwest Biotherapeutics Inc,23,5,6.199999809,4000000.00,Canaccord Genuity,"Consumer, Non-cyclical",84.24,0.0138862,OTC US
12/14/01,SVA LN,Seven Arts Entertainment Inc,0.360775,25,16,1000000.00,,"Consumer, Cyclical",0,, 
12/13/01,2076732D US,BAE Systems Land & Armaments Inc,446.481,19,1.421052575,21100000.00,"Goldman Sachs, Lehman Brothers",Industrial,962.6,0.00491659, 
12/13/01,2565046D US,Fresenius Kabi USA Inc,165.6,16,23.4375,9000000.00,CIBC,"Consumer, Non-cyclical",769.09,0.345165, 
12/13/01,0814801D US,Bruker AXS Inc,67.275,6.5,0,9000000.00,UBS,"Consumer, Non-cyclical",356.4,, 
12/12/01,PRU US,Prudential Financial Inc,3478.75,27.5,6.545454502,110000000.00,Goldman Sachs,Financial,15573.2,64.5606,New York
12/12/01,NSDA US,Nassda Corp,63.25,11,40.45454407,5000000.00,BofA Securities,Technology,261.25,, 
12/12/01,CNC US,Centene Corp,56.35,14,22.8571434,3500000.00,"Stifel, TD Securities, CIBC","Consumer, Non-cyclical",0,101.545,New York
12/11/01,NSCN US,NetScreen Technologies Inc,184,16,48.25,10000000.00,Goldman Sachs,Technology,1152.26,, 
12/10/01,RMK US,ARAMARK Corp/Old,793.5,23,10.43478298,30000000.00,"Goldman Sachs, JP Morgan","Consumer, Non-cyclical",4538.68,, 
12/6/01,LWSN US,Infor US LLC,223.3,14,13,14000000.00,Lehman Brothers,Technology,1273.16,0.00439144, 
11/28/01,MCGC US,MCG Capital Corp,227.375,17,-1.352941155,13375000.00,B Riley Financial Inc,Financial,227.38,, 
11/21/01,MDCVU US,Universal Media Group Inc,6.75,4.5,-11.11111069,1500000.00,Equity Securities Investments Inc,Communications,0,, 
11/20/01,1850925D US,VCA Inc,173.7,10,-6.599999905,16000000.00,"Goldman Sachs, UBS","Consumer, Non-cyclical",342.16,, 
11/20/01,AAP US,Advance Auto Parts Inc,0,0,,,,"Consumer, Cyclical",0,128.988,New York
11/19/01,LAVA US,Magma Design Automation Inc,72.5075,13,46.07692337,4850000.00,UBS,Technology,374.63,, 
11/19/01,MHLXU US,CarePayment Technologies Inc,13.8,6,4.166666508,2000000.00,,"Consumer, Non-cyclical",22.42,, 
11/15/01,HBE US,Henry Brothers Electronics Inc/NJ,12.075,7,16.2857151,1500000.00,GunnAllen Financial Inc,Industrial,31.5,, 
11/14/01,WGHTQ US,WW International Inc,480.24,24,22.91666603,17400000.00,"Goldman Sachs, UBS","Consumer, Non-cyclical",2529.77,5.51401, 
11/14/01,DJO US,DJO Opco Holdings Inc,175.95,17,-10.29411793,9000000.00,"Goldman Sachs, JP Morgan","Consumer, Non-cyclical",303.55,0.00634039, 
11/14/01,BFUN US,Bam! Entertainment Inc,46,8,8.875,5000000.00,Jefferies,Technology,101.43,, 
11/12/01,AMN US,AMN Healthcare Services Inc,195.5,17,27.41176414,10000000.00,"UBS, BofA Securities","Consumer, Non-cyclical",692.15,104.592,New York
11/12/01,1888299D US,Advisory Board Co/The,109.25,19,27.63157845,5000000.00,"Deutsche Bank, UBS","Consumer, Non-cyclical",232.63,, 
11/5/01,AGP US,AMERIGROUP Corp,86.02,17,22.94117737,4400000.00,"UBS, BofA Securities","Consumer, Non-cyclical",326.09,, 
10/30/01,ODSY US,Odyssey HealthCare Inc,62.1,15,15,3600000.00,BofA Securities,"Consumer, Non-cyclical",205.47,, 
10/30/01,1861206D US,Logicvision Inc,45.765,9,6.777777672,4500000.00,UBS,Technology,126.92,, 
10/29/01,ELV US,Elevance Health Inc,1987.2,36,13.61111069,48000000.00,Goldman Sachs,"Consumer, Non-cyclical",3703,95.056,New York
10/26/01,BPK US,BlackRock Municipal 2018 Term Trust,220.5,15,0,14700000.00,"Citi, BofA Securities",Financial,0,29.702, 
10/26/01,BJZ US,BlackRock California Municipal 2018 Term Trust,90,15,0.06666667,6000000.00,"BofA Securities, Citi",Financial,0,, 
10/26/01,BLH US,BlackRock New York Municipal 2018 Term Trust,52.5,15,0,3500000.00,"Citi, BofA Securities",Financial,0,, 
10/25/01,PVR US,PVR Partners LP,156.975,21,8.095237732,6500000.00,"UBS, Lehman Brothers",Energy,160.65,, 
10/24/01,CCRN US,Cross Country Healthcare Inc,152.734,17,19.8235302,7812500.00,BofA Securities,"Consumer, Non-cyclical",527.34,91.4486,NASDAQ GS
10/22/01,PFG US,Principal Financial Group Inc,2127.5,18.5,13.51351357,100000000.00,Goldman Sachs,Financial,6660,84.9482,NASDAQ GS
10/11/01,2982007Q US,TheraSense Inc,131.1,19,31.15789413,6000000.00,US Bancorp,"Consumer, Non-cyclical",723.71,1.03136, 
8/9/01,MYK US,Mykrolis Corp,105,15,8.333333015,7000000.00,BofA Securities,Technology,592.5,0.00205769, 
8/6/01,OMCL US,Omnicell Inc,48.3,7,35.8571434,6000000.00,US Bancorp,"Consumer, Non-cyclical",144.78,107.968,NASDAQ GS
8/1/01,6369743D US,Bunge Ltd,300.402,16,0,17600000.00,"UBS, Morgan Stanley","Consumer, Non-cyclical",1311.68,10.0653, 
7/30/01,HPLA US,HPL Technologies Inc,75.9,11,21.36363602,6000000.00,UBS,Technology,262.11,, 
7/26/01,1618448D US,Alliance HealthCare Services Inc,121.875,13,1.153846145,9375000.00,"Deutsche Bank, Citi","Consumer, Non-cyclical",616.68,, 
7/26/01,PDFS US,PDF Solutions Inc,62.1,12,26.25,4500000.00,UBS,Technology,266.48,81.9049,NASDAQ GS
7/25/01,CEQP US,Crestwood Equity Partners LP,40.48,22,6.818181992,1600000.00,"Wells Fargo, AG Edwards & Sons LLC, Raymond James & Associates",Energy,35.2,16.4808, 
7/23/01,MDTH US,MedCath Corp,150,25,3.480000019,6000000.00,"Deutsche Bank, BofA Securities","Consumer, Non-cyclical",449.39,7.02314, 
7/19/01,NTUS US,Natus Medical Inc,63.25,11,31.36363602,5000000.00,RBC Capital Markets,"Consumer, Non-cyclical",163.19,18.9635, 
7/19/01,BFNBQ US,Beach First National Bancshares Inc,6.6815,11.5,0,520000.00,Truist Securities Inc,Financial,14.46,, 
7/12/01,1321686D US,Wright Medical Group Inc,107.812,12.5,24.87999916,7500000.00,JP Morgan,"Consumer, Non-cyclical",349.75,, 
6/27/01,PRSO US,Peraso Inc,57.5,10,12.19999981,5000000.00,AG Edwards & Sons LLC,Technology,296.55,7.34387,NASDAQ CM
6/26/01,GLYN US,Galyan's Trading Co LLC,123.5,19,7.736842155,6500000.00,Goldman Sachs,"Consumer, Cyclical",309.77,, 
6/20/01,569665Q US,Multilink Technology Corp,82.8,9,24.33333397,8000000.00,UBS,Technology,587.01,, 
6/19/01,PNX US,Phoenix Cos Inc/The,854,17.5,-4.228571415,48800000.00,Morgan Stanley,Financial,1837.5,0.000775862, 
6/18/01,REVUQ US,Education Holdings 1 Inc,59.4,11,-13.63636398,5400000.00,JP Morgan,"Consumer, Non-cyclical",289.22,, 
6/15/01,COL US,Collins Aerospace,8.1034,23.4,2.564104319,346300.00,,Industrial,0,, 
6/13/01,ORH US,Odyssey Group Holdings Inc,308.572,18,-4.444444656,17142900.00,"BofA Securities, CIBC",Financial,1172.57,0.0063599, 
6/13/01,1482276D US,FMC Technologies Inc,221,20,10,11050000.00,BofA Securities,Energy,1300,0.0078422, 
6/12/01,MDLZ US,Mondelez International Inc,8680,31,0.806451619,280000000.00,"UBS, Citi","Consumer, Non-cyclical",53785,78.7725,NASDAQ GS
6/12/01,GMRRQ US,Gener8 Maritime Inc/Old,144,18,-6.944444656,8000000.00,Lehman Brothers,Industrial,648,, 
6/7/01,BFH US,Bread Financial Holdings Inc,179.4,12,16.66666603,13000000.00,"JP Morgan, BofA Securities",Financial,862.34,114.667,New York
6/7/01,0623514D US,United Surgical Partners International Inc,144.9,14,29.4285717,9000000.00,UBS,"Consumer, Non-cyclical",321.5,, 
6/7/01,TORCQ US,Torch Offshore Inc,80,16,3.9375,5000000.00,UBS,Energy,213.33,0.0197739, 
6/5/01,ULAB US,Unilab Corp,123.28,16,43.75,6700000.00,"UBS, Citi","Consumer, Non-cyclical",515.26,, 
6/5/01,FRX CN,Fennec Pharmaceuticals Inc,6.474,1.5,-10.66666698,6666670.00,Canaccord Financial Inc,"Consumer, Non-cyclical",0,53.3083,Toronto
5/22/01,SWRG US,Smith & Wollensky Restaurant Group Inc/The,45.016,8.5,-8.588234901,5296000.00,Canaccord Genuity,"Consumer, Cyclical",78.9,, 
5/21/01,BTUUQ US,Peabody Energy Corp,483,28,31.4285717,15000000.00,Lehman Brothers,Energy,1389.09,, 
5/17/01,1912203D US,Norway Acquisition Corp,533.6,14.5,21.72413826,32000000.00,"Deutsche Bank, UBS",Financial,3427.8,0.00292333, 
5/17/01,GEGQQ US,Global Power Equipment Group Inc/Old,169.05,20,57.25,7350000.00,"UBS, Citi",Industrial,879.07,0.00315898, 
5/16/01,DZSIQ US,DZS Inc,155.25,15,39.53333282,9000000.00,"Morgan Stanley, Stifel",Communications,1639.39,0.00257802,OTC US
5/14/01,KMR US,Kinder Morgan Management LLC,1047.7,70.41,0.127817541,14880000.00,Goldman Sachs,Energy,1047.35,0.0552651, 
5/7/01,TASRU US,Axon Enterprise Inc,10.4,13,-1.307692289,800000.00,Paulson Investment Co Inc,Industrial,35.24,, 
5/1/01,583429Q US,Simplex Solutions Inc/United States,55.2,12,76.66666412,4000000.00,UBS,Technology,173.03,, 
5/1/01,BRZZQ US,Briazz Inc,16,8,0.375,2000000.00,WR Hambrecht + Co LLC,"Consumer, Cyclical",46.38,, 
4/30/01,1235274D US,GenOn Energy Inc,1794,30,10,52000000.00,Goldman Sachs,Utilities,8760,0.032488, 
4/23/01,80825Q US,MPS Merchant Services Inc,479.4,24,16.04166603,17500000.00,"BofA Securities, Lehman Brothers",Energy,0,, 
4/10/01,NS US,NuStar Energy LP,126.788,24.5,14.28571415,4500000.00,Goldman Sachs,Energy,218.65,15.6883, 
4/4/01,753397Q US,Select Medical Corp,98.325,9.5,6.578947544,9000000.00,"BofA Securities, JP Morgan","Consumer, Non-cyclical",415.07,, 
3/28/01,MVW/H CN,Mountainview Energy Ltd,0.25536,0.2,110,2000000.00,Canaccord Financial Inc,Energy,0,0.0214233, 
3/27/01,3527578Q US,Agere Systems Inc,4140,6,0.333333343,600000000.00,Morgan Stanley,Technology,3600,, 
3/20/01,742603Q US,Verisity Ltd,26.8467,7,14.28571415,3335000.00,BofA Securities,Technology,126.37,, 
3/15/01,8283846Q US,Surebeam Corp,67,10,-14.0625,6700000.00,"BofA Securities, UBS",Industrial,91.69,, 
3/8/01,OPSW US,Opsware Inc,172.5,6,2.604166746,25000000.00,"Morgan Stanley, Goldman Sachs",Communications,439.54,, 
3/8/01,3610748Q US,Encore Acquisition Co,100.1,14,3.928571463,7150000.00,Goldman Sachs,Energy,420.42,0.228084, 
3/6/01,SGEN US,Seagen Inc,49,7,17.8571434,7000000.00,JP Morgan,"Consumer, Non-cyclical",204.33,11.5247, 
3/1/01,PLKI US,Popeyes Louisiana Kitchen Inc,183.281,17,19.85294151,9375000.00,"Goldman Sachs, UBS","Consumer, Cyclical",500.9,, 
2/15/01,1833548D US,RNI Wind Down Corp,120,12,8.854166985,10000000.00,Morgan Stanley,Communications,1225.06,, 
2/13/01,GMXRQ US,Thunderbird Resources Equity Inc,10,8,0,1250000.00,Paulson Investment Co Inc,Energy,34,0.0018295, 
2/9/01,1542834D US,Aquacell Technologies Inc,6,5,0,1200000.00,Somerset Financial Group,Industrial,34.44,, 
2/8/01,OIS US,Oil States International Inc,92.2442,9,1.666666627,10000000.00,"BofA Securities, UBS",Energy,433.41,88.8471,New York
2/8/01,0118440Q US,Third Wave Technologies Inc,82.5,11,0.568181813,7500000.00,Lehman Brothers,"Consumer, Non-cyclical",420.99,0.00083715, 
2/8/01,ICH US,Investors Capital Holdings Ltd,8.504,8,-1.25,1000000.00,"Investors Capital Corp, Schneider Securities",Financial,0,, 
2/7/01,BGPTQ US,BearingPoint Inc,2328.38,18,30.46875,112482000.00,Morgan Stanley,"Consumer, Non-cyclical",0,0.0086258, 
2/5/01,MMP US,Magellan Midstream Partners LP,98.9,21.5,11.6279068,4000000.00,"AG Edwards & Sons LLC, BofA Securities, RBC Capital Markets, UBS, Lehman Brothers",Energy,122.11,6.52133, 
2/5/01,ATPAQ US,ATP Oil & Gas Corp/United States,84,14,0,6000000.00,Lehman Brothers,Energy,305,0.00988116, 
2/2/01,FUTF US,Futurus Financial Services Inc,8.0303,10,,803030.00,Wells Fargo,Financial,0,, 
1/30/01,EXAS US,Exact Sciences Corp,56,14,5.357142925,4000000.00,BofA Securities,"Consumer, Non-cyclical",261.19,88.6595, 
1/25/01,ALGN US,Align Technology Inc,138.173,13,33.17307663,10000000.00,Deutsche Bank,"Consumer, Non-cyclical",593,97.898,NASDAQ GS
1/24/01,PEET US,Peet's Coffee & Tea Inc,30.36,8,17.1875,3300000.00,WR Hambrecht + Co LLC,"Consumer, Non-cyclical",63.67,, 
12/14/00,RGP US,Resources Connection Inc,78,12,33.33333206,6500000.00,"UBS, Deutsche Bank","Consumer, Non-cyclical",247.56,89.9658,NASDAQ GS
12/14/00,AET US,Aetna Inc,0,0,,,,"Consumer, Non-cyclical",0,, 
12/11/00,GNVC US,GenVec Inc,38,9.5,3.947368383,4000000.00,JP Morgan,"Consumer, Non-cyclical",168.58,, 
12/8/00,DLNKQ US,DecisionLink Inc,15,0,,25000000.00,,Industrial,0,, 
12/7/00,WPSL US,WP Stewart & Co Ltd,224,20,22.5,11200000.00,Goldman Sachs,Financial,946.71,, 
12/7/00,ACAP US,American Physicians Capital Inc,154.579,13.5,0.462962955,10000000.00,NatWest Markets,Financial,154.58,0.0257426, 
12/7/00,0911013D US,Specialty Laboratories Inc,80,16,45.703125,5000000.00,BofA Securities,"Consumer, Non-cyclical",323,0.00152654, 
12/7/00,EXHS US,Exhaust Technologies Inc,2.805,5.1,-100,550000.00,Castle Securities Corp,"Consumer, Cyclical",20.4,, 
12/6/00,HBIO US,Harvard Bioscience Inc,51.3796,8,31.25,6422450.00,"ING Groep, RBC Capital Markets, Stifel","Consumer, Non-cyclical",198.26,50.0012,NASDAQ CM
12/1/00,SER LN,Sefton Resources Inc,2.23076,5,25,31000000.00,,Energy,0,, 
11/28/00,RIGL US,Rigel Pharmaceuticals Inc,40.25,7,1.5625,5000000.00,Morgan Stanley,"Consumer, Non-cyclical",264.734,88.8055,NASDAQ GS
11/20/00,AFOP US,Alliance Fiber Optic Products Inc,49.5,11,-7.954545498,4500000.00,BofA Securities,Communications,0,, 
11/16/00,DNCR US,Dynacare Inc,50,10,3.125,5000000.00,UBS,"Consumer, Non-cyclical",0,, 
11/16/00,1832555D US,Array BioPharma Inc,48.75,7.5,16.66666603,6500000.00,"Deutsche Bank, Lehman Brothers","Consumer, Non-cyclical",160.26,, 
11/16/00,BCONQ US,BP Fly Corp,48,6,11.97916698,8000000.00,Citi,Industrial,231.4,, 
11/16/00,DNA/B CN,Dynacare Inc,33.115,10,,5000000.00,UBS,"Consumer, Non-cyclical",0,, 
11/16/00,EME US,EMCOR Group Inc,0,0,,,,Industrial,0,101.187,New York
11/15/00,MIFI US,Novatel Wireless Inc,56,8,12.5,7000000.00,UBS,Communications,300.67,, 
11/13/00,3293866Q US,Orion Power Holdings Inc,550,20,0,27500000.00,"Deutsche Bank, BofA Securities, UBS, Morgan Stanley, Goldman Sachs",Utilities,1811.92,, 
11/13/00,ADLR US,Adolor Corp,90,15,15.83333302,6000000.00,BofA Securities,"Consumer, Non-cyclical",402.74,0.000759629, 
11/13/00,FLBC US,Finger Lakes Bancorp Inc,24.115,7,0,3445000.00,B Riley Financial Inc,Financial,0,, 
11/9/00,LMNE US,Luminent Inc,144,12,1.041666627,12000000.00,UBS,Communications,1872,, 
11/9/00,0355864Q US,AeroGen Inc,43.2,12,0,3600000.00,JP Morgan,"Consumer, Non-cyclical",232.52,, 
11/9/00,CATZ US,Computer Access Technology Corp,42,12,28.64583397,3500000.00,BofA Securities,Communications,220.58,, 
11/7/00,GORXQ US,GeoPharma Inc,7.875,7.875,-7.936507702,1000000.00,Utendahl Capital Partners LP,"Consumer, Non-cyclical",0,, 
11/6/00,TMTA US,Transmeta Corp,273,21,115.4761887,13000000.00,"Deutsche Bank, Morgan Stanley",Technology,2682.81,, 
11/2/00,OCPI US,Optical Communication Products Inc,115.5,11,62.5,10500000.00,UBS,Communications,437.86,0.00205212, 
11/2/00,BKMU US,Bank Mutual Corp,61,10,1.25,6100000.00,Stifel,Financial,86.42,, 
11/2/00,UTIW US,UTi Worldwide Inc,0,0,,,,Industrial,0,, 
11/1/00,ERPLQ US,Energy Partners Ltd/Old,86.25,15,-3.333333254,5750000.00,"BofA Securities, UBS",Energy,405.86,0.0185833, 
11/1/00,ESLRQ US,Evergreen Solar Inc,42,14,35.7142868,3000000.00,BofA Securities,Industrial,154.81,, 
10/26/00,2573872D US,DevX Energy Inc,70,7,1.785714269,10000000.00,B Riley Financial Inc,Energy,78.75,, 
10/25/00,2237931Q US,Medichem Life Sciences Inc,44.8,7,9.821428299,6400000.00,UBS,"Consumer, Non-cyclical",177.94,, 
10/24/00,INNI US,Innovaro Inc,6,6,3.125,1000000.00,Schneider Securities,"Consumer, Non-cyclical",22.6934,,OTC US
10/24/00,1865574D US,First Shares Bancorp Inc,3.3003,8.5,0,388300.00,David A Noyes & Co,Financial,0,, 
10/19/00,649848Q US,Westport Resources Corp,152.7,15,14.16666698,10180000.00,"RBC Capital Markets, UBS",Energy,0,0.00148587, 
10/18/00,1856613D US,Monsanto Co,700,20,20,35000000.00,Goldman Sachs,Basic Materials,5100,, 
10/18/00,DCTHU US,Delcath Systems Inc,7.2,6,3.125,1200000.00,,"Consumer, Non-cyclical",0,, 
10/17/00,XXIA US,Ixia,71.5,13,57.69230652,5500000.00,BofA Securities,Industrial,687.86,, 
10/16/00,ENWV US,Endwave Corp,84,14,0.446428567,6000000.00,Deutsche Bank,Communications,455.61,, 
10/11/00,SYNP US,Synplicity Inc,34.4,8,42.1875,4300000.00,BofA Securities,Technology,187.96,, 
10/11/00,INGNQ US,Introgen Therapeutics Inc,32,8,6.25,4000000.00,TD Securities,"Consumer, Non-cyclical",163.68,, 
10/11/00,PDGI US,inVentiv Health Clinical Inc,10,8,-5.46875,1250000.00,HD Brous & Co,"Consumer, Non-cyclical",0,, 
10/10/00,WHQA US,W-H Energy Services LLC,165,16.5,-13.63636398,10000000.00,"UBS, Morgan Stanley",Energy,363.98,0.00066744, 
10/10/00,POZN US,POZEN Inc,75,15,1.666666627,5000000.00,US Bancorp,"Consumer, Non-cyclical",396.43,, 
10/10/00,1702253D US,Towers Watson & Co,70,12.5,31,5600000.00,Deutsche Bank,"Consumer, Non-cyclical",70,0.00259202, 
10/6/00,BBDA US,Bebida Beverage Co,0,0,,,,"Consumer, Non-cyclical",0,0.000261161,OTC US
10/5/00,NWPWQ US,NewPower Holdings Inc,504,21,28.5714283,24000000.00,UBS,Utilities,2528.99,, 
10/4/00,TPR US,Tapestry Inc,118.08,16,26.953125,7380000.00,Goldman Sachs,"Consumer, Cyclical",678.5,100.495,New York
10/4/00,ASCXZ US,Advanced Switching Communications Inc,93.75,15,20,6250000.00,Morgan Stanley,Communications,608.86,, 
10/4/00,KOSN US,Kosan Biosciences Inc,80.5,14,0,5000000.00,Lehman Brothers,"Consumer, Non-cyclical",333.82,0.00108776, 
10/3/00,OPLK US,Oplink Communications Inc,246.6,18,86.80555725,13700000.00,BofA Securities,Communications,2805.32,, 
10/2/00,INMX US,Informax Inc,80,16,32.8125,5000000.00,JP Morgan,Technology,290.06,, 
9/28/00,3714927Q US,Genomica Corp,122.36,19,2.302631617,6440000.00,CIBC,Technology,398.8,, 
9/28/00,DESCQ US,Distributed Energy Systems Corp,119,17,68.38235474,7000000.00,"UBS, Citi, Morgan Stanley",Energy,544.43,0.166041, 
9/28/00,ELAS US,Elastic Networks Inc,101.4,13,7.211538315,7800000.00,JP Morgan,Communications,406.81,, 
9/28/00,502462Q US,Docent Inc,88,11,66.47727203,8000000.00,Deutsche Bank,Communications,437.93,, 
9/28/00,VRMLQ US,Vermillion Inc/Old,88,16,100,5500000.00,TD Securities,"Consumer, Non-cyclical",402.09,, 
9/28/00,ITGR US,Integer Holdings Corp,80,16,42.96875,5000000.00,"BofA Securities, UBS","Consumer, Non-cyclical",456.35,112.137,New York
9/28/00,2460344D US,HGST Technologies Santa Ana Inc,70.004,11,-11.93181801,6364000.00,Lehman Brothers,Technology,406.62,0.0205927, 
9/28/00,ARDI US,@Road Inc/United States,63,9,-20.13888931,7000000.00,"US Bancorp, JP Morgan, UBS",Technology,407.94,, 
9/27/00,MIRKQ US,Mirant Corp/Old,1276,22,34.65909195,58000000.00,"Morgan Stanley, Goldman Sachs",Utilities,7260,0.00520682, 
9/27/00,VAST US,Livingston International Technology Services Corp,84,14,23.2142849,6000000.00,"JP Morgan, BofA Securities, Deutsche Bank",Technology,482.41,, 
9/27/00,DRRX US,Durect Corp,84,12,20.05208397,7000000.00,Morgan Stanley,"Consumer, Non-cyclical",549.668,8.63674, 
9/27/00,UOPX US,University of Phoenix Online,70,14,27.2321434,5000000.00,UBS,"Consumer, Non-cyclical",0,0.0134065, 
9/26/00,HYDL US,Hydril Co,127.5,17,19.85294151,7500000.00,"UBS, Citi",Energy,127.5,, 
9/26/00,0120599D US,Eden Bioscience Corp,87,15,100,5800000.00,"Stephens Inc, BofA Securities","Consumer, Non-cyclical",340.99,, 
9/26/00,668718Q US,Avantgo Inc,66,12,66.66666412,5500000.00,UBS,Technology,400.17,, 
9/25/00,COSN US,CoSine Communications Inc,230,23,174.1847839,10000000.00,"JP Morgan, BofA Securities, Goldman Sachs",Communications,2303.24,, 
9/21/00,INRG US,Inrange Technologies Corp,123.3,16,189.0625,7700000.00,Citi,Communications,123.2,, 
9/21/00,CRNM US,Curon Medical Inc,55,11,,5000000.00,UBS,"Consumer, Non-cyclical",205.27,, 
9/21/00,1389976D US,CBCT Bancshares Inc,2.81,10,1.25,281000.00,,Financial,0,, 
9/20/00,TTMI US,TTM Technologies Inc,120,16,30.859375,7500000.00,"JP Morgan, UBS, BofA Securities",Industrial,568.8,97.7984,NASDAQ GS
9/20/00,OMNY US,OmniSky Corp,109.2,12,47.00520706,9100000.00,UBS,Communications,781.84,, 
9/20/00,ZNGN US,Zengine Inc,55.77,13,8.653845787,4290000.00,"Raymond James & Associates, B Riley Financial Inc, Charles Schwab, William Blair & Co LLC",Communications,214.15,, 
9/18/00,COD US,Chiles Offshore Inc,148.2,19,10.52631569,7800000.00,"UBS, Citi",Energy,308.39,, 
8/24/00,KNVS US,Knova Software Inc,31.5,7,25,4500000.00,Canaccord Genuity,Technology,163.8,, 
8/21/00,ISTA US,ISTA Pharmaceuticals LLC,31.5,10.5,2.380952358,3000000.00,CIBC,"Consumer, Non-cyclical",167.231,, 
8/17/00,ITXIQ US,Integrated Telecom Express Inc,100.8,18,38.19444275,5600000.00,Lehman Brothers,Communications,743.184,, 
8/17/00,WJCI US,TriQuint WJ Inc,86.4,16,101.5625,5400000.00,JP Morgan,Communications,871.12,, 
8/17/00,1936438D US,PECO II Inc,75,15,53.33333206,5000000.00,BofA Securities,Industrial,297.57,, 
8/17/00,VVVVQ US,ViaSource Communications Inc,40,8,0,5000000.00,"Prudential Financial Inc, UBS",Communications,383.92,, 
8/17/00,9998819D US,Pinnacle Financial Partners Inc,18.75,10,0,1875000.00,UBS,Financial,18.75,, 
8/16/00,AVSR US,Avistar Communications Corp,36,12,-21.875,3000000.00,JP Morgan,Technology,302.23,,OTC US
8/15/00,3679840Q US,PeoplePC Inc,85,10,-11.25,8500000.00,JP Morgan,Communications,1053.91,, 
8/15/00,OTWO US,O2wireless Solutions Inc,73.2,12,11.45833302,6100000.00,JP Morgan,Communications,266.12,, 
8/14/00,DYAX US,Dyax Corp,60,15,71.66666412,4000000.00,JP Morgan,"Consumer, Non-cyclical",271.378,, 
8/14/00,LEXR US,Lexar Media Inc,52,8,0,6500000.00,JP Morgan,Technology,472.25,, 
8/14/00,1016061Q US,Viewlocity Inc,35,7,0,5000000.00,"Wit Soundview, JP Morgan",Technology,193.305,, 
8/11/00,EQIX US,Equinix Inc,240,12,-52.5,20000000.00,"Epoch Securities Inc, JP Morgan, Goldman Sachs, Citi",Financial,885.275,101.678,NASDAQ GS
8/10/00,173150Q US,Equinix Inc/Old,240,12,9.375,20000000.00,Goldman Sachs,Communications,885.27,, 
8/10/00,AMMD US,Astora Women's Health Holdings LLC,68.75,11,5.113636494,6250000.00,"JP Morgan, BofA Securities, US Bancorp","Consumer, Non-cyclical",299.079,0.0134604, 
8/10/00,MBVXQ US,MabVax Therapeutics Holdings Inc,35,7,0.892857134,5000000.00,Lehman Brothers,"Consumer, Non-cyclical",147.47,0.0977032, 
8/9/00,LSBC US,Large Scale Biology Corp,85,17,28.6764698,5000000.00,JP Morgan,"Consumer, Non-cyclical",263.12,, 
8/9/00,SRGAQ US,Surgalign Holdings Inc,79.8,14,0.446428567,5700000.00,BofA Securities,"Consumer, Non-cyclical",298.37,5.25207, 
8/9/00,0778324D US,Esperion Therapeutics Inc/Old,54,9,30.55555534,6000000.00,"JP Morgan, BofA Securities","Consumer, Non-cyclical",216.22,0.00643161, 
8/9/00,EVLVQ US,Evolve Software Inc,45,9,100,5000000.00,"Deutsche Bank, UBS",Communications,328.995,, 
8/9/00,VINA US,Vina Technologies,36,12,12.5,3000000.00,Lehman Brothers,Communications,378.2,1.77E-05, 
8/8/00,MCDT US,McDATA Corp,350,28,205.5803528,12500000.00,UBS,Technology,705.07,, 
8/8/00,3042466Q US,ChipPAC Inc,120,12,4.166666508,10000000.00,UBS,Technology,798.7,, 
8/8/00,HPOW US,H Power Corp,112,16,12.5,7000000.00,Lehman Brothers,Energy,844.11,, 
8/8/00,XMP NM,Plus Therapeutics Inc,63.3735,15,36.66666794,3906960.00,Concord Effekten,"Consumer, Non-cyclical",0,, 
8/8/00,1530827D US,Tvia Inc,55,11,0,5000000.00,BofA Securities,Technology,232.54,, 
8/8/00,AGIXQ US,Atherogenics Inc,48,8,3.125,6000000.00,JP Morgan,"Consumer, Non-cyclical",182.56,0.0144995, 
8/8/00,RPTR US,Repeater Technologies Inc,42.75,9,88.8888855,4750000.00,"US Bancorp, BofA Securities",Communications,197.82,, 
8/8/00,PHST US,Pharsight Corp,30,10,-9.375,3000000.00,UBS,Technology,184.92,, 
8/8/00,MCELQ US,Millennium Cell Inc,30,10,0,3000000.00,Raymond James & Associates,Energy,275.16,, 
8/7/00,AOLAQ US,America Online Latin America Inc,200,8,5.46875,25000000.00,"UBS, Citi",Communications,2083.2,, 
8/7/00,PIOIQ US,P10 Holdings Inc,136,17,210.2941132,8000000.00,Goldman Sachs,Industrial,672.94,, 
8/7/00,MDCO US,Medicines Co/The,96,16,35.546875,6000000.00,JP Morgan,"Consumer, Non-cyclical",451.14,9.57632, 
8/7/00,2576365D US,Pemstar Inc,92.4,11,22.72727203,8400000.00,Lehman Brothers,Industrial,411.72,12.5303, 
8/7/00,TSYS US,TeleCommunication Systems Inc,79.9,17,47.05882263,4700000.00,"JP Morgan, Deutsche Bank",Communications,209.72,0.116656, 
8/7/00,2245546Q US,Advanced Power Technology Inc,52.5,15,13.33333302,3500000.00,Stephens Inc,Technology,117.77,, 
8/3/00,BRKR US,Bruker Corp,104,13,77.40384674,8000000.00,UBS,"Consumer, Non-cyclical",689,96.0644,NASDAQ GS
8/3/00,DDDP US,3-Dimensional Pharmaceuticals Inc,75,15,27.5,5000000.00,JP Morgan,"Consumer, Non-cyclical",273.56,, 
8/3/00,EXEE US,EXE Technologies Inc,70.72,8,1.5625,8000000.00,"Citi, UBS",Technology,329.82,, 
8/3/00,2282710D US,Microtune Inc,64,16,88.28125,4000000.00,"JP Morgan, TD Securities, Goldman Sachs",Technology,601.68,, 
8/3/00,LTRX US,Lantronix Inc,60,10,-20,6000000.00,"UBS, Lehman Brothers",Communications,387.744,40.5092,NASDAQ CM
8/3/00,ISSC US,Innovative Solutions and Support Inc,33,11,10.79545498,3000000.00,B Riley Financial Inc,Industrial,133.34,53.132,NASDAQ GS
8/2/00,IAWK US,iAsiaWorks Inc,117,13,-26.92307663,9000000.00,Goldman Sachs,Communications,510.4,, 
8/2/00,DGEN US,Deltagen Inc,105,15,26.66666603,7000000.00,"BofA Securities, Citi","Consumer, Non-cyclical",432.07,,OTC US
8/2/00,355676Q US,Rosetta Inpharmatics LLC,100.8,14,27.6785717,7200000.00,Lehman Brothers,"Consumer, Non-cyclical",406.48,, 
8/2/00,RSNT US,Resonate Inc,84,21,72.02381134,4000000.00,Goldman Sachs,Technology,541.37,, 
8/2/00,SGSF US,Signalsoft Corp,74.8,17,28.6764698,4400000.00,Citi,Technology,387.954,, 
8/2/00,ISPH US,Inspire Pharmaceuticals Inc,66,12,25,5500000.00,"JP Morgan, Deutsche Bank","Consumer, Non-cyclical",291.77,, 
8/2/00,380406Q US,Pinnacor Inc,60,12,-12.5,5000000.00,UBS,Technology,427.4,, 
8/2/00,MICU US,Vicuron Pharmaceuticals Inc,50.6,11,-9.943181992,4600000.00,Lehman Brothers,"Consumer, Non-cyclical",242.435,1.31E-05, 
8/2/00,ERMS US,eRoomSystem Technologies Inc,11.7,6.5,-5.769230843,1800000.00,THCG Inc,Technology,42.9,, 
8/1/00,EVC US,Entravision Communications Corp,759,16.5,15.15151501,46000000.00,"UBS, BofA Securities",Communications,1707.9,62.0003,New York
8/1/00,CPKI US,California Pizza Kitchen Inc,79.5,15,35,5300000.00,"BofA Securities, Deutsche Bank","Consumer, Cyclical",269.96,0.329195, 
8/1/00,GNSC US,Genaissance Pharmaceuticals Inc,78,13,23.55769157,6000000.00,Deutsche Bank,"Consumer, Non-cyclical",280.57,, 
8/1/00,1384851D US,OPNET Technologies Inc,52,13,42.30769348,4000000.00,Morgan Stanley,Technology,224.99,, 
7/31/00,SPWX US,SpeechWorks International Inc,95,20,183.75,4750000.00,JP Morgan,Technology,579.98,0.000767671, 
7/31/00,PROXQ US,Proxim Corp,90,12,16.66666603,7500000.00,Citi,Communications,620.88,0.00122846, 
7/31/00,CDWD US,Cloudward Inc,50,10,0.625,5000000.00,"Deutsche Bank, Citi",Communications,284.007,, 
7/31/00,VIRL US,Virage Logic LLC,45,12,3.645833254,3750000.00,Lehman Brothers,Technology,226.05,, 
7/31/00,CVGP US,Convergent Group Corp,35,7,0,5000000.00,BofA Securities,Technology,304.25,, 
7/31/00,PUBB US,Pacific Union Bank,22.5,7.5,5,3000000.00,Sandler O'Neill & Partners,Financial,0,, 
7/28/00,ARNA US,Arena Pharmaceuticals Inc,108,18,38.88888931,6000000.00,,"Consumer, Non-cyclical",377.939,7.88591, 
7/28/00,KRX LN,Keryx Biopharmaceuticals Inc,52.2556,662,5.740181446,4600000.00,"Roth Capital Partners Inc, WestLB AG","Consumer, Non-cyclical",0,, 
7/27/00,BWNG US,Broadwing Corp,1138.5,36,135.3298645,31625000.00,UBS,Communications,12055.6,0.000276808, 
7/27/00,SOAP US,Soapstone Networks Inc,217,31,212.0967712,7000000.00,Morgan Stanley,Communications,1396.17,, 
7/27/00,1813314D US,Danisco US Inc/California,126,18,20.13888931,7000000.00,"BofA Securities, JP Morgan, UBS, Citi","Consumer, Non-cyclical",1059.42,, 
7/27/00,ILMN US,Illumina Inc,96,16,144.8242188,6000000.00,Goldman Sachs,"Consumer, Non-cyclical",488.658,126.034,NASDAQ GS
7/27/00,LXNT US,Lexent Inc,90,15,70.41666412,6000000.00,UBS,Communications,595.42,, 
7/27/00,WEBX US,Cisco WebEx LLC,49,14,136.1607208,3500000.00,"Goldman Sachs, Deutsche Bank, Wit Soundview, CIBC",Technology,505.75,, 
7/27/00,KERX US,Keryx Biopharmaceuticals Inc,46,10,0.625,4600000.00,"WestLB AG, Gruntal & Co, Roth Capital Partners Inc","Consumer, Non-cyclical",188.23,, 
7/27/00,VLCT US,ValiCert Inc,40,10,18.75,4000000.00,"BofA Securities, Deutsche Bank",Technology,218.51,, 
7/26/00,INFIQ US,Infinity Pharmaceuticals Inc,90,18,9.722222328,5000000.00,"Lehman Brothers, JP Morgan","Consumer, Non-cyclical",403.87,0.111641,OTC US
7/26/00,AMEV US,Applied Molecular Evolution Inc,88.35,19,62.5,4650000.00,CIBC,"Consumer, Non-cyclical",402.838,, 
7/26/00,2065469D US,Mainspring Inc,48,12,,4000000.00,Morgan Stanley,Communications,213.031,, 
7/26/00,1948550D US,Rita Medical Systems Inc,43.2,12,19.79166603,3600000.00,"Citi, BofA Securities","Consumer, Non-cyclical",162.47,, 
7/24/00,723068Q US,Blue Martini Software Inc,150,20,173.90625,7500000.00,,Communications,1348.47,, 
7/24/00,ILND US,Interland Inc/Old,60,12,-25.52083397,5000000.00,JP Morgan,Communications,557.19,, 
7/24/00,RNDC US,Raindance Communications Inc,56,8,1.5625,7000000.00,"BofA Securities, Stifel, Citi",Communications,493.12,, 
7/20/00,CRIO US,Corio Inc,140,14,40.625,10000000.00,Goldman Sachs,Technology,686,, 
7/20/00,VGNX US,Variagenics Inc,70,14,75,5000000.00,"TD Securities, JP Morgan, UBS","Consumer, Non-cyclical",311.05,, 
7/20/00,0820558D US,Talarian Corp,67.2,16,42.1875,4200000.00,Lehman Brothers,Technology,301.68,, 
7/19/00,2554116D US,Airspan Networks Inc,82.5,15,113.0208359,5500000.00,"UBS, Deutsche Bank, Lehman Brothers, US Bancorp",Communications,499.22,, 
7/19/00,VASC US,Vascular Solutions LLC,42,12,34.89583206,3500000.00,Citi,"Consumer, Non-cyclical",140.615,, 
7/18/00,AGNT US,Argonaut Technologies Inc,69,15,56.25,4600000.00,UBS,"Consumer, Non-cyclical",245.93,, 
7/18/00,SPRT US,Support.com Inc,68.425,14,133.0357208,4250000.00,UBS,Communications,467.81,, 
7/17/00,PRPO US,Precipio Inc,67.2,15,60,4480000.00,JP Morgan,"Consumer, Non-cyclical",259.5,18.0323,NASDAQ CM
7/13/00,FLNA US,Filana Therapeutics Inc,69,12,82.29166412,5000000.00,Stifel,"Consumer, Non-cyclical",309.93,28.4364,NASDAQ CM
7/13/00,OVTI US,OmniVision Technologies Inc,65,13,161.5384674,5000000.00,BofA Securities,Technology,274.42,, 
7/12/00,NEI US,Unicom Engineering Inc,110.5,17,70.58823395,6500000.00,UBS,Communications,555.45,, 
7/12/00,TNSIZ US,Triton Network Systems Inc,82.5,15,156.25,5500000.00,UBS,Communications,947.43,, 
7/12/00,IMNY US,Revitas Inc,67.5,9,38.71527863,7500000.00,BofA Securities,Technology,276.88,, 
7/12/00,SRTI US,SRTI BlockChain Generation Inc,60,15,168.75,4000000.00,JP Morgan,Technology,743.68,, 
7/12/00,9991111D CN,Maxar Technologies Ltd,37.828,14,8.214285851,4000000.00,RBC Capital Markets,Communications,0,, 
7/11/00,DVINQ US,Divine Inc,128.565,9,-2.430555582,14285000.00,BofA Securities,Communications,5499.12,0.096664, 
7/10/00,ACLS US,Axcelis Technologies Inc,375.1,22,8.806818008,15500000.00,"Morgan Stanley, Goldman Sachs",Technology,2135.1,106.177,NASDAQ GS
7/10/00,ENTG US,Entegris Inc,143,11,1.704545498,13000000.00,"BofA Securities, UBS, Citi, US Bancorp",Technology,737.1,117.764,NASDAQ GS
7/4/00,WAYS US,Wave Sync Corp,31.5,21,-96.57737732,1500000.00,Kemper Securities,Basic Materials,0,5.17538,OTC US
7/4/00,QTI OF,Water Intelligence PLC,0.77865,30,,1666700.00,,Utilities,0,, 
6/29/00,1121454D US,StorageNetworks Inc,243,27,234.2592621,9000000.00,Goldman Sachs,Technology,2383.05,0.00660204, 
6/29/00,IGOI US,iGO Inc,48,12,8.333333015,4000000.00,Deutsche Bank,Technology,152.311,, 
6/29/00,1088161D SW,Invenda Corp,42.883,19,10.52631569,3700000.00,Swissfirst Bank AG,Communications,0,, 
6/28/00,CGRNQ US,Capstone Green Energy Corp,145.455,16,199.9023438,9090910.00,Goldman Sachs,Industrial,1198.3,9.70526, 
6/28/00,BBT US,Beacon Financial Corp,71.0533,10,22.5,7105330.00,Sandler O'Neill & Partners,Financial,0,98.6794,New York
6/28/00,378377Q US,Carescience Inc,48,12,-16.53645897,4000000.00,Deutsche Bank,"Consumer, Non-cyclical",152.616,, 
6/28/00,2230247Q US,Virage Inc,38.5,11,53.40909195,3500000.00,UBS,Technology,239.8,, 
6/27/00,GENUQ US,Genuity Inc,1913.04,11,-14.48863602,173913000.00,"Morgan Stanley, Citi",Communications,2124.86,, 
6/26/00,STLW US,Stratos International LLC,183.75,21,62.5,8750000.00,Lehman Brothers,Communications,1318.38,, 
6/26/00,9995577D US,Marvell Technology Group Ltd,90,15,277.5,6000000.00,Goldman Sachs,Technology,1233.17,0.00506467, 
6/26/00,2987544Q US,eFunds Corp,71.5,13,0,5500000.00,Lehman Brothers,Technology,601.25,9.04E-05, 
6/26/00,CKCM US,Click Commerce Inc,50,10,76.25,5000000.00,Morgan Stanley,Communications,371.85,, 
6/26/00,BUSY US,Busybox Com Inc,12.5,5,11.25,2500000.00,Barron Chase Securities,Communications,0,, 
6/24/00,MHJG NM,Spark Networks Inc,21.1117,7.5,-20.93333244,3000000.00,Deutsche Bank,Communications,0,, 
6/22/00,CRL US,Charles River Laboratories International Inc,224,16,37.5,14000000.00,UBS,"Consumer, Non-cyclical",517.126,111.354,New York
6/22/00,MSV US,Manufacturers Services Ltd,176,16,32.8125,11000000.00,"BofA Securities, Stifel, UBS",Industrial,495.16,, 
6/22/00,OCNW US,Occam Networks Inc,60,15,219.1666718,4000000.00,UBS,Communications,746.81,, 
6/22/00,QBAK US,Qualstar Corp,17.5,7,10.26785755,2500000.00,"Needham Group Inc/The, Wells Fargo",Technology,87.68,,OTC US
6/20/00,2295243D US,Handspring Inc,200,20,34.6875,10000000.00,UBS,Technology,2505.08,0.00295205, 
6/20/00,CPHD US,Cepheid,30,6,50,5000000.00,UBS,"Consumer, Non-cyclical",153.09,, 
6/15/00,DNDNQ US,Dendreon Corp,45,10,-3.125,4500000.00,Prudential Financial Inc,"Consumer, Non-cyclical",207.56,, 
6/14/00,OSCA US,OSCA Inc,86.8,15.5,13.7096777,5600000.00,"Citi, Morgan Stanley, Salans ZAO",Energy,86.8,, 
6/14/00,ECMN US,eChapman Inc,16.38,13,-43.26922989,1260000.00,Chapman Co,Financial,193.632,, 
6/13/00,TZMT US,Telzuit Medical Technologies Inc,10.4,8,6.25,1300000.00,Noble Financial Group Inc,"Consumer, Non-cyclical",58.4,, 
6/12/00,ISRG US,Intuitive Surgical Inc,45,9,0.347222209,5000000.00,Lehman Brothers,"Consumer, Non-cyclical",336.86,87.9109,NASDAQ GS
6/8/00,CYH US,Community Health Systems Inc,243.75,13,5.288461685,18750000.00,BofA Securities,"Consumer, Non-cyclical",967.17,76.7191,New York
6/6/00,UPCS US,UbiquiTel Inc,100,8,-3.90625,12500000.00,UBS,Communications,518.11,, 
6/6/00,GCFBU US,Granite City Food & Brewery Ltd,4.125,4.125,0,1000000.00,Miller Johnson Steichen Kinnard Inc,"Consumer, Cyclical",0,, 
6/1/00,EXLT US,Exult Inc,60,10,0,6000000.00,BofA Securities,"Consumer, Non-cyclical",925.3,0.000177485, 
5/31/00,NRG US,NRG Energy Inc,422.55,15,28.33333397,28170000.00,"UBS, Citi",Utilities,0,90.0372,New York
5/31/00,ONIS US,Oni Systems Corp,200,25,230.25,8000000.00,Goldman Sachs,Communications,3060.12,, 
5/31/00,CWLD US,Crossworlds Software Inc,40,10,1.25,4000000.00,JP Morgan,Communications,249.242,, 
5/30/00,316623Q US,NRG Energy Inc/Old,422.55,15,10.83333302,28170000.00,Citi,Utilities,422.55,, 
5/30/00,SCRX US,Shionogi Pharma Inc,30.4,8,0,3800000.00,JP Morgan,"Consumer, Non-cyclical",98.72,0.0193962, 
5/24/00,9993333D US,Sonus Inc,115,23,119.5652161,5000000.00,Goldman Sachs,Technology,1389.68,, 
5/24/00,2894314Q US,Sirenza Microdevices Inc,48,12,28.125,4000000.00,Deutsche Bank,Communications,307.53,, 
5/23/00,3109386Q US,Universal Compression Holdings Inc,154,22,0.284090906,7000000.00,BofA Securities,Energy,285.611,, 
5/23/00,CTLM US,Centillium Communications Inc,76,19,20.39473724,4000000.00,UBS,Industrial,578.91,0.0258848, 
5/22/00,ICST US,Integrated Circuit Systems Inc,162.5,13,-7.692307472,12500000.00,UBS,Technology,835.27,, 
5/18/00,PXLW US,Pixelworks Inc,57.5,10,8.90625,5750000.00,"Deutsche Bank, Citi",Technology,355.04,24.6158,NASDAQ CM
5/18/00,CSAV US,Coolsavings Inc,23.1,7,-20.9821434,3300000.00,JP Morgan,Communications,270.75,, 
5/17/00,IBEMQ US,iBEAM Broadcasting Corp,110,10,40,11000000.00,"Morgan Stanley, JP Morgan, BofA Securities",Communications,1059.44,, 
5/17/00,NUFO US,Oclaro Photonics Inc,100,20,155,5000000.00,UBS,Communications,992.78,7.87E-05, 
5/17/00,UNWR US,US Unwired Inc,88,11,0.568181813,8000000.00,UBS,Communications,0,, 
5/17/00,NGTC US,Nogatech Inc,42,12,-21.61458397,3500000.00,"ING Groep, WR Hambrecht + Co LLC",Technology,176.82,, 
5/16/00,ALMG US,Alamogordo Financial Corp,3.57,10,2.5,357000.00,Stifel,Financial,16.86,, 
5/11/00,SQSW US,Sequoia Software Corp,33.6,8,25.78125,4200000.00,Lehman Brothers,Communications,217.57,, 
5/5/00,0556728D US,Cogenics Icoria Inc,35,7,1.785714269,5000000.00,JP Morgan,"Consumer, Non-cyclical",167.38,, 
5/4/00,GNSL US,Genomic Solutions Inc,56,8,4.6875,7000000.00,UBS,"Consumer, Non-cyclical",181.751,, 
5/4/00,ORCH US,Orchid Cellmark Inc,48,8,36.71875,6000000.00,UBS,"Consumer, Non-cyclical",271.99,, 
5/3/00,CRWN US,Crown Media Holdings Inc,140,14,0,10000000.00,UBS,Communications,410.61,, 
5/1/00,OTIX US,OTIX Global Inc,50.4,14,50.8928566,3600000.00,Goldman Sachs,"Consumer, Non-cyclical",264.8,, 
5/1/00,2261249D US,Monogram Biosciences Inc,35,7,4.464285851,5000000.00,CIBC,"Consumer, Non-cyclical",137.81,, 
4/27/00,ON US,ON Semiconductor Corp,552,16,37.109375,30000000.00,Morgan Stanley,Technology,2738.67,115.457,NASDAQ GS
4/27/00,SBYN US,Seebeyond Technology Corp,48,12,48.95833206,4000000.00,Morgan Stanley,Communications,808.08,0.0114016, 
4/26/00,AWE US,New Cingular Wireless Services Inc,10620,29.5,7.838983059,360000000.00,"Goldman Sachs, BofA Securities, Citi",Communications,10620,0.000340715, 
4/26/00,2521572D US,Praecis Pharmaceuticals Inc,80,10,10,8000000.00,"CIBC, UBS, Citi","Consumer, Non-cyclical",399.665,0.0119532, 
4/26/00,MTWVQ US,Metawave Communications Corp,56.25,9,50.69444275,6250000.00,BofA Securities,Communications,331.6,, 
4/19/00,PBSC US,Packard Bioscience Co,108,9,1.388888836,12000000.00,BofA Securities,Industrial,542.72,, 
4/19/00,1379842D US,Embarcadero Technologies Inc,42,10,60,4200000.00,UBS,Technology,257.2,, 
4/19/00,ROFO US,Rockford Corp/Arizona,32.45,11,0,2950000.00,RBC Capital Markets,Industrial,81.0025,, 
4/19/00,PECS US,Pec Solutions Inc,28.5,9.5,-5.263157845,3000000.00,UBS,Technology,213.36,, 
4/12/00,652404Q US,Nuance Communications Inc/Old,76.5,17,99.63235474,4500000.00,Goldman Sachs,Technology,466.93,0.00368386, 
4/12/00,SSVG US,Stratus Services Group Inc,7.8,6,16.66666603,1300000.00,Hornblower & Weeks,"Consumer, Non-cyclical",34.8,, 
4/11/00,2942739Q US,Port Financial Corp,74.4282,10,10,7442820.00,Stifel,Financial,0,, 
4/11/00,0959089D US,Corillian Corp,32,8,6.25,4000000.00,UBS,Financial,236.2,, 
4/11/00,FFOL US,First Federal of Olathe Bancorp Inc,5.56328,10,26.25,556328.00,KeyBanc Capital Markets,Financial,0,, 
4/10/00,DDICQ US,DDI Corp/Old,168,14,-19.6428566,12000000.00,"BofA Securities, UBS",Industrial,579.16,, 
4/10/00,EXEL US,Exelixis Inc,118.3,13,16.82692337,9100000.00,Goldman Sachs,"Consumer, Non-cyclical",524.5,103.794,NASDAQ GS
4/10/00,HSTM US,HealthStream Inc,45,9,-5.555555344,5000000.00,BofA Securities,Communications,170.915,74.9724,NASDAQ GS
4/6/00,LXRX US,Lexicon Pharmaceuticals Inc,220,22,-14.77272701,10000000.00,"UBS, JP Morgan, RBC Capital Markets, Ladenburg Thalmann & Co","Consumer, Non-cyclical",1045.33,68.4274,NASDAQ CM
4/6/00,TNOX US,Tanox Inc,213.75,28.5,0,7500000.00,CIBC,"Consumer, Non-cyclical",1162.49,0.0011595, 
4/6/00,1574849D US,Purple Communications Inc,160,16,0,10000000.00,"Wit Soundview, US Bancorp, JP Morgan","Consumer, Non-cyclical",754.19,, 
4/6/00,1529158D US,Numerical Technologies Inc,77.476,14,154.0178528,5534000.00,UBS,Technology,407.15,, 
4/6/00,2241483Q US,Artemis International Solutions Corp,77,10,25,7700000.00,BofA Securities,Communications,499.735,, 
4/6/00,2347450D US,Saba Software Inc,60,15,120,4000000.00,Goldman Sachs,Technology,642.77,0.0172063, 
4/6/00,SGMO US,Sangamo Therapeutics Inc,52.5,15,0.416666657,3500000.00,"JP Morgan, ING Groep, William Blair & Co LLC, Lehman Brothers","Consumer, Non-cyclical",334.5,16.3823,NASDAQ CM
4/6/00,LPSN US,LivePerson Inc,32,8,18.75,4000000.00,JP Morgan,Technology,234.72,32.811,NASDAQ GS
4/5/00,IIIM US,I3 Mobile Inc,81.6,16,56.25,5100000.00,"UBS, JP Morgan, Deutsche Bank",Communications,355,, 
4/5/00,EBMT US,Eagle Bancorp Montana Inc,6.8684,8,6.25,858550.00,Stifel,Financial,0,54.7379,NASDAQ GM
4/4/00,MET US,MetLife Inc,2878.5,14.25,8.771929741,202000000.00,"Goldman Sachs, UBS",Financial,11841.8,95.6996,New York
4/4/00,VYYO US,Javelin Innovations Inc,91.125,13.5,50,6750000.00,"BofA Securities, CIBC, RBC Capital Markets, WR Hambrecht + Co LLC",Communications,454.91,, 
4/4/00,KKD US,Krispy Kreme Doughnuts Inc,63,21,76.19047546,3000000.00,Deutsche Bank,"Consumer, Cyclical",262.185,, 
4/4/00,1886994D US,ORATEC Interventions Inc,56,14,83.0357132,4000000.00,BofA Securities,"Consumer, Non-cyclical",286.875,, 
4/4/00,ULCM US,Ulticom Inc,55.25,13,53.84615326,4250000.00,Lehman Brothers,Technology,480.7,, 
4/3/00,CCMP US,CMC Materials LLC,80,20,24.375,4000000.00,Goldman Sachs,Technology,459.79,11.1143, 
4/3/00,VVC US,Vectren Corp,0,0,,,,Utilities,0,, 
3/30/00,ARPT US,ArrowPoint Communications Inc,170,34,248.4834595,5000000.00,Goldman Sachs,Communications,1095.43,, 
3/30/00,CNVR US,Conversant Inc,76,19,10.19736862,4000000.00,Goldman Sachs,Communications,519.971,, 
3/30/00,IW/U US,ImageWare Systems Inc,15,8,12.5,1875000.00,Paulson Investment Co Inc,Technology,21.24,, 
3/30/00,PCBI US,Peoples Community Bancorp Inc,11.9,10,14.375,1190000.00,Stifel,Financial,0,, 
3/29/00,2599359D US,Luminex Corp,76.5,17,34.55882263,4500000.00,UBS,"Consumer, Non-cyclical",453.49,, 
3/28/00,TLCT US,DirecTV Broadband Inc,132,12,10.41666698,11000000.00,"Wit Soundview, BofA Securities, UBS",Communications,0,, 
3/27/00,RDEA US,Ardea Biosciences Inc,112.5,15,5,7500000.00,Deutsche Bank,"Consumer, Non-cyclical",428.72,, 
3/27/00,ALTH US,Allos Therapeutics Inc,90,18,-27.77777863,5000000.00,TD Securities,"Consumer, Non-cyclical",410.4,, 
3/27/00,WBSN US,Websense LLC,72,18,165.277771,4000000.00,JP Morgan,Communications,349.2,, 
3/27/00,ARTD US,Artistdirect Inc,60,12,-21.61458397,5000000.00,Morgan Stanley,Communications,447.558,, 
3/27/00,MFLO US,Moldflow Corp,39,13,17.30769157,3000000.00,"Canaccord Genuity, AG Edwards & Sons LLC",Technology,118.06,, 
3/23/00,VSGIQ US,Viasystems Group Inc/Old,924,21,-8.333333015,44000000.00,"JP Morgan, UBS, Morgan Stanley",Industrial,0,, 
3/23/00,334454Q US,eMachines Inc,180,9,-8.333333015,20000000.00,UBS,Technology,0,, 
3/23/00,ITMN US,InterMune Inc,125,20,25,6250000.00,UBS,"Consumer, Non-cyclical",0,, 
3/23/00,SLAB US,Silicon Laboratories Inc,99.2,31,123.7903214,3200000.00,Morgan Stanley,Technology,1443.92,95.7322,NASDAQ GS
3/23/00,370240Q US,Eprise Corp,60,15,68.33333588,4000000.00,Deutsche Bank,Communications,344.15,, 
3/23/00,DGLHQ US,Digital Lighthouse Corp,54,12,3.125,4500000.00,JP Morgan,Technology,217.64,, 
3/22/00,1008517Q US,Blaze Software Inc,64,16,73.4375,4000000.00,BofA Securities,Communications,341.11,, 
3/21/00,833554Q US,PartsBase Inc,45.5,13,-12.5,3500000.00,"Pennsylvania Merchant Group, Roth Capital Partners Inc",Industrial,176.637,, 
3/21/00,366210Q US,Insilicon Corp,42,12,79.6875,3500000.00,BofA Securities,Technology,385.8,, 
3/20/00,ACLA US,Aclara BioSciences Inc,189,21,52.97618866,9000000.00,"UBS, Deutsche Bank","Consumer, Non-cyclical",654.633,, 
3/20/00,SCOXQ US,SCO Group Inc/The,70,14,110.2678604,5000000.00,BofA Securities,Technology,535.04,, 
3/20/00,IGNX US,IGN Entertainment Inc/Old,68.75,11,39.20454407,6250000.00,Goldman Sachs,Communications,409.695,, 
3/16/00,UAXSQ US,Universal Access Global Holdings Inc,154,14,164.2857208,11000000.00,Goldman Sachs,Communications,1187.33,0.00048, 
3/16/00,TPTI US,TippingPoint Technologies Inc,144,18,22.56944466,8000000.00,UBS,Communications,1087.85,, 
3/16/00,499711Q US,Uproar Inc,84.7,33.88,-21.04486656,2500000.00,Citi,Communications,0,, 
3/16/00,IISX US,Integrated Information Systems Inc,69,15,39.58333206,4600000.00,BofA Securities,Communications,300.772,, 
3/15/00,8766227Q US,ImproveNet Inc,44.16,16,-11.71875,2760000.00,UBS,Communications,0,, 
3/14/00,LOUD US,Loudeye Corp,72,16,150,4500000.00,BofA Securities,Technology,557.71,, 
3/14/00,LNCMQ US,Lenco Mobile Inc,9,9,2.777777672,1000000.00,Ladenburg Thalmann & Co,Communications,19.8,, 
3/13/00,3023927Q US,Digitas Inc,223.2,24,22.91666603,9300000.00,Morgan Stanley,Communications,1365.68,0.000554848, 
3/13/00,CSTI US,Costar Technologies Inc/NJ,85,17,185.2941132,5000000.00,Deutsche Bank,Industrial,451.454,, 
3/9/00,HOMG US,HomeGrocer.com Inc,264,12,17.70833397,22000000.00,Morgan Stanley,Communications,0,, 
3/9/00,DTRM US,Determine Inc,120,30,370.78125,4000000.00,UBS,Technology,1036.69,20.9923, 
3/9/00,OTGS US,OTG Software Inc,95,19,195.7236786,5000000.00,UBS,Technology,484.048,, 
3/8/00,OPHM US,OraPharma Inc,72,18,73.6111145,4000000.00,BofA Securities,"Consumer, Non-cyclical",226.741,, 
3/7/00,VRDOQ US,Verado Holdings Inc,170,17,47.05882263,10000000.00,Lehman Brothers,Communications,843.338,, 
3/7/00,IPRT US,Iprint Technologies Inc,45,10,57.5,4500000.00,UBS,Technology,289.067,, 
3/6/00,NTKKQ US,NET2000 Communications Inc,200,20,75.3125,10000000.00,Goldman Sachs,Communications,697.25,, 
3/2/00,1435766D US,Register.com Inc,120,24,138.5416718,5000000.00,Deutsche Bank,Communications,738.226,, 
3/2/00,VATA US,Versata Inc,92.4,24,286.4583435,3850000.00,Stifel,Financial,911.251,, 
3/2/00,377089Q US,Prime Response Inc,63,18,32.63888931,3500000.00,BofA Securities,Communications,0,, 
3/1/00,PALM US,Palm Inc,874,38,150.1644745,23000000.00,Goldman Sachs,Technology,21315,0.00811887, 
3/1/00,SBMC US,Connecticut Bancshares Inc/de,104,10,2.5,10400000.00,Sandler O'Neill & Partners,Financial,0,, 
3/1/00,SWBD US,Switchboard Inc,82.5,15,78.75,5500000.00,BofA Securities,Communications,355.746,, 
2/29/00,ONVI US,Onvia Inc,168,21,192.8571472,8000000.00,UBS,Communications,1655.8,, 
2/29/00,984185Q US,Matrixone Inc,125,25,195.25,5000000.00,Goldman Sachs,Communications,953.955,, 
2/28/00,NIKU US,Niku Corp,192,24,187.5,8000000.00,Goldman Sachs,Technology,1657.06,, 
2/28/00,AQNT US,aQuantive Inc,126,24,200,5250000.00,Morgan Stanley,Communications,1336.15,, 
2/28/00,NTGX US,Net.Genesis Corp,76.5,18,215.625,4250000.00,"Deutsche Bank, JP Morgan",Communications,368.28,, 
2/24/00,ISIL US,Renesas Electronics America Inc,500,25,116,20000000.00,"Citi, UBS",Technology,2262.1,0.0324149, 
2/24/00,3518429Q US,Hotels.com,86.4,16,62.5,5400000.00,UBS,"Consumer, Cyclical",870.384,, 
2/24/00,DTHK US,Digitalthink Inc,61.6,14,107.1428604,4400000.00,UBS,Communications,464.006,, 
2/22/00,1902177D US,Nextel Partners Inc,470,20,50.625,23500000.00,Goldman Sachs,Communications,3178.56,0.00510317, 
2/17/00,1638709D US,Inforte Corp,64,32,127.9296875,2000000.00,Goldman Sachs,Technology,375.078,, 
2/17/00,EZAU US,EZ Auctions and Shipping Inc,7,7,6.25,1000000.00,Kashner Davidson,Communications,21,, 
2/16/00,CWONQ US,One Communications Corp,142.9,20,47.8125,7145000.00,Morgan Stanley,Communications,598.76,, 
2/16/00,APRS US,Apropos Technology Inc,81.4,22,109.0909119,3700000.00,JP Morgan,Communications,291.392,, 
2/16/00,52245Q US,Eloquent Inc,72,16,100,4500000.00,US Bancorp,Communications,270.677,, 
2/16/00,WFSM US,Westborough Financial Services Inc,15.8137,10,2.5,1581370.00,KeyBanc Capital Markets,Financial,0,, 
2/15/00,2960654Q US,LendingTree Inc/old,43.8,12,50,3650000.00,BofA Securities,Communications,206.58,, 
2/14/00,SVVS US,SAVVIS Inc,408,24,0,17000000.00,"BofA Securities, Morgan Stanley",Technology,2222.66,, 
2/14/00,VRNM US,BASF Enzymes LLC,174,24,212.5,7250000.00,JP Morgan,"Consumer, Non-cyclical",787.474,, 
2/14/00,2096692D US,Chordiant Software Inc,81,18,119.0972214,4500000.00,BofA Securities,Technology,626.729,0.000704801, 
2/14/00,2557200D US,Varsity Group Inc/DC,40.75,10,-1.25,4075000.00,BofA Securities,Communications,156,, 
2/14/00,VMDC US,Vantagemed Corp,36,12,-16.14583397,3000000.00,BofA Securities,Technology,103.781,, 
2/14/00,ERBA US,ERBA Diagnostics Inc,32,8,1.5625,4000000.00,Ladenburg Thalmann & Co,"Consumer, Non-cyclical",52.321,, 
2/14/00,SDRV US,Stardrive Solutions Inc,16.8,12,54.16666794,1400000.00,Joseph Gunnar & Co,Communications,33.6,, 
2/14/00,JMIC US,Jeremy's Microbatch Ice Creams Inc,7.2,6,6.25,1200000.00,First Montauk Corp,"Consumer, Non-cyclical",0,, 
2/10/00,VNWI US,Via Net.Works Inc,300.3,21,137.2023773,14300000.00,UBS,Communications,1177.44,, 
2/10/00,3208542Q US,Software AG USA Inc,143.5,35,507.5,4100000.00,Morgan Stanley,Technology,1092.7,, 
2/10/00,BBGI US,Beasley Broadcast Group Inc,106.175,15.5,-8.870967865,6850000.00,UBS,Communications,0,24.3877,NASDAQ CM
2/10/00,IPETZ US,IPET Holdings Inc / Private,82.5,11,0,7500000.00,BofA Securities,Communications,290.316,, 
2/10/00,LNTE US,Lante Corp,80,20,174.6875,4000000.00,UBS,Technology,769.798,, 
2/10/00,FRGO US,Fargo Electronics Inc,75,15,0.833333314,5000000.00,Prudential Financial Inc,Industrial,176.484,, 
2/9/00,CYCO US,Cypress Communications Inc,170,17,20.58823586,10000000.00,JP Morgan,Communications,779.559,, 
2/9/00,OGNC US,Organic Inc,110,20,99.6875,5500000.00,Goldman Sachs,Technology,1577.14,, 
2/9/00,QVDX US,Healthvision,90,18,76.3888855,5000000.00,BofA Securities,Technology,276.628,, 
2/9/00,715097Q US,Lightspan Inc,90,12,12.5,7500000.00,UBS,Technology,481.9,, 
2/9/00,WITS US,Witness Systems Inc,76,20,100.3125,3800000.00,JP Morgan,Technology,421.592,, 
2/9/00,AUSA US,Access Plans USA Inc,6,6,22.91666603,1000000.00,Barron Chase Securities,"Consumer, Non-cyclical",13.2,, 
2/8/00,VCNT US,Vicinity Corp,119,17,186.7647095,7000000.00,JP Morgan,Communications,412,, 
2/8/00,0404579D US,Landacorp Inc,35,10,59.375,3500000.00,JP Morgan,Technology,132.599,, 
2/7/00,BUYX US,Buy.com Inc/Old,182,13,93.2692337,14000000.00,BofA Securities,Communications,1678.82,, 
2/7/00,FSSTQ US,Fastnet Corp,48,12,38.54166794,4000000.00,ING Groep,Communications,172.667,, 
2/3/00,1292387D US,Dobson Communications Corp,550,22,5.113636494,25000000.00,"BofA Securities, Lehman Brothers",Communications,1941.57,0.00900227, 
2/3/00,MCCC US,Mediacom Communications Corp,380,19,0,20000000.00,"UBS, Citi",Communications,1710,, 
2/3/00,AVNX US,Oclaro North America Inc,216,36,377.777771,6000000.00,Morgan Stanley,Communications,2251.05,0.000903691, 
2/3/00,2679945Q US,Therma-Wave Inc,180,20,85,9000000.00,"Lehman Brothers, BofA Securities",Technology,304.504,, 
2/3/00,EMRG US,eMerge Interactive Inc,120,15,215,8000000.00,Canaccord Genuity,Communications,483.493,2.48E-05, 
2/3/00,827691Q US,Firepond Inc/Old,110,22,355.6818237,5000000.00,BofA Securities,Communications,714.685,, 
2/3/00,AGEN US,Agenus Inc,63,18,240.972229,3500000.00,US Bancorp,"Consumer, Non-cyclical",426.886,26.541,NASDAQ CM
2/3/00,INVT US,Inventergy Global Inc,43.2,12,91.66666412,3600000.00,Needham Group Inc/The,Technology,135.778,0.000927079, 
2/3/00,WQNI US,WQN Inc,35.75,13,111.0576935,2750000.00,Kaufman Bros LP,Communications,74.048,,OTC US
2/2/00,3539245Q US,Alamosa Holdings Inc,182.138,17,65.80882263,10714000.00,"Lehman Brothers, Citi",Communications,1015.71,, 
2/2/00,1510484D US,Centra Software Inc,70,14,137.5,5000000.00,BofA Securities,Communications,325.501,, 
2/1/00,PRXM US,Proxim Wireless Corp,68,17,179.4117584,4000000.00,UBS,Communications,260.649,0.0535988,OTC US
1/31/00,SQNM US,Sequenom Inc,136.5,26,204.8076935,5250000.00,UBS,"Consumer, Non-cyclical",585.536,, 
1/31/00,0618171D US,Turnstone Systems Inc,87,29,234.4827576,3000000.00,Goldman Sachs,Communications,851.26,0.00138606, 
1/31/00,QEDI US,Quantum Effect Devices Inc,59.52,16,253.125,3720000.00,Morgan Stanley,Communications,414.6,, 
1/31/00,139663Q US,SkillSoft Corp,43.4,14,28.5714283,3100000.00,UBS,Technology,176.11,, 
1/28/00,SVN CN,724 Solutions Inc,43.8032,37.31,177.4055176,1725000.00,BMO Capital Markets,Technology,0,, 
1/27/00,PKG US,Packaging Corp of America,555,12,0,46250000.00,Goldman Sachs,Industrial,1232.7,101.927,New York
1/27/00,SVNX US,724 Solutions Inc,156,26,176.2019196,6000000.00,UBS,Technology,920.4,, 
1/27/00,MAXW US,MaxWorldwide Inc,97.5,15,57.08666611,6500000.00,TD Securities,Communications,286.187,, 
1/27/00,3695043Q US,NATCO Group Inc,75,10,9.380000114,7500000.00,"Citi, Salans ZAO, UBS",Energy,0,, 
1/27/00,CAMZ US,FIS Energy Systems Inc,69.952,16,20.3125,4372000.00,Deutsche Bank,Technology,233.776,, 
1/27/00,ASPM US,Aspect Medical Systems Inc,52.5,15,88.33333588,3500000.00,Morgan Stanley,"Consumer, Non-cyclical",237.986,, 
1/27/00,APL US,Targa Pipeline Partners LP,19.5,13,0,1500000.00,B Riley Financial Inc,Energy,0,, 
1/26/00,JHF US,John Hancock Financial Services Inc,1734,17,3.676470518,102000000.00,Morgan Stanley,Financial,5638.9,0.0728972, 
1/26/00,1297092D US,Infor Global Solutions Massachusetts Inc,80,20,256.25,4000000.00,Deutsche Bank,Technology,436.954,, 
1/25/00,HGAT US,Healthgate Data Corp,41.25,11,6.818181992,3750000.00,TD Securities,Communications,180.9,, 
1/25/00,695534Q US,T/R Systems Inc,30,10,59.38000107,3000000.00,BofA Securities,Technology,115.002,, 
1/24/00,RGCIQ US,Townsquare Media 2010 Inc,136,8.5,0,16000000.00,Prudential Financial Inc,Communications,272.983,, 
1/24/00,NEOF US,Neoforma Inc,91,13,302.884613,7000000.00,BofA Securities,Technology,732.744,0.0147653, 
1/5/00,0715291D CN,Delta Systems Inc,5.31639,2,25,3858050.00,Thomson Kernaghan,Technology,0,, 