Pricing Date,Issuer Ticker,Issuer Name,Offer Size (M),Offer Price,Offer To 1st Close,Initial Pub Offer (Shares Offered),Bookrunner,Industry Sector,Market Cap at Offer (M),Instit Owner (% Shares Out),Primary Exchange
12/22/25,SVAQU US,Silicon Valley Acquisition Corp,215,10,-0.600000024,2.00E+07,Clear Street LLC,Diversified,0,91.2183,NASDAQ GM
12/22/25,SCPQU US,Social Commerce Partners Corp,100,10,0,1.00E+07,BTIG LLC,Diversified,103.5,87.8516,NASDAQ GM
12/17/25,LPCVU US,Launchpad Cadenza Acquisition Corp I,230,10,0,2.00E+07,Cantor Fitzgerald,Diversified,0,93.1472,NASDAQ GM
12/17/25,ADACU US,American Drive Acquisition Co,230,10,0,2.00E+07,Cantor Fitzgerald,Diversified,0,119.742,NASDAQ GM
12/17/25,VHCPU US,Vine Hill Capital Investment Corp II,230,10,0.349999994,2.00E+07,Stifel,Diversified,0,125.305,NASDAQ GM
12/17/25,FJET US,Starfighters Space Inc,40,3.59,136.7688141,1.11E+07,Digital Offering LLC,Industrial,100.026,0.516267,NYSEAmerican
12/16/25,MDLN US,Medline Inc,7204.75,29,41.37931061,2.16E+08,"Banco Santander, Barclays, BMO Capital Markets, BNP Paribas, BofA Securities, Citi, Deutsche Bank, Evercore, Jefferies, JP Morgan, Leerink Partners LLC, Macquarie, Mizuho Financial, Morgan Stanley, Mitsubishi UFJ Financial Group Inc, Piper Sandler & Co, RBC Capital Markets, Societe Generale, TD Se","Consumer, Non-cyclical",0,134.287,NASDAQ GS
12/16/25,CCXIU US,Churchill Capital Corp XI,414,10,2.099999905,3.60E+07,Citi,Diversified,0,104.616,NASDAQ GM
12/16/25,IRHOU US,Iron Horse Acquisition II Corp,230,10,0,2.00E+07,Cantor Fitzgerald,Diversified,230,96.2649,NASDAQ GM
12/16/25,ANDG US,Andersen Group Inc,202.4,16,46.875,1.10E+07,"Deutsche Bank, Robert W Baird & Co, Truist Securities Inc, UBS, Wells Fargo, William Blair & Co LLC, Morgan Stanley","Consumer, Non-cyclical",0,143.083,New York
12/15/25,CRANU US,Crane Harbor Acquisition Corp II,345,10,0.5,3.00E+07,"JonesTrading Institutional Services LLC, Cohen & Co",Diversified,0,84.3869,NASDAQ GM
12/11/25,WLTH US,Wealthfront Corp,484.615,14,1.357142806,3.46E+07,"Citi, JP Morgan, RBC Capital Markets, Wells Fargo, Goldman Sachs",Financial,2047.73,69.7336,NASDAQ GS
12/11/25,KBONU US,Karbon Capital Partners Corp,345,10,0.5,3.00E+07,,Diversified,353.9,98.2148,NASDAQ GM
12/11/25,ITHAU US,ITHAX Acquisition Corp III,230,10,-0.300000012,2.00E+07,Cantor Fitzgerald,Diversified,0,98.5595,NASDAQ GM
12/11/25,TWLVU US,Twelve Seas Investment Co III,172.5,10,0,1.50E+07,Cohen & Co,Diversified,0,87.7393,NASDAQ GM
12/10/25,LMRI US,Lumexa Imaging Holdings Inc,462.5,18.5,0.108108111,2.50E+07,"Capital One Financial, Deutsche Bank, Fifth Third Securities, Jefferies, JP Morgan, Leerink Partners LLC, Raymond James & Associates, Wells Fargo, William Blair & Co LLC, Barclays","Consumer, Non-cyclical",1749.46,34.0783,NASDAQ GS
12/10/25,BLRKU US,Bluerock Acquisition Corp,172.5,10,0,1.50E+07,Cantor Fitzgerald,Diversified,0,95.3358,NASDAQ GM
12/9/25,MESHU US,Meshflow Acquisition Corp,345,10,0.100000002,3.00E+07,Cantor Fitzgerald,Diversified,0,90.6102,NASDAQ GM
12/9/25,CDNL US,Cardinal Infrastructure Group Inc,241.5,21,11.90476227,1.15E+07,"William Blair & Co LLC, Stifel",Industrial,277.594,90.5538,NASDAQ GS
12/5/25,LFACU US,Leapfrog Acquisition Corp,143.75,10,0.100000002,1.25E+07,BTIG LLC,Diversified,143.75,87.4945,NASDAQ GM
12/5/25,REED US,Reed's Inc,10,4,-20.75,2.50E+06,AGP / Alliance Global Partners Corp,"Consumer, Non-cyclical",45.7825,42.4862,NYSEAmerican
12/3/25,NWAX/U US,New America Acquisition I Corp,345,10,3.5,3.00E+07,"D Boral Capital LLC, Dominari Securities LLC",Diversified,351,71.6615,New York
12/3/25,SAC/U US,Safeguard Acquisition Corp,230,10,0.600000024,2.00E+07,Jefferies,Diversified,237,88.794,New York
12/3/25,HYNE US,Hoyne Bancorp Inc,79.35,10,40,7.94E+06,Stifel,Financial,0,12.8554,NASDAQ CM
12/2/25,SBXE/U US,SilverBox Corp V,276,10,0.400000006,2.40E+07,Banco Santander,Diversified,0,93.9682,New York
12/2/25,GPACU US,General Purpose Acquisition Corp,230,10,0,2.00E+07,Jefferies,Diversified,430,94.896,NASDAQ GM
12/2/25,PARK US,Park Dental Partners Inc,19.955,13,-21.15384674,1.54E+06,"Craig-Hallum Capital Group Ltd, Northland Securities Group LLC","Consumer, Non-cyclical",54.0331,63.6824,NASDAQ CM
12/1/25,BIXIU US,Bitcoin Infrastructure Acquisition Corp Ltd,220,10,0.100000002,2.00E+07,Cohen & Co,Diversified,0,55.4186,NASDAQ GM
11/25/25,SCIIU US,SC II Acquisition Corp,172.5,10,0.400000006,1.50E+07,D Boral Capital LLC,Diversified,152.55,89.1982,NASDAQ GM
11/24/25,IGACU US,Invest Green Acquisition Corp,172.5,10,0.100000002,1.50E+07,Cohen & Co,Diversified,249.159,68.1806,NASDAQ GM
11/19/25,CBC US,Central BanCo Inc,429.339,21,9.380952835,1.78E+07,"BofA Securities, Stifel, Piper Sandler & Co, Stephens Inc, Morgan Stanley",Financial,5063.3,96.1244,NASDAQ GS
11/19/25,GLOO US,Gloo Holdings Inc,78.2775,8,1.25,9.10E+06,Roth Capital Partners Inc,Technology,72.8,56.4558,NASDAQ GS
11/12/25,ALUB/U US,Alussa Energy Acquisition Corp II,287.5,10,0.400000006,2.50E+07,Banco Santander,Diversified,287.5,92.1113,New York
11/12/25,OTH US,Off The Hook YS Inc,15,4,-5,3.75E+06,ThinkEquity LLC,"Consumer, Cyclical",95,5.64704,NYSEAmerican
11/11/25,BPACU US,Blueport Acquisition Ltd,57.5,10,0.5,5.00E+06,AGP / Alliance Global Partners Corp,Diversified,71.99,82.0268,NASDAQ CM
11/10/25,EVOXU US,Evolution Global Acquisition Corp,240,10,1.299999952,2.10E+07,"Clear Street LLC, Cohen & Co",Diversified,0,30.1003,NASDAQ GM
11/7/25,SLD AU,Saluda Medical Inc,149.631,2.65,-52.07547379,8.71E+07,Bell Potter Securities Ltd,"Consumer, Non-cyclical",433.042,61.453,ASE
11/6/25,TDWDU US,Tailwind 2.0 Acquisition Corp,150,10,0.400000006,1.50E+07,Cohen & Co,Diversified,150,33.7832,NASDAQ GM
11/5/25,BLLN US,Billiontoone Inc,314.026,60,81.56666565,4.55E+06,"BTIG LLC, Jefferies, Piper Sandler & Co, Stifel, Wells Fargo, William Blair & Co LLC, JP Morgan","Consumer, Non-cyclical",2410.06,95.2325,NASDAQ GS
11/5/25,EVMN US,Evommune Inc,172.5,16,26.4375,9.38E+06,"Cantor Fitzgerald, Evercore, Leerink Partners LLC, Morgan Stanley","Consumer, Non-cyclical",481.241,134.839,New York
11/4/25,XZO US,Exzeo Group Inc,168,21,0.047619049,8.00E+06,"Citizens Financial Group Inc, William Blair & Co LLC, Truist Securities Inc",Financial,1906.29,14.8187,New York
11/4/25,6KA AU,6K Additive Inc,31.1616,1,-18,4.80E+07,"Bell Potter Securities Ltd, Morgans",Technology,0,,ASE
11/4/25,ELWT US,Elauwit Connection Inc,15.003,9,-20,1.67E+06,Craig-Hallum Capital Group Ltd,Communications,60.003,51.6081,NASDAQ CM
11/3/25,BETA US,Beta Technologies Inc,1167.25,34,5.882352829,2.99E+07,"BofA Securities, BTIG LLC, Cantor Fitzgerald, Citi, Goldman Sachs, Jefferies, Needham Group Inc/The, TPG Partners LP, Morgan Stanley",Industrial,7153.33,84.6497,New York
11/3/25,CEPV US,Cantor Equity Partners V Inc,253,10,3,2.20E+07,Cantor Fitzgerald,Diversified,0,91.4413,NASDAQ GM
10/30/25,VACI/U US,Viking Acquisition Corp I,230,10,0.300000012,2.00E+07,"Clear Street LLC, Cohen & Co",Diversified,0,67.9313,New York
10/29/25,NAVN US,Navan Inc,923.11,25,-20,3.69E+07,"BNP Paribas, BTIG LLC, Citi, Citizens Financial Group Inc, Jefferies, Mizuho Financial, Morgan Stanley, Mitsubishi UFJ Financial Group Inc, Needham Group Inc/The, Oppenheimer & Co, Goldman Sachs",Technology,0,113.358,NASDAQ GS
10/29/25,DNMXU US,Dynamix Corp III,201.25,10,1.200000048,1.75E+07,Cohen & Co,Diversified,0,28.7413,NASDAQ GM
10/28/25,DYORU US,Insight Digital Partners II,172.5,10,1.299999952,1.50E+07,Cohen & Co,Diversified,172.5,19.1048,NASDAQ GM
10/27/25,APXTU US,Apex Treasury Corp,344.7,10,0.600000024,3.00E+07,"Clear Street LLC, Cohen & Co",Diversified,344.7,22.4933,NASDAQ GM
10/26/25,MPLT US,MapLight Therapeutics Inc,288.362,17,7.882352829,1.48E+07,"Jefferies, Leerink Partners LLC, Stifel, Morgan Stanley","Consumer, Non-cyclical",704.292,79.8209,NASDAQ GS
10/21/25,ALISU US,Calisa Acquisition Corp,60,10,-0.100000002,6.00E+06,EarlyBirdCapital.com,Diversified,62.525,42.6364,NASDAQ GM
10/10/25,SNNF US,Seneca Bancorp Inc,10.4486,10,2.200000048,1.04E+06,Stifel,Financial,0,72.3061,OTC US
10/8/25,ALH US,Alliance Laundry Holdings Inc,950.293,22,12.81818199,3.76E+07,"MSD Ptrs, BMO Capital Markets, Citi, Goldman Sachs, JP Morgan, Morgan Stanley, Robert W Baird & Co, UBS, BofA Securities","Consumer, Cyclical",4338.24,106.433,New York
10/8/25,PXED US,AP VIII Queso Holdings LP,136,32,19.21875,4.25E+06,"Apollo Global Management LLC, BMO Capital Markets, Goldman Sachs, Jefferies, Truist Securities Inc, Morgan Stanley",Communications,0,100.512,New York
10/6/25,LKSPU US,Lake Superior Acquisition Corp,115,10,0,1.00E+07,Cohen & Co,Diversified,103.3,19.4168,NASDAQ GM
10/3/25,GIWWU US,GigCapital8 Corp,253,10,0.200000003,2.20E+07,D Boral Capital LLC,Diversified,0,20.627,NASDAQ GM
10/3/25,AIIA/U US,AI Infrastructure Acquisition Corp,138,10,0.200000003,1.20E+07,Maxim Group LLC,Diversified,0,29.9863,New York
10/2/25,RNGTU US,Range Capital Acquisition Corp II,230,10,0,2.00E+07,BTIG LLC,Diversified,0,24.0107,NASDAQ GM
10/1/25,CBK US,Commercial Bancgroup Inc,172.154,24,0,7.17E+06,Hovde Group LLC,Financial,316.181,90.7711,NASDAQ CM
9/30/25,FRMI US,Fermi Inc,784.875,21,54.90476227,3.25E+07,"Joh Berenberg Gossler & Co KG, Cantor Fitzgerald, Evercore, Macquarie, Mizuho Financial, Panmure Liberum Ltd, Rothschild & Co, Stifel, Truist Securities Inc, UBS",Financial,12559.6,68.5169,NASDAQ GS
9/30/25,NP US,Neptune Insurance Holdings Inc,423.684,20,24,1.84E+07,"BMO Capital Markets, BofA Securities, Deutsche Bank, Evercore, Goldman Sachs, JP Morgan, Stifel, Mizuho Financial, Piper Sandler & Co, Raymond James & Associates, TD Securities, Morgan Stanley",Financial,1892,71.4712,New York
9/30/25,KRSP/U US,Rice Acquisition Corp 3,345,10,3,3.00E+07,"Jefferies, Barclays",Diversified,0,45.8011,New York
9/30/25,BDCIU US,BTC Development Corp,253,10,1,2.20E+07,"Stifel, Cohen & Co",Diversified,0,10.747,NASDAQ GM
9/30/25,YCY/U US,AA Mission Acquisition Corp II,115,10,-0.400000006,1.00E+07,Clear Street LLC,Diversified,103.34,28.2021,New York
9/30/25,APACU US,StoneBridge Acquisition II Corp,57.5,10,-0.300000012,5.00E+06,Maxim Group LLC,Diversified,0,41.1119,NASDAQ CM
9/29/25,BCSS/U US,Bain Capital GSS Investment Corp,460,10,0.899999976,4.00E+07,Citi,Diversified,0,27.8254,New York
9/26/25,FCRS/U US,FutureCrest Acquisition Corp,287.5,10,3.5,2.50E+07,Cantor Fitzgerald,Diversified,250,35.343,New York
9/25/25,DMIIU US,Drugs Made In America Acquisition II Corp,500,10,-0.100000002,5.00E+07,Cantor Fitzgerald,Diversified,512,29.9037,NASDAQ GM
9/25/25,AEXA US,American Exceptionalism Acquisition Corp A,300,10,6.099999905,3.00E+07,Banco Santander,Diversified,301.75,82.4831,New York
9/24/25,EMISU US,Emmis Acquisition Corp,115,10,-0.100000002,1.00E+07,"Iberia Capital Partners LLC, Lucid Capital Markets LLC, I-Bankers Securities Inc",Diversified,0,9.24929, 
9/18/25,PTRN US,Pattern Group Inc,300,14,11.64285755,2.14E+07,"BMO Capital Markets, Evercore, Jefferies, JP Morgan, KeyBanc Capital Markets, Needham Group Inc/The, Robert W Baird & Co, Stifel, William Blair & Co LLC, Goldman Sachs",Technology,2160.44,42.7262,NASDAQ GS
9/18/25,LATAU US,Galata Acquisition Corp II,172.5,10,-0.100000002,1.50E+07,BTIG LLC,Diversified,0,26.8284,NASDAQ GM
9/17/25,NTSK US,Netskope Inc,1044.43,19,18.36842155,4.78E+07,"BMO Capital Markets, Citizens Financial Group Inc, Deutsche Bank, JP Morgan, Mizuho Financial, RBC Capital Markets, TD Securities, Wells Fargo, Morgan Stanley",Technology,1044.43,65.4288,NASDAQ GS
9/16/25,STUB US,Pugnacious Endeavors Inc,800,23.5,-6.382978916,3.40E+07,"BMO Capital Markets, BofA Securities, Evercore, Goldman Sachs, Mizuho Financial, Nomura, TD Securities, Truist Securities Inc, Wolfe Trahan & Co, JP Morgan",Communications,8862.02,78.058,New York
9/16/25,WBI US,WaterBridge Infrastructure LLC,729.1,20,14.14999962,3.17E+07,"Barclays, Goldman Sachs, Janney Montgomery Scott LLC, Johnson Rice & Co LLC, Morgan Stanley, Pep Advisory llc, Piper Sandler & Co, Raymond James & Associates, Roberts & Co, Stifel, Texas Capital Bank NA, Wells Fargo, JP Morgan",Energy,770.197,89.6128,New York
9/12/25,OTGAU US,OTG Acquisition Corp I,230,10,0,2.00E+07,"Lake Street Capital Markets LLC, Northland Securities Group LLC, B Riley Securities Inc",Diversified,237.75,20.8087,NASDAQ GM
9/11/25,LGN US,Legence Corp,825.654,28,8.928571701,2.60E+07,"Barclays, BMO Capital Markets, BofA Securities, BTIG LLC, Cantor Fitzgerald, Guggenheim Capital, Jefferies, Morgan Stanley, Mitsubishi UFJ Financial Group Inc, Nomura, RBC Capital Markets, Roth Capital Partners Inc, Rothschild & Co, Banco Santander, Societe Generale, Stifel, TD Securities, WR Secu","Consumer, Non-cyclical",1540.64,115.067,NASDAQ GS
9/11/25,VIA US,Via Transportation Inc,492.857,46,7.63043499,1.07E+07,"Allen & Co, Citizens Financial Group Inc, Deutsche Bank, Guggenheim Capital, Morgan Stanley, Needham Group Inc/The, Nomura, Oppenheimer & Co, Raymond James & Associates, Wells Fargo, William Blair & Co LLC, WR Securities LLC, Goldman Sachs",Technology,3473.5,64.9913,New York
9/11/25,GEMI US,Gemini Space Station Inc,446.25,28,14.28571415,1.52E+07,"Cantor Fitzgerald, Citi, Cohen & Co, Evercore, Stifel, Mizuho Financial, Morgan Stanley, Needham Group Inc/The, Rosenblatt, Truist Securities Inc, Goldman Sachs",Technology,1174.78,28.9846,NASDAQ GS
9/11/25,BRCB US,Black Rock Coffee Bar Inc,338.235,20,37.65000153,1.47E+07,"Jefferies, Morgan Stanley, Raymond James & Associates, Robert W Baird & Co, Stifel, William Blair & Co LLC, JP Morgan","Consumer, Cyclical",349.569,130.611,NASDAQ GM
9/10/25,FIGR US,Figure Technology Solutions Inc,905.625,25,24.44000053,3.15E+07,"BofA Securities, Jefferies, Stifel, Mizuho Financial, Societe Generale, Goldman Sachs",Technology,4265.59,60.8495,NASDAQ GS
9/10/25,LBRX US,LB Pharmaceuticals Inc,285,15,15.33333302,1.90E+07,"Piper Sandler & Co, Stifel, Leerink Partners LLC","Consumer, Non-cyclical",301.502,110.145,NASDAQ GM
9/9/25,BLZRU US,Trailblazer Acquisition Corp,275,10,0.449999988,2.40E+07,Cantor Fitzgerald,Diversified,0,19.9834,NASDAQ GM
9/8/25,TLNCU US,Talon Capital Corp,249,10,0,2.25E+07,Cohen & Co,Diversified,0,54.7647,NASDAQ GM
9/3/25,GSRFU US,GSR IV Acquisition Corp,230,10,0.100000002,2.00E+07,"B Riley Securities Inc, Benchmark Co Inc/The, StoneX Group Inc, Kingswood Capital Partners LLC",Diversified,236.555,27.6296,NASDAQ GM
9/3/25,SVACU US,Spring Valley Acquisition Corp III,230,10,0,2.00E+07,"Clear Street LLC, Cohen & Co",Diversified,230,16.1306,NASDAQ GM
8/28/25,PMI US,Picard Medical Inc,19.55,4,14.75,4.25E+06,Westpark Capital Inc,"Consumer, Non-cyclical",289.297,63.8465,NYSEAmerican
8/26/25,MBVIU US,M3-Brigade Acquisition VI Corp,345,10,0,3.00E+07,Cantor Fitzgerald,Diversified,0,13.3587,NASDAQ GM
8/26/25,KOYNU US,CSLM Digital Asset Acquisition Corp III Ltd,230,10,0,2.00E+07,Cohen & Co,Diversified,238.912,18.57,NASDAQ GM
8/26/25,CURX US,Curanex Pharmaceuticals Inc,17.25,4,0.5,3.75E+06,"Dominari Securities LLC, Revere Securities Corp, Pacific Century Securities LLC","Consumer, Non-cyclical",113.25,34.918,NASDAQ CM
8/20/25,CEPF US,Cantor Equity Partners IV Inc,450,10,1.200000048,4.00E+07,Cantor Fitzgerald,Diversified,0,93.8898,NASDAQ GM
8/20/25,ETS US,Elite Express Holding Inc,15.2,4,-12.5,3.80E+06,"Revere Securities Corp, Dominari Securities LLC",Industrial,50.2,1.75229,NASDAQ CM
8/19/25,VELO US,Velo3D Inc,17.5,3,12,5.83E+06,Lake Street Capital Markets LLC,Technology,59.7027,33.6823,NASDAQ CM
8/13/25,MIAX US,Miami International Holdings Inc,396.75,23,33.65217209,1.50E+07,"Stifel, Morgan Stanley, Piper Sandler & Co, Raymond James & Associates, Rosenblatt Securities Inc, William Blair & Co LLC, JP Morgan",Financial,1827.01,55.2643,New York
8/11/25,HVMCU US,Highview Merger Corp,230,10,0.100000002,2.00E+07,Jefferies,Diversified,0,15.6251,NASDAQ GM
8/11/25,MKLYU US,McKinley Acquisition Corp,172.5,10,-0.200000003,1.50E+07,Clear Street LLC,Diversified,0,16.7993,NASDAQ GM
8/7/25,HTFL US,HeartFlow Inc,364.167,19,51.31578827,1.67E+07,"Morgan Stanley, Piper Sandler & Co, JP Morgan",Technology,1542.2,76.613,NASDAQ GS
8/7/25,AVBH US,Avidbank Holdings Inc,60.03,23,1.086956501,2.61E+06,"Stephens Inc, Piper Sandler & Co",Financial,242.01,84.479,NASDAQ GS
8/7/25,CFND US,C1 Fund Inc,60,10,-7,6.00E+06,Benchmark Co Inc/The,Financial,0,15.4304,New York
8/7/25,SSEAU US,Starry Sea Acquisition Corp,57.5,10,0.300000012,5.00E+06,AGP / Alliance Global Partners Corp,Diversified,0,21.3851,NASDAQ CM
8/6/25,FLY US,Firefly Aerospace Inc,998.568,45,34.11111069,1.93E+07,"Cantor Fitzgerald, Deutsche Bank, Jefferies, JP Morgan, Morgan Stanley, Wells Fargo, Goldman Sachs",Industrial,6464.2,53.7797,NASDAQ GM
8/6/25,WYFI US,Whitefiber Inc,183.281,17,-4.588235378,9.38E+06,"Macquarie, Needham Group Inc/The, Roth Capital Partners Inc, B Riley Securities Inc",Technology,619.119,93.8783,NASDAQ CM
8/6/25,QUMSU US,Quantumsphere Acquisition Corp,82.8,10,0.200000003,7.20E+06,"B Riley Securities Inc, Kingswood Capital Partners LLC",Diversified,0,35.9786,NASDAQ GM
7/31/25,HCMAU US,HCM III Acquisition Corp,253,10,0.899999976,2.20E+07,Cantor Fitzgerald,Diversified,0,20.3175,NASDAQ GM
7/31/25,AVBC US,Avidia Bancorp Inc,191.762,10,46.40000153,1.92E+07,Stifel,Financial,200.762,39.6913,New York
7/31/25,SBMW US,Security Midwest Bancorp Inc,8.8978,10,14,889781,Performance Trust Capital Partners LLC,Financial,8.89781,14.2139,OTC US
7/30/25,FIG US,Figma Inc,1401.76,33,250,3.69E+07,"Allen & Co, BofA Securities, Goldman Sachs, JP Morgan, RBC Capital Markets, Wells Fargo, Morgan Stanley",Technology,13453.5,87.3514,New York
7/30/25,BCARU US,D Boral ARC Acquisition I Corp,280,10,-0.400000006,2.50E+07,D Boral Capital LLC,Diversified,282,13.4191,NASDAQ GM
7/30/25,SI US,Shoulder Innovations LLC,75,15,0.333333343,5.00E+06,"BTIG LLC, Goldman Sachs, Jefferies, Piper Sandler & Co, Morgan Stanley","Consumer, Non-cyclical",298.852,65.6539,New York
7/29/25,AMBQ US,Ambiq Micro Inc,110.4,24,60.54166794,4.00E+06,"Needham Group Inc/The, Stifel, UBS, BofA Securities",Technology,408.866,35.2069,New York
7/24/25,LHAI US,Linkhome Holdings Inc,6,4,-62.5,1.50E+06,US Tiger Securities Inc,Technology,64.02,1.08805,NASDAQ CM
7/23/25,NIQ US,NIQ Global Intelligence Plc,1050,21,-9.476190567,5.00E+07,"Barclays, BMO Capital Markets, BNP Paribas, BofA Securities, Citi, Deutsche Bank, Kohlberg Kravis Roberts & Co, RBC Capital Markets, UBS, Wells Fargo, JP Morgan","Consumer, Non-cyclical",6195,98.61,New York
7/23/25,MH US,McGraw Hill Inc,414.63,17,0,2.44E+07,"BMO Capital Markets, Deutsche Bank, JP Morgan, Macquarie, Morgan Stanley, UBS, Goldman Sachs",Technology,3247.03,104.383,New York
7/22/25,CARL US,Carlsmed Inc,100.5,15,-3.333333254,6.70E+06,"BTIG LLC, Goldman Sachs, Piper Sandler & Co, Truist Securities Inc, BofA Securities",Technology,397.744,69.4563,NASDAQ GS
7/18/25,LSBK US,Lake Shore Bancorp Inc/MD,49.5046,10,19.5,4.95E+06,Raymond James & Associates,Financial,0,28.1187,NASDAQ GM
7/16/25,PAII/U US,Pyrophyte Acquisition Corp II,175,10,0.100000002,1.75E+07,UBS,Diversified,175,2.68325,New York
7/15/25,AUGO US,Aura Minerals Inc,218.193,24.25,0,8.10E+06,"Banco BTG Pactual, BofA Securities, Goldman Sachs, Banco Itau BBA",Basic Materials,2025.53,65.8002,NASDAQ GS
7/15/25,SOCAU US,Solarius Capital Acquisition Corp,172.5,10,0.200000003,1.50E+07,Stifel,Diversified,0,14.788,NASDAQ GM
7/14/25,SPEGU US,Silver Pegasus Acquisition Corp,100,10,0.300000012,1.00E+07,Roth Capital Partners Inc,Diversified,100,22.44,NASDAQ GM
7/11/25,GO/U CN,GO Residential Real Estate Investment Trust,410.1,15,-2.333333254,2.73E+07,"BMO Capital Markets, CIBC",Financial,0,31.5524,Toronto
7/1/25,EVAC/U US,EQV Ventures Acquisition Corp II,460,10,0.100000002,4.20E+07,BTIG LLC,Diversified,0,14.301,New York
7/1/25,VNMEU US,Vendome Acquisition Corp I,200,10,-0.300000012,2.00E+07,D Boral Capital LLC,Diversified,200,13.8527,NASDAQ GM
7/1/25,ONCHU US,1RT Acquisition Corp,172.5,10,2.400000095,1.50E+07,Cantor Fitzgerald,Diversified,0,27.3918,NASDAQ GM
7/1/25,COSO US,CoastalSouth Bancshares Inc,43.7525,21.5,0,2.04E+06,Piper Sandler & Co,Financial,257.447,67.9227,New York
7/1/25,CV US,CapsoVision Inc,27.5,5,-30,5.50E+06,"Roth Capital Partners Inc, Benchmark Co LLC/The","Consumer, Non-cyclical",230.47,12.0486,NASDAQ CM
6/30/25,CCIIU US,Cohen Circle Acquisition Corp II,253,10,1.399999976,2.20E+07,Clear Street LLC,Diversified,0,8.21956,NASDAQ GM
6/30/25,NMPAU US,NMP Acquisition Corp,100,10,-0.400000006,1.00E+07,Maxim Group LLC,Diversified,101.7,2.89495,NASDAQ GM
6/30/25,INACU US,Indigo Acquisition Corp,100,10,0.100000002,1.00E+07,EarlyBirdCapital.com,Diversified,103.5,10.5186,NASDAQ GM
6/26/25,MCGAU US,Yorkville Acquisition Corp,172.5,10,8.600000381,1.50E+07,Clear Street LLC,Diversified,172.5,19.9344,NASDAQ GM
6/26/25,FIGXU US,FIGX Capital Acquisition Corp,150.65,10,0,1.31E+07,Cantor Fitzgerald,Diversified,155.085,23.2439,NASDAQ GM
6/25/25,CAEP US,Cantor Equity Partners III Inc,276,10,5,2.40E+07,Cantor Fitzgerald,Diversified,0,90.6966,NASDAQ GM
6/25/25,JCAP US,Jefferson Capital Inc,172.5,15,23.60000038,1.00E+07,"Capital One Financial, Citizens Financial Group Inc, DNB Carnegie Holding AB, Stifel, Raymond James & Associates, Regions Financial Corp, Pinnacle Financial Partners Inc, Truist Securities Inc, Jefferies",Financial,972.198,81.6193,NASDAQ GS
6/24/25,LWACU US,Lightwave Acquisition Corp,215.625,10,0.300000012,1.88E+07,BTIG LLC,Diversified,0,16.7626,NASDAQ GM
6/17/25,CAI US,Caris Life Sciences Inc,568.235,21,33.33333206,2.35E+07,"Citi, Evercore, Goldman Sachs, Guggenheim Capital, JP Morgan, TD Securities, BofA Securities","Consumer, Non-cyclical",5910.71,105.844,NASDAQ GS
6/17/25,SLDE US,Slide Insurance Holdings Inc,469.2,17,19.11764717,2.40E+07,"Morgan Stanley, Barclays",Financial,2123.88,65.6126,NASDAQ GS
6/17/25,PACHU US,Pioneer Acquisition I Corp,253,10,0.100000002,2.20E+07,Cantor Fitzgerald,Diversified,0,37.6746,NASDAQ GM
6/12/25,BACCU US,Blue Acquisition Corp,201.25,10,0.300000012,1.75E+07,BTIG LLC,Diversified,0,44.0236,NASDAQ GM
6/12/25,AIRO US,AIRO Group Holdings Inc,69,10,140,6.00E+06,"Bancroft Capital LLC/PA, BTIG LLC, Mizuho Financial, Cantor Fitzgerald",Industrial,249.033,31.8139,NASDAQ GM
6/11/25,CHYM US,Chime Financial Inc,993.6,27,37.44444275,3.20E+07,"Barclays, Deutsche Bank, Evercore, Goldman Sachs, JP Morgan, Nomura, Piper Sandler & Co, UBS, Morgan Stanley",Technology,8970.46,86.095,NASDAQ GS
6/10/25,VOYG US,Voyager Space Holdings Inc,440.22,31,82.19355011,1.23E+07,"Barclays, BofA Securities, Jefferies, JP Morgan, KeyBanc Capital Markets, Nomura, WR Securities LLC, Morgan Stanley",Industrial,1568.39,64.6006,New York
6/10/25,BLUWU US,Blue Water Acquisition Corp III,253,10,0,2.20E+07,BTIG LLC,Diversified,259.2,5.57971,NASDAQ GM
6/10/25,ASIC US,Ategrity Specialty Holdings LLC,113.333,17,45.17647171,6.67E+06,"Barclays, Citi, TD Securities, Wells Fargo, JP Morgan",Financial,800.133,12.9503,New York
6/5/25,OMDA US,Omada Health Inc,150.1,19,21.05263138,7.90E+06,"Barclays, Evercore, Goldman Sachs, JP Morgan, Morgan Stanley",Technology,1059.14,93.114,NASDAQ GS
6/4/25,CRCL US,Circle Internet Group Inc,1212.1,31,168.4838715,3.40E+07,"Amerivet Securities Inc, Barclays, Citi, Deutsche Bank, Drexel Hamilton LLC, Goldman Sachs, Mischler Financial Group, Roberts & Ryan Investments Inc, Societe Generale, JP Morgan",Financial,6279.07,51.9092,New York
6/4/25,BMNR US,BitMine Immersion Technologies,18,8,-3.125,2.25E+06,ThinkEquity LLC,Financial,49.2814,34.3605,NYSEAmerican
5/28/25,JENA/U US,Jena Acquisition Corp II,230,10,1.100000024,2.00E+07,Banco Santander,Diversified,0,20.1336,New York
5/27/25,KCHVU US,Kochav Defense Acquisition Corp,253,10,-0.050000001,2.20E+07,Kingswood Capital Partners LLC,Diversified,258.24,3.79281,NASDAQ GM
5/27/25,CHPGU US,ChampionsGate Acquisition Corp,74.75,10,0.25,6.50E+06,Clear Street LLC,Diversified,0,19.6055,NASDAQ GM
5/23/25,PELIU US,Pelican Acquisition Corp,86.25,10,0.100000002,7.50E+06,EarlyBirdCapital.com,Diversified,86.25,3.25049, 
5/22/25,CRAQU US,Cal Redwood Acquisition Corp,230,10,0.100000002,2.00E+07,"Seaport Group, Cohen & Co",Diversified,0,7.33959,NASDAQ GM
5/21/25,HNGE US,Hinge Health Inc,502.909,32,17.375,1.37E+07,"Barclays, BofA Securities, Canaccord Genuity, Evercore, KeyBanc Capital Markets, Kohlberg Kravis Roberts & Co, Needham Group Inc/The, Piper Sandler & Co, Raymond James & Associates, RBC Capital Markets, Stifel, Truist Securities Inc, William Blair & Co LLC, Morgan Stanley",Technology,791.985,92.4021,New York
5/21/25,OYSEU US,Oyster Enterprises II Acquisition Corp,253,10,0.200000003,2.20E+07,BTIG LLC,Diversified,0,1.92056,NASDAQ GM
5/21/25,MNTN US,MNTN Inc,187.2,16,64.75,1.17E+07,"Citi, Evercore, Morgan Stanley",Communications,758.88,57.9788,New York
5/20/25,PCAPU US,ProCap Acquisition Corp,250,10,7,2.20E+07,BTIG LLC,Diversified,0,10.2569,NASDAQ GM
5/20/25,XRPNU US,Armada Acquisition Corp II,230,10,0.200000003,2.00E+07,"Northland Securities Group LLC, Cohen & Co",Diversified,236.5,36.6335,NASDAQ GM
5/15/25,WENNU US,Wen Acquisition Corp,300.15,10,4.599999905,2.61E+07,Cantor Fitzgerald,Diversified,300.15,4.90037,NASDAQ GM
5/15/25,BRRWU US,Columbus Circle Capital Corp I,250,10,1,2.20E+07,"Clear Street LLC, Cohen & Co",Diversified,0,9.55456, 
5/14/25,RTACU US,Renatus Tactical Acquisition Corp I,241.5,10,11.89999962,2.10E+07,Clear Street LLC,Diversified,0,16.9732,NASDAQ GM
5/14/25,TVAIU US,Thayer Ventures Acquisition Corp II,201.25,10,0.300000012,1.75E+07,Stifel,Diversified,0,11.0232,NASDAQ GM
5/13/25,CCCXU US,Infleqtion Inc,414,10,3.099999905,3.60E+07,BTIG LLC,Technology,0,7.54628, 
5/12/25,PMTRU US,Perimeter Acquisition Corp I,241.5,10,1.5,2.10E+07,Citi,Diversified,247.88,3.63436,NASDAQ GM
5/8/25,EGHAU US,EGH Acquisition Corp,150,10,0.300000012,1.50E+07,"Seaport Group, Cohen & Co",Diversified,155,9.29486,NASDAQ GM
5/8/25,APUS US,Apimeds Pharmaceuticals US Inc,13.5,4,-45,3.38E+06,D Boral Capital LLC,"Consumer, Non-cyclical",46.286,3.41269,NYSEAmerican
5/7/25,AII US,American Integrity Insurance Group Inc,126.5,16,5.625,6.88E+06,"Piper Sandler & Co, William Blair & Co LLC, Stifel",Financial,313.309,59.7926,New York
5/6/25,IPODU US,Dune Acquisition Corp II,143.75,10,0.100000002,1.25E+07,Clear Street LLC,Diversified,0,4.89299,NASDAQ GM
5/2/25,CGCTU US,CARTESIAN GROWTH CORP III,276,10,0.100000002,2.40E+07,Cantor Fitzgerald,Diversified,276,18.069,NASDAQ GM
5/1/25,GTENU US,Gores Holdings X Inc,358.8,10,0.699999988,3.12E+07,Banco Santander,Diversified,358.8,14.0788,NASDAQ GM
5/1/25,CEPT US,Cantor Equity Partners II Inc,240,10,10.80000019,2.40E+07,Cantor Fitzgerald,Diversified,245.8,87.7359,NASDAQ GM
5/1/25,WSBK US,Winchester Bancorp Inc,39.9701,10,-7,4.00E+06,Raymond James & Associates,Financial,0,64.3053,NASDAQ CM
4/30/25,RDAGU US,Republic Digital Acquisition Co,300,10,1.5,2.64E+07,Cantor Fitzgerald,Diversified,0,9.71544,NASDAQ GM
4/29/25,TACOU US,BERTO ACQUISITION CORP,300.15,10,1.5,2.61E+07,"Needham Group Inc/The, Cohen & Co",Diversified,0,1.06421,NASDAQ GM
4/29/25,LCCCU US,Lakeshore Acquisition III Corp,69,10,0.300000012,6.00E+06,AGP / Alliance Global Partners Corp,Diversified,0,12.671,NASDAQ GM
4/28/25,RAAQU US,Real Asset Acquisition Corp,172.5,10,0.600000024,1.50E+07,"Clear Street LLC, Cohen & Co",Diversified,0,23.7712,NASDAQ GM
4/28/25,DAAQU US,Digital Asset Acquisition Corp,172.5,10,1.299999952,1.50E+07,"Clear Street LLC, Cohen & Co",Diversified,0,15.1565,NASDAQ GM
4/24/25,IPCXU US,Inflection Point Acquisition Corp III,253,10,1.299999952,2.20E+07,Cantor Fitzgerald,Diversified,260.4,16.7033,NASDAQ GM
4/24/25,CHACU US,Crane Harbor Acquisition Corp,220,10,-0.200000003,2.00E+07,Cohen & Co,Diversified,0,12.8102, 
4/23/25,NPACU US,New Providence Acquisition Corp III,300.15,10,0.200000003,2.61E+07,Cantor Fitzgerald,Diversified,300.15,8.81762,NASDAQ GM
4/22/25,TVACU US,Texas Ventures Acquisition III Corp,225,10,-0.100000002,2.00E+07,"Clear Street LLC, Cohen & Co",Diversified,225,12.9549,NASDAQ GM
4/21/25,MBBC US,Marathon Bancorp Inc,16.9341,10,-0.5,931500,Janney Montgomery Scott LLC,Financial,0,35.034,NASDAQ CM
4/9/25,ATHR US,Aether Holdings Inc,8.901,4.3,33.72092438,1.80E+06,"Axiom Capital Management Inc, Benchmark Co Inc/The",Technology,50.8745,34.8177,NASDAQ CM
4/8/25,TACHU US,Titan Acquisition Corp,276,10,-0.100000002,2.40E+07,Cantor Fitzgerald,Diversified,276,2.53976,NASDAQ GM
4/7/25,FATN US,Fatpipe Inc/UT,4,5.75,126.0869598,695656,D Boral Capital LLC,Technology,79.1614,66.9026,NASDAQ CM
4/1/25,SMA US,Smartstop Self Storage REIT Inc,931.5,30,9.166666985,2.70E+07,"BMO Capital Markets, KeyBanc Capital Markets, National Bank Financial Inc, Raymond James & Associates, Robert W Baird & Co, Scotiabank, Stifel, Truist Securities Inc, Wells Fargo, JP Morgan",Financial,1541.94,88.0624,New York
4/1/25,SOUL/U US,Soulpower Acquisition Corp,250,10,0.100000002,2.20E+07,Cantor Fitzgerald,Diversified,256.2,0.350056,New York
4/1/25,SZZLU US,Sizzle Acquisition Corp II,230,10,0.100000002,2.00E+07,Cantor Fitzgerald,Diversified,236,2.9395,NASDAQ GM
3/31/25,SDHIU US,Siddhi Acquisition Corp,276,10,0.200000003,2.40E+07,Banco Santander,Diversified,276,5.63408,NASDAQ GM
3/31/25,UYSCU US,UY Scuti Acquisition Corp,50,10,0.550000012,5.00E+06,Maxim Group LLC,Diversified,52.275,9.22249,NASDAQ CM
3/28/25,NMAX US,Newsmax Inc,75,10,735.0999756,7.50E+06,Digital Offering LLC,Communications,0,121.957,New York
3/27/25,CRWV US,Coreweave Inc,1570.4,40,0,3.75E+07,"Barclays, BofA Securities, Citi, Deutsche Bank, Goldman Sachs, Jefferies, JP Morgan, Mizuho Financial, Mitsubishi UFJ Financial Group Inc, Wells Fargo, Morgan Stanley",Technology,13564.2,63.0536,NASDAQ GS
3/27/25,ALMU US,Aeluma Inc,16.7175,5.25,24,3.18E+06,Craig-Hallum Capital Group Ltd,Technology,81.1262,22.8061,NASDAQ CM
3/20/25,GSHRU US,Gesher Acquisition Corp II,143.75,10,0.200000003,1.25E+07,BTIG LLC,Diversified,149.406,19.4245,NASDAQ GM
3/17/25,QSEAU US,Quartzsea Acquisition Corp,82.8,10,0.300000012,7.20E+06,Kingswood Capital Partners LLC,Diversified,0,36.3225,NASDAQ GM
3/12/25,MWYN US,Marwynn Holdings Inc,8.2,4,7.5,2.00E+06,American Trust Investment Services Inc,Industrial,68.216,1.2738,NASDAQ CM
3/5/25,KMTS US,Kestra Medical Technologies Ltd,232.3,17,28.47058868,1.19E+07,"Goldman Sachs, Piper Sandler & Co, Stifel, Wells Fargo, BofA Securities","Consumer, Non-cyclical",842.075,102.755,NASDAQ GS
3/5/25,TBH US,Brag House Holdings Inc,6.785,4,7.5,1.48E+06,Kingswood Capital Partners LLC,Communications,42.0106,19.2302,NASDAQ CM
3/5/25,ADVB US,Advanced Biomed Inc,6.56,4,-8.75,1.64E+06,Craft Capital Management LLC,"Consumer, Non-cyclical",86.56,10.2964,NASDAQ CM
3/5/25,2556503D US,JFB Construction Holdings,5.1562,4.125,,1.25E+06,Kingswood Capital Partners LLC,Financial,38.1562,, 
3/5/25,CAPS US,Capstone Holding Corp,5,4,-2.5,2.00E+06,Joseph Gunnar & Co,"Consumer, Cyclical",20.761,36.1144,NASDAQ CM
2/27/25,LOKVU US,Live Oak Acquisition Corp V,230,10,0.200000003,2.00E+07,Banco Santander,Diversified,230,15.4918,NASDAQ GM
2/27/25,NHICU US,NewHold Investment Corp III,201.25,10,0.200000003,1.75E+07,BTIG LLC,Diversified,209.051,8.73641,NASDAQ GM
2/26/25,RAC/U US,Rithm Acquisition Corp,200,10,0.5,2.00E+07,"BTIG LLC, UBS, Citi",Diversified,200,9.07688,New York
2/21/25,WGRX US,Wellgistics Health Inc,4,4.5,-15.33333302,888889,"D Boral Capital LLC, Craft Capital Management LLC","Consumer, Non-cyclical",233.75,14.2259,NASDAQ CM
2/13/25,SAIL US,SailPoint Inc,1380,23,-4.347826004,6.00E+07,"Barclays, BMO Capital Markets, BofA Securities, BTIG LLC, Evercore, Goldman Sachs, Jefferies, JP Morgan, Mizuho Financial, Piper Sandler & Co, RBC Capital Markets, TD Securities, Truist Securities Inc, Morgan Stanley",Technology,12800.9,101.96,NASDAQ GS
2/13/25,NPB US,Northpointe Bancshares Inc,151.09,14.5,0,1.04E+07,Stifel,Financial,497.489,56.3163,New York
2/13/25,IPEXU US,Inflection Point Acquisition C,75,10,0.300000012,7.50E+06,"Seaport Group, Cohen & Steers Capital Management Inc",Diversified,77.375,50.6242,NASDAQ GM
2/12/25,KRMN US,Karman Holdings Inc,581.9,22,36.59090805,2.30E+07,"Evercore, RBC Capital Markets, William Blair & Co LLC, Citi",Industrial,2907.84,81.3262,New York
2/12/25,AACBU US,Artius II Acquisition Inc,220,10,0,2.00E+07,Banco Santander,Diversified,220,9.58156,NASDAQ GM
2/12/25,AARD US,Aardvark Therapeutics Inc,97.9306,16,-10.5625,5.89E+06,"BofA Securities, Cantor Fitzgerald, RBC Capital Markets, Morgan Stanley","Consumer, Non-cyclical",342.15,64.2199,NASDAQ GS
2/12/25,XHLD US,TEN Holdings Inc,10.002,6,13.33333302,1.67E+06,,"Consumer, Non-cyclical",160.002,2.46099,NASDAQ CM
2/11/25,AGH US,Aureus Greenway Holdings Inc,15,4,-3,3.75E+06,"Revere Securities Corp, Dominari Securities LLC","Consumer, Cyclical",55.52,7.07467,NASDAQ CM
2/10/25,ATIIU US,Archimedes Tech SPAC Partners II Co,230,10,0.400000006,2.00E+07,,Diversified,230,26.3767,NASDAQ GM
2/6/25,SION US,Sionna Therapeutics Inc,219.176,18,38.88888931,1.06E+07,"Guggenheim Capital, Stifel, TD Securities, Goldman Sachs","Consumer, Non-cyclical",733.608,105.257,NASDAQ GM
2/4/25,KFIIU US,K&F Growth Acquisition Corp II,287.5,10,0.100000002,2.50E+07,BTIG LLC,Diversified,287.5,6.39016,NASDAQ GM
2/4/25,CJMB US,Callan Jmb Inc,5.77428,4,2.5,1.28E+06,Alexander Capital LP,Industrial,25.7743,14.2012,NASDAQ CM
1/30/25,MTSR US,Metsera Inc,316.25,18,47.22222137,1.53E+07,"Cantor Fitzgerald, Evercore, Goldman Sachs, Guggenheim Capital, BofA Securities","Consumer, Non-cyclical",1889.01,8.06972, 
1/30/25,INR US,Infinity Natural Resources Inc,304.75,20,5.349999905,1.33E+07,"BofA Securities, Capital One Financial, Raymond James & Associates, RBC Capital Markets, Truist Securities Inc, Citi",Energy,304.75,94.4038,New York
1/30/25,MAZE US,Maze Therapeutics Inc,140,16,-0.3125,8.75E+06,"Guggenheim Capital, Leerink Partners LLC, TD Securities, JP Morgan","Consumer, Non-cyclical",685.232,110.796,NASDAQ GM
1/29/25,BBNX US,Beta Bionics Inc,234.6,17,39,1.20E+07,"Leerink Partners LLC, Piper Sandler & Co, Stifel, BofA Securities","Consumer, Non-cyclical",728.609,112.638,NASDAQ GM
1/29/25,SVCCU US,Stellar V Capital Corp,150,10,0.100000002,1.50E+07,BTIG LLC,Diversified,0,13.5262,NASDAQ GM
1/28/25,MSIF US,MSC Income Fund Inc,98.2272,15.53,1.867355227,5.50E+06,"Stifel, Raymond James & Associates, Truist Securities Inc, UBS, RBC Capital Markets",Financial,710.348,22.7762,New York
1/28/25,FGMCU US,FG Merger II Corp,80,10,-1.700000048,8.00E+06,ThinkEquity LLC,Diversified,82.958,2.41018,NASDAQ GM
1/27/25,SFD US,Smithfield Foods Inc,571.878,20,-1.25,2.61E+07,"Barclays, BNP Paribas, BofA Securities, BTIG LLC, Citi, Goldman Sachs, HSBC, Rabobank, Morgan Stanley","Consumer, Non-cyclical",7862.25,99.5025,NASDAQ GS
1/27/25,DMAAU US,Drugs Made In America Acquisition Corp,230,10,0,2.00E+07,Clear Street LLC,Diversified,234,1.70972,NASDAQ GM
1/23/25,VG US,Venture Global Inc,1750,25,-4,7.00E+07,"Banco Santander, Banco Bilbao Vizcaya Argentaria, BofA Securities, Deutsche Bank, Goldman Sachs, ING Groep, JP Morgan, Loop Capital Markets LLC, Mizuho Financial, Mitsubishi UFJ Financial Group Inc, Natixis, RBC Capital Markets, Scotiabank, Sumitomo Mitsui Financial, Truist Securities Inc, Wells F",Energy,11273.4,98.2956,New York
1/21/25,TOPP US,Toppoint Holdings Inc,10,4,-6.25,2.50E+06,AGP / Alliance Global Partners Corp,Industrial,70,0.246259,NYSEAmerican
1/16/25,HVIIU US,Hennessy Capital Investment Corp VII,175,10,-0.200000003,1.75E+07,"Clear Street LLC, Loop Capital Markets LLC, Cohen & Co",Diversified,175,31.6763,NASDAQ GM
1/15/25,FLOC US,Flowco Holdings Inc,491.28,24,23.75,1.78E+07,"BMO Capital Markets, Evercore, Jefferies, Pareto Securities, Piper Sandler & Co, Tudor Pickering Holt & Co LLC, JP Morgan",Energy,0,70.2514,New York
1/14/25,PLMKU US,Plum Acquisition Corp IV,172.5,10,0.400000006,1.50E+07,"Seaport Group, Cohen & Co",Diversified,0,1.23321,NASDAQ GM
1/6/25,CEPO US,Cantor Equity Partners I Inc,200,10,0.5,2.00E+07,Cantor Fitzgerald,Diversified,205,108.88,NASDAQ GM
12/23/24,TDACU US,Translational Development Acquisition Corp,172.5,10,0.100000002,1.50E+07,BTIG LLC,Diversified,188.25,12.217,NASDAQ GM
12/20/24,HIT US,Health In Tech Inc,9.2,4,27.5,2.30E+06,American Trust Investment Services Inc,Technology,169.477,5.69745,NASDAQ CM
12/19/24,RANGU US,Range Capital Acquisition Corp,100,10,0,1.00E+07,EarlyBirdCapital.com,Diversified,0,7.84124,NASDAQ GM
12/12/24,DRDBU US,Roman DBDR Acquisition Corp II,230,10,-0.5,2.00E+07,B Riley Financial Inc,Diversified,230,25.1773,NASDAQ GM
12/12/24,MLACU US,Mountain Lake Acquisition Corp,230,10,0,2.10E+07,BTIG LLC,Diversified,237.7,19.5775,NASDAQ GM
12/12/24,AVR US,Anteris Technologies Global Corp,88.8,6,-6.666666508,1.48E+07,"Barclays, Cantor Fitzgerald, Lake Street Capital Markets LLC, TD Securities","Consumer, Non-cyclical",215.639,49.4588,NASDAQ GM
12/11/24,TTAN US,ServiceTitan Inc,718.52,71,42.25352097,8.80E+06,"Citi, Morgan Stanley, Wells Fargo, Goldman Sachs",Technology,5313.16,97.1919,NASDAQ GS
12/9/24,JACS/U US,Jackson Acquisition Co II,230,10,0.200000003,2.00E+07,Roth Capital Partners Inc,Diversified,230,14.2098,New York
12/4/24,PGACU US,Pantages Capital Acquisition Corp,86.25,10,-0.100000002,7.50E+06,Kingswood Capital Partners LLC,Diversified,77.3019,8.78234,NASDAQ GM
12/4/24,ZSPC US,Zspace Inc,19.3649,5,340,3.87E+06,"Northland Securities Group LLC, Roth Capital Partners Inc",Technology,112.841,7.661,NASDAQ CM
12/2/24,JUNS US,Jupiter Neurosciences Inc,11,4,37.25,2.75E+06,Dominari Securities LLC,"Consumer, Non-cyclical",131.506,2.1107,NASDAQ CM
11/26/24,VENU US,Venu Holding Corp,13.8,10,1.200000048,1.20E+06,ThinkEquity LLC,"Consumer, Cyclical",372.732,11.8357,NYSEAmerican
11/25/24,FACTU US,Fact II Acquisition Corp,175,10,-0.5,1.75E+07,"Seaport Group, Cohen & Co",Diversified,181.631,11.621,NASDAQ GM
11/22/24,IPST US,IP Strategy Holdings Inc,6.75,4,-15,1.69E+06,Newbridge Securities Corp,"Consumer, Non-cyclical",19.5636,11.2387,NASDAQ CM
11/20/24,ETHMU US,Dynamix Corp,166,10,-0.400000006,1.50E+07,"Seaport Group, Cohen & Co",Diversified,150,54.5965,NASDAQ GM
11/20/24,NOEMU US,CO2 Energy Transition Corp,69,10,-0.200000003,6.00E+06,Kingswood Capital Partners LLC,Diversified,69,18.4697,NASDAQ GM
11/14/24,HSPTU US,HORIZON SPACE ACQUISITION II Corp,60,10,-0.100000002,6.00E+06,Maxim Group LLC,Diversified,62,40.131,NASDAQ GM
11/11/24,EXOZ US,eXoZymes Inc,15,8,8.125,1.88E+06,MDB Capital Group LLC,"Consumer, Non-cyclical",130.038,47.3383,NASDAQ CM
11/8/24,WLACU US,Willow Lane Acquisition Corp,126.5,10,-0.400000006,1.10E+07,BTIG LLC,Diversified,126.5,34.133,NASDAQ GM
11/7/24,GSRTU US,GSR III Acquisition Corp,230,10,-0.100000002,2.00E+07,Kingswood Capital Partners LLC,Diversified,234.225,1.87574, 
10/31/24,BACQU US,Merlin Inc,250,10,-0.150000006,2.50E+07,"Seaport Group, Cohen & Co",Industrial,250,0.077404, 
10/31/24,NTWOU US,Newbury Street II Acquisition Corp,172.5,10,-0.400000006,1.50E+07,BTIG LLC,Diversified,172.5,0.346753,NASDAQ GM
10/30/24,SVUHF US,Srivaru Holding Ltd,6.8,0.064,-52.65625381,1.06E+08,Maxim Group LLC,"Consumer, Cyclical",0,3.61422,OTC US
10/29/24,DTCX US,Datacentrex Inc,8.19375,5,5,1.43E+06,Dawson James Securities,Technology,46.9455,7.74399,NASDAQ CM
10/24/24,SEPN US,Septerna Inc,331.2,18,18.88888931,1.60E+07,"Cantor Fitzgerald, TD Securities, Wells Fargo, JP Morgan","Consumer, Non-cyclical",756.05,91.2991,NASDAQ GM
10/24/24,CHARU US,Charlton Aria Acquisition Corp,75,10,-0.449999988,7.50E+06,Clear Street LLC,Diversified,77.4,12.3518,NASDAQ GM
10/23/24,INGM US,Ingram Micro Holding Corp,470.58,22,11.81818199,1.86E+07,"BofA Securities, Deutsche Bank, Evercore, Goldman Sachs, Jefferies, JP Morgan, RBC Capital Markets, Morgan Stanley",Industrial,5180.67,97.8706,New York
10/23/24,BEAGU US,Bold Eagle Acquisition Corp,250,10,0,2.50E+07,"Jefferies, UBS",Diversified,250,14.6471,NASDAQ GM
10/23/24,OACCU US,Oaktree Acquisition Corp III Life Sciences,175,10,0,1.75E+07,"Citi, UBS, Jefferies",Diversified,175,18.7858,NASDAQ GM
10/22/24,FBLA US,FB Bancorp Inc,198.375,10,18.60000038,1.98E+07,Performance Trust Capital Partners LLC,Financial,0,56.323,NASDAQ CM
10/22/24,SNYR US,Synergy CHC Corp,10.35,9,0,1.00E+06,Roth Capital Partners Inc,"Consumer, Non-cyclical",78.3335,47.0041,NASDAQ CM
10/22/24,ROLR US,High Roller Technologies Inc,10,8,-2.625,1.25E+06,ThinkEquity LLC,Technology,66.1301,1.2127,NYSEAmerican
10/22/24,MFBI US,Monroe Federal Bancorp Inc,5.2644,10,13.5,526438,Performance Trust Capital Partners LLC,Financial,0,6.80624,OTC US
10/21/24,ALDFU US,Aldel Financial II Inc,230,10,-0.100000002,2.00E+07,BTIG LLC,Diversified,230,0.136533,NASDAQ GM
10/10/24,UPB US,Upstream Bio Inc,293.25,17,29.41176414,1.50E+07,"TD Securities, Piper Sandler & Co, William Blair & Co LLC, JP Morgan","Consumer, Non-cyclical",872.809,110.549,NASDAQ GS
10/10/24,CCIRU US,Cohen Circle Acquisition Corp I,230,10,0,2.00E+07,Cantor Fitzgerald,Diversified,207,15.1168, 
10/10/24,CBLL US,Ceribell Inc,207.348,17,47.05882263,1.06E+07,"JP Morgan, BofA Securities","Consumer, Non-cyclical",578.317,94.2731,NASDAQ GS
10/10/24,CAMP US,CAMP4 Therapeutics Corp,75.02,11,-2.545454502,6.82E+06,"Leerink Partners LLC, Piper Sandler & Co, William Blair & Co LLC, JP Morgan","Consumer, Non-cyclical",214.556,94.8823,NASDAQ GM
10/9/24,SKYQ US,Sky Quarry Inc,6.708,6,-31.5,1.12E+06,,Industrial,0,17.2534,NASDAQ CM
10/8/24,KLC US,KinderCare Learning Cos Inc,576,24,8.875,2.40E+07,"Barclays, BMO Capital Markets, Deutsche Bank, JP Morgan, Macquarie, Morgan Stanley, Robert W Baird & Co, UBS, Goldman Sachs","Consumer, Non-cyclical",2744.79,93.0502,New York
10/7/24,LPBBU US,Launch Two Acquisition Corp,230,10,-0.100000002,2.00E+07,Cantor Fitzgerald,Diversified,230,0.163678,NASDAQ GM
10/3/24,CBNA US,Chain Bridge Bancorp Inc,40.7,22,-3.636363745,1.85E+06,"Hovde Group LLC, Raymond James & Associates, Piper Sandler & Co",Financial,81.4,66.9976,New York
10/1/24,SARO US,StandardAero Inc,1656,24,36.45833206,6.00E+07,"BofA Securities, CIBC, HSBC, Jefferies, Mizuho Financial, Morgan Stanley, Nomura, RBC Capital Markets, Societe Generale, Carlyle Group/The, UBS, WR Securities LLC, JP Morgan",Industrial,8027.08,94.2928,New York
10/1/24,FVR US,FrontView REIT Inc,271.526,19,-1.473684192,1.32E+07,"BofA Securities, JP Morgan, Wells Fargo, Morgan Stanley",Financial,284.569,72.1521,New York
9/26/24,LGCY US,Legacy Education Inc,11.5,4,0.5,2.50E+06,Northland Securities Group LLC,"Consumer, Non-cyclical",48.9686,55.9918,NYSEAmerican
9/25/24,BKV US,BKV Corp,270,18,0,1.50E+07,"Barclays, Evercore, Jefferies, Mizuho Financial, Citi",Energy,1514.26,31.2495,New York
9/25/24,BIOA US,BioAge Labs Inc,227.7,18,1.722222209,1.10E+07,"Citi, Jefferies, Morgan Stanley, Goldman Sachs","Consumer, Non-cyclical",615.009,65.5044,NASDAQ GS
9/25/24,GRDN US,Guardian Pharmacy Services,128.8,14,14.28571415,8.00E+06,"Stephens Inc, Truist Securities Inc, Raymond James & Associates","Consumer, Non-cyclical",0,98.7089,New York
9/19/24,CAPNU US,Cayson Acquisition Corp,60,10,0,6.00E+06,EarlyBirdCapital.com,Diversified,62.3,0.20977,NASDAQ GM
9/16/24,KAPA US,Kairos Pharma Ltd,6.2,4,-35,1.55E+06,"EF Hutton, Sutter Securities Inc, Boustead Securities LLC","Consumer, Non-cyclical",51.0632,8.44311,NYSEAmerican
9/16/24,IBO US,Impact BioMedical Inc,4.5,3,-10.66666698,1.50E+06,"Dawson James Securities, Revere Securities Corp","Consumer, Non-cyclical",34.5,6.38526,NYSEAmerican
9/16/24,HCWC US,Healthy Choice Wellness Corp,4,10,-47.59999847,400000,Maxim Group LLC,"Consumer, Cyclical",98,2.58728,NYSEAmerican
9/12/24,BCAX US,Bicara Therapeutics Inc,362.25,18,30.05555534,1.75E+07,"Cantor Fitzgerald, Stifel, TD Securities, Morgan Stanley","Consumer, Non-cyclical",881.403,86.9333,NASDAQ GM
9/12/24,ZBIO US,Zenas Biopharma Inc,258.75,17,6.764705658,1.32E+07,"Citi, Guggenheim Capital, Jefferies, Morgan Stanley","Consumer, Non-cyclical",676.47,81.5194,NASDAQ GS
9/12/24,MBX US,MBX Biosciences Inc,187.68,16,47.8125,1.02E+07,"Guggenheim Capital, Jefferies, Stifel, JP Morgan","Consumer, Non-cyclical",509.659,106.601,NASDAQ GS
9/5/24,POLEU US,Andretti Acquisition Corp II,200,10,-0.300000012,2.00E+07,BTIG LLC,Diversified,207,35.717,NASDAQ GM
9/5/24,VCICU US,Vine Hill Capital Investment Corp,200,10,-0.400000006,2.00E+07,Stifel,Diversified,200,0.163423, 
8/29/24,GIGGU US,GigCapital7 Corp,200,10,-0.600000024,2.00E+07,"EF Hutton, Craft Capital Management LLC",Diversified,250,22.9394,NASDAQ GM
8/29/24,2471173D US,Ekso Bionics Holdings Inc,3.1,1,,3.10E+06,Craig-Hallum Capital Group Ltd,"Consumer, Non-cyclical",0,, 
8/28/24,SPAI US,Safe Pro Group Inc,5.1,5,-14.60000038,1.02E+06,Dawson James Securities,Technology,69.301,17.974,NASDAQ CM
8/15/24,HONDU US,Terrestrial Energy Inc,230,10,0,2.00E+07,Cantor Fitzgerald,Industrial,230,15.5217, 
8/15/24,SBXD/U US,Silverbox Corp IV,200,10,-0.100000002,2.00E+07,Banco Santander,Diversified,200,28.9615,New York
8/12/24,CEP US,Cantor Equity Partners Inc,100,10,0.100000002,1.00E+07,Cantor Fitzgerald,Diversified,0,6.83205, 
8/12/24,ACTU US,Actuate Therapeutics Inc,22.4,8,7.625,2.80E+06,Titan Partners Group,"Consumer, Non-cyclical",153.327,65.7553,NASDAQ GM
8/8/24,VACHU US,Voyager Acquisition Corp,253,10,0,2.20E+07,Cantor Fitzgerald,Diversified,253,0.982565,NASDAQ GM
8/6/24,FTW/U US,EQV Ventures Acquisition Corp,350,10,-0.699999988,3.50E+07,BTIG LLC,Diversified,356.625,0.0163891, 
7/31/24,AAM/U US,AA Mission Acquisition Corp,300,10,-0.100000002,3.00E+07,Clear Street LLC,Diversified,300,, 
7/31/24,MBAVU US,M3-Brigade Acquisition V Corp,287.5,10,0.5,2.50E+07,Cantor Fitzgerald,Diversified,287.5,6.53231,NASDAQ GM
7/31/24,FDSB US,Fifth District Bancorp Inc,54.595,10,2.5,5.46E+06,Performance Trust Capital Partners LLC,Financial,0,31.8553,NASDAQ CM
7/31/24,OSTX US,OS Therapies Inc,6.4,4,-37.25,1.60E+06,"Brookline Bank, Sutter Securities Inc, Boustead Securities LLC","Consumer, Non-cyclical",93.0355,54.877,NYSEAmerican
7/24/24,LINE US,Lineage Inc,5102.32,78,3.56410265,5.69E+07,"BofA Securities, Capital One Financial, CBRE Capital Advisors Inc, Deutsche Bank, Evercore, Goldman Sachs, HSBC, JP Morgan, KeyBanc Capital Markets, Mizuho Financial, Piper Sandler & Co, PNC Financial Services Group Inc, Rabobank, RBC Capital Markets, Regions Financial Corp, Robert W Baird & Co, S",Financial,17817,102.509,NASDAQ GS
7/24/24,CON US,Concentra Group Holdings Parent Inc,528.75,23.5,-4.340425491,2.25E+07,"BofA Securities, Deutsche Bank, Goldman Sachs, Mizuho Financial, RBC Capital Markets, Truist Securities Inc, Wells Fargo, JP Morgan","Consumer, Non-cyclical",2974.94,93.2705,New York
7/24/24,DTSQU US,DT Cloud Star Acquisition Corp,69,10,0.300000012,6.00E+06,AGP / Alliance Global Partners Corp,Diversified,70.93,21.9907,NASDAQ GM
7/23/24,OS US,Onestream Inc,563.5,20,34.25,2.45E+07,"BofA Securities, BTIG LLC, Citi, Guggenheim Capital, JP Morgan, Kohlberg Kravis Roberts & Co, Needham Group Inc/The, Nomura, Piper Sandler & Co, Raymond James & Associates, Scotiabank, TD Securities, Truist Securities Inc, Morgan Stanley",Technology,563.5,96.9734, 
7/23/24,BLMZF US,Harrison Global Holdings Inc,5.375,4.3,-43.02325821,1.25E+06,Network 1 Financial,Technology,53.4705,0.343325,OTC US
7/18/24,ARTV US,Artiva Biotherapeutics Inc,167.04,12,0,1.39E+07,"Cantor Fitzgerald, TD Securities, Jefferies","Consumer, Non-cyclical",279.379,65.5039,NASDAQ GM
7/17/24,ARDT US,Ardent Health Inc,220.8,16,0.375,1.20E+07,"BofA Securities, Citi, Leerink Partners LLC, Mizuho Financial, Morgan Stanley, RBC Capital Markets, Stephens Inc, Truist Securities Inc, JP Morgan","Consumer, Non-cyclical",2321.01,75.5709,New York
7/17/24,TWFG US,TWFG Inc,187,17,29.47058868,1.10E+07,"BMO Capital Markets, Stifel, Morgan Stanley, Piper Sandler & Co, RBC Capital Markets, UBS, William Blair & Co LLC, JP Morgan",Financial,223.752,83.0341,NASDAQ GS
7/17/24,PDCC US,Pearl Diver Credit Company Inc,50,20,-2.75,2.20E+06,Kingswood Capital Partners LLC,Financial,0,94.3712,New York
7/11/24,LPAAU US,Launch One Acquisition Corp,230,10,-0.5,2.00E+07,Cantor Fitzgerald,Diversified,230,14.0622,NASDAQ GM
7/10/24,2507 HK,Cirrus Aircraft Ltd,193.254,27.5,0,5.49E+07,"Agricultural Bank of China, AVIC CAPITAL, Bank of China, China Galaxy Financial Holdings, China International Capital Corp, China Merchants Securities, China Merchants Bank, Futu Holdings Ltd, Guosen Securities, Huatai Securities, Industrial & Commercial Bank of China, Tiger Brokers HK Global",Industrial,0,83.2202,Hong Kong
7/9/24,SIMAU US,SIM Acquisition Corp I,230,10,-0.200000003,2.00E+07,Cantor Fitzgerald,Diversified,230,20.9769,NASDAQ GM
6/27/24,LB US,Landbridge Co LLC,283.475,17,36.17647171,1.45E+07,"Barclays, Wells Fargo, Goldman Sachs",Energy,246.5,94.2599,New York
6/27/24,ALMS US,Alumis Inc,210,16,-16.875,1.31E+07,"Cantor Fitzgerald, Guggenheim Capital, Leerink Partners LLC, Morgan Stanley","Consumer, Non-cyclical",901.915,80.3198,NASDAQ GS
6/27/24,LSH US,Lakeside Holding Ltd,6.75,4.5,-10.88888931,1.50E+06,"Axiom Capital Management Inc, Benchmark Co LLC/The",Industrial,33.75,3.45397,NASDAQ CM
6/26/24,WBTN US,Webtoon Entertainment Inc,343.802,21,9.523809433,1.50E+07,"Deutsche Bank, Evercore, HSBC, JP Morgan, Morgan Stanley, UBS, Goldman Sachs","Consumer, Cyclical",2697.25,16.5153,NASDAQ GS
6/25/24,GRAF/U US,Graf Global Corp,230,10,0.100000002,2.00E+07,Cantor Fitzgerald,Diversified,230,8.94921,NYSEAmerican
6/18/24,CUBWU US,Lionheart Holdings,230,10,0.100000002,2.00E+07,Cantor Fitzgerald,Diversified,230,0.138,NASDAQ GM
6/18/24,FSHPU US,Flag Ship Acquisition Corp,60,10,0,6.00E+06,Lucid Management & Capital Partners LP,Diversified,63.1,0.11302,NASDAQ GM
6/17/24,MACIU US,Melar Acquisition Corp I,160,10,0,1.50E+07,Cohen & Co,Diversified,160,18.5726,NASDAQ GM
6/13/24,TEM US,Tempus Labs Inc,410.7,37,8.783783913,1.11E+07,"Allen & Co, BofA Securities, TD Securities, JP Morgan, Morgan Stanley","Consumer, Non-cyclical",5922.26,62.6092,NASDAQ GS
6/13/24,SPMC US,Sound Point Meridian Capital Inc,80,20,0,4.00E+06,"B Riley Financial Inc, Janney Montgomery Scott LLC, Piper Sandler & Co, Oppenheimer & Co",Financial,0,132.201,New York
6/12/24,PCSC US,Perceptive Capital Solutions Corp,86.25,10,0.5,7.50E+06,Jefferies,Diversified,107.75,97.7439,NASDAQ GM
6/10/24,ALFUU US,Centurion Acquisition Corp,287.5,10,0.300000012,2.50E+07,Cantor Fitzgerald,Diversified,287.5,15.2396,NASDAQ GM
6/7/24,AOTI LN,AOTI Inc,44.8508,1.32,3.030298948,2.66E+07,,"Consumer, Non-cyclical",178.706,35.1611,London
6/6/24,WAY US,Waystar Holding Corp,967.5,21.5,-3.720930338,4.50E+07,"Barclays, Goldman Sachs, JP Morgan, William Blair & Co LLC, Evercore, BofA Securities, RBC Capital Markets, Deutsche Bank",Technology,3583.19,114.045,NASDAQ GS
6/6/24,LIF US,Life360 Inc,178.538,27,0,5.75E+06,"Goldman Sachs, Evercore, UBS",Technology,1971.18,53.3559,NASDAQ GS
6/6/24,RAPP US,Rapport Therapeutics Inc,156.4,17,22.35294151,8.00E+06,"Jefferies, Stifel, TD Securities, Goldman Sachs","Consumer, Non-cyclical",621.792,102.927,NASDAQ GM
6/5/24,FLYE US,FLY-E Group Inc,10.35,4,19.5,2.25E+06,Benchmark Co Inc/The,"Consumer, Cyclical",98.35,1.84234,NASDAQ CM
5/31/24,2310313D US,Nakamoto Inc,6.82,5.5,,1.24E+06,Wallachbeth Capital LLC,"Consumer, Non-cyclical",32.2349,, 
5/22/24,BOW US,Bowhead Specialty Holdings Inc,128,17,40,7.53E+06,"Citizens Financial Group Inc, Dowling & Partners Securities LLC, Stifel, Morgan Stanley, RBC Capital Markets, JP Morgan",Financial,521.334,92.8166,New York
5/21/24,KBDC US,Kayne Anderson BDC Inc,99.78,16.63,-1.984360695,6.00E+06,"BofA Securities, Stifel, RBC Capital Markets, UBS, Wells Fargo, Morgan Stanley",Financial,1182.67,64.4769,New York
5/13/24,BTOC US,Armlogi Holding Corp,8,5,-7.599999905,1.60E+06,EF Hutton,"Consumer, Cyclical",210,2.11829,NASDAQ GM
5/9/24,GPATU US,GP-Act III Acquisition Corp,287.5,10,0.899999976,2.50E+07,Cantor Fitzgerald,Diversified,250,15.1956,NASDAQ GM
5/8/24,PAL US,Proficient Auto Logistics Inc,236.52,15,-1.666666627,1.43E+07,"Raymond James & Associates, William Blair & Co LLC, Stifel",Industrial,383.22,78.4006,NASDAQ GS
5/8/24,SVCO US,Silvaco Group Inc,114,19,4.210526466,6.00E+06,"TD Securities, Jefferies",Technology,542.368,28.6537,NASDAQ GS
5/7/24,NNE US,NANO Nuclear Energy Inc,11.784,4,29.75,2.56E+06,Benchmark Co Inc/The,Industrial,117.564,48.914,NASDAQ CM
5/2/24,CCIXU US,Churchill Capital Corp IX,287.5,10,0.699999988,2.50E+07,Citi,Diversified,294,13.0035,NASDAQ GM
4/26/24,ZONE US,Cleancore Solutions Inc,5,4,-12.5,1.25E+06,Boustead Securities LLC,"Consumer, Cyclical",27.2536,35.1315,NYSEAmerican
4/25/24,LOAR US,Loar Holdings Inc,308,28,74.2857132,1.10E+07,"Citi, Moelis & Co, Morgan Stanley, RBC Capital Markets, Jefferies",Industrial,2464,101.817,New York
4/24/24,RBRK US,Rubrik Inc,863.114,32,15.625,2.35E+07,"Barclays, BMO Capital Markets, Citi, Deutsche Bank, Guggenheim Capital, Mizuho Financial, Truist Securities Inc, Wells Fargo, Goldman Sachs",Technology,5740.94,76.1455,New York
4/17/24,IBTA US,Ibotta Inc,663.942,88,17.32954597,6.56E+06,"BofA Securities, Citi, Goldman Sachs",Technology,2395.49,92.7129,New York
4/17/24,CTRI US,Centuri Holdings Inc,299.46,21,10.14285755,1.24E+07,"BofA Securities, JP Morgan, Wells Fargo, UBS",Industrial,1858.87,105.246,New York
4/17/24,SERV US,Serve Robotics Inc,40,4,32.5,1.00E+07,Aegis Capital Corp,Communications,0,44.1943,NASDAQ CM
4/15/24,BGFR US,Bestgofer Inc,0.0832,0.04,,,,Technology,0.2352,,OTC US
4/11/24,ULS US,UL Inc,946.4,28,24.7857151,2.87E+07,"BofA Securities, Citi, Jefferies, JP Morgan, UBS, Goldman Sachs","Consumer, Non-cyclical",946.4,117.851,New York
4/10/24,PACS US,PACS Group Inc,517.501,21,9.523809433,2.14E+07,"Goldman Sachs, JP Morgan, RBC Capital Markets, Truist Securities Inc, Citi","Consumer, Non-cyclical",3153.19,29.8915,New York
4/4/24,CTNM US,Contineum Therapeutics Inc,118.768,16,-3.75,6.88E+06,"Morgan Stanley, RBC Capital Markets, Stifel, Goldman Sachs","Consumer, Non-cyclical",383.128,93.4241,NASDAQ GS
4/2/24,MAMO US,Massimo Group,5.85,4.5,-33.11111069,1.30E+06,"RF Lafferty & Co, Craft Capital Management LLC","Consumer, Cyclical",185.85,1.72164,NASDAQ CM
3/27/24,BOLD US,Boundless Bio Inc,100,16,-10.9375,6.25E+06,"Guggenheim Capital, Leerink Partners LLC, Piper Sandler & Co, Goldman Sachs","Consumer, Non-cyclical",355.829,58.1982,NASDAQ GS
3/25/24,IBACU US,IB Acquisition Corp,115,10,-0.100000002,1.00E+07,"IB Capital LLC, I-Bankers Securities Inc",Diversified,152.405,11.0652, 
3/21/24,BKHAU US,Black Hawk Acquisition Corp,69,10,1.5,6.90E+06,EF Hutton,Diversified,0,56.6334,NASDAQ GM
3/20/24,RDDT US,Reddit Inc,860.2,34,48.35293961,2.20E+07,"Mitsubishi UFJ Financial Group Inc, Deutsche Bank, Citi, BofA Securities, JP Morgan, Goldman Sachs, Morgan Stanley",Communications,1365.83,98.0511,New York
3/19/24,ALAB US,Astera Labs Inc,819.72,36,72.30555725,1.98E+07,"Jefferies, Evercore, Deutsche Bank, Barclays, JP Morgan, Morgan Stanley",Technology,5585.98,68.1549,NASDAQ GS
2/26/24,SMXT US,SolarMax Technology Inc,20.16,4,100,4.50E+06,Kingswood Capital Partners LLC,Energy,180.161,2.60041,NASDAQ CM
2/22/24,2389772D US,Vocodia Holdings Corp,15.066,4,,3.77E+06,Alexander Capital LP,Technology,33.214,, 
2/16/24,PTHS US,Pelthos Therapeutics Inc,6.6,6,-20,1.10E+06,AGP / Alliance Global Partners Corp,"Consumer, Non-cyclical",33.5046,30.2094,NYSEAmerican
2/8/24,MGX US,Metagenomi Therapeutics Inc,93.75,15,-31.26666641,6.25E+06,"BMO Capital Markets, TD Securities, Jefferies, Wells Fargo, JP Morgan","Consumer, Non-cyclical",562.915,28.0139,NASDAQ GS
2/8/24,TELO US,Telomir Pharmaceuticals Inc,7,7,-28.5714283,1.00E+06,Kingswood Capital Partners LLC,"Consumer, Non-cyclical",207.269,7.20832,NASDAQ CM
2/7/24,KYTX US,Kyverna Therapeutics Inc,366.85,22,36.36363602,1.45E+07,"Leerink Partners LLC, Morgan Stanley, Wells Fargo, JP Morgan","Consumer, Non-cyclical",945.945,67.822,NASDAQ GS
2/6/24,AHR US,American Healthcare REIT Inc,772.8,12,10.16666698,5.60E+07,"Barclays, Citi, KeyBanc Capital Markets, Morgan Stanley, RBC Capital Markets, Truist Securities Inc, BofA Securities",Financial,0,108.883,New York
2/5/24,LEGT/U US,Legato Merger Corp III,201.25,10,0.550000012,1.75E+07,BTIG LLC,Diversified,180.228,16.3113,NYSEAmerican
2/1/24,ANRO US,Alto Neuroscience Inc,147.936,16,29.375,8.04E+06,"TD Securities, Stifel, William Blair & Co LLC, Jefferies","Consumer, Non-cyclical",428.486,75.7097,New York
2/1/24,GUTS US,Fractyl Laboratories Inc,109.999,15,-14.33333302,7.33E+06,"Evercore, Morgan Stanley, BofA Securities","Consumer, Non-cyclical",714.108,86.9856,NASDAQ GM
1/26/24,AMIX US,Autonomix Medical Inc,11.171,5,1.399999976,2.23E+06,"RF Lafferty & Co, Digital Offering LLC","Consumer, Non-cyclical",0,3.35386,NASDAQ CM
1/25/24,BTSG US,BrightSpring Health Services Inc,693.333,13,-15.38461494,5.33E+07,"BMO Capital Markets, BofA Securities, Deutsche Bank, Guggenheim Capital, HSBC, Jefferies, Kohlberg Kravis Roberts & Co, Leerink Partners LLC, Loop Capital Markets LLC, Mizuho Financial, Morgan Stanley, Sofi Securities LLC, UBS, Wells Fargo, Goldman Sachs","Consumer, Non-cyclical",2225.47,104.192,NASDAQ GS
1/25/24,AVBP US,ArriVent Biopharma Inc,201.249,18,11.11111069,9.72E+06,"Citi, Jefferies, Goldman Sachs","Consumer, Non-cyclical",576.47,92.6505,NASDAQ GM
1/24/24,CGON US,CG oncology Inc,437,19,95.63157654,2.00E+07,"Cantor Fitzgerald, Goldman Sachs, Morgan Stanley","Consumer, Non-cyclical",1206.17,110.915,NASDAQ GS
1/24/24,NCDL US,Nuveen Churchill Direct Lending Corp,99.275,18.05,-1.108029008,5.50E+06,"Citizens Financial Group Inc, Stifel, Morgan Stanley, Truist Securities Inc, UBS, Wells Fargo, BofA Securities",Financial,989.423,58.9791,New York
1/23/24,MSDL US,Morgan Stanley Direct Lending Fund,103.35,20.67,-0.145138249,5.00E+06,"JP Morgan, Stifel, Raymond James & Associates, RBC Capital Markets, UBS, Wells Fargo, Morgan Stanley",Financial,1824.71,29.6617,New York
1/17/24,PSBD US,Palmer Square Capital BDC Inc,89.6525,16.45,-1.580551624,5.45E+06,"BofA Securities, Citi, RBC Capital Markets, UBS, JP Morgan",Financial,535.492,73.7993,New York
1/10/24,SDHC US,Smith Douglas Homes Corp,161.538,21,14.28571415,7.69E+06,"BofA Securities, Nomura, RBC Capital Markets, Wells Fargo, Zelman Partners LLC, JP Morgan","Consumer, Cyclical",161.538,108.735,New York
12/28/23,NBBK US,NB Bancorp Inc,409.9,10,37.70000076,4.10E+07,Piper Sandler & Co,Financial,0,57.6277,NASDAQ CM
12/27/23,IROHU US,CN Healthy Food Tech Group Corp,69,10,0.300000012,6.10E+06,EF Hutton,"Consumer, Non-cyclical",68,6.4272, 
12/14/23,BAYAU US,Bayview Acquisition Corp,60,10,0.699999988,6.00E+06,Chardan Capital Markets LLC,Diversified,77.325,3.19059,NASDAQ GM
12/5/23,INHD US,Inno Holdings Inc,10,4,246.75,2.50E+06,AC Sunshine Securities LLC,Basic Materials,83.0068,2.19746,NASDAQ CM
12/1/23,AFJKU US,Aimei Health Technology Co Ltd,69,10,1.5,6.00E+06,Spartan Capital Securities LLC,Diversified,87.65,34.2022,NASDAQ GM
11/20/23,2601927D US,Colombier Acquisition Corp II,170,10,-0.100000002,1.50E+07,BTIG LLC,Diversified,170,6.39064, 
11/20/23,ELAB US,PMGC Holdings Inc,6,4,-15,1.50E+06,"Webull Financial LLC, Univest Securities LLC","Consumer, Non-cyclical",69.316,0.939712,NASDAQ CM
11/17/23,RR US,Richtech Robotics Inc,10.713,5,5,2.10E+06,RF Lafferty & Co,Industrial,99.278,31.0455,NASDAQ CM
11/14/23,ENL AU,Enlitic Inc,13.6745,0.83,2.409640551,2.54E+07,MST Financial Services Pty Ltd,"Consumer, Non-cyclical",46.5085,14.3619,ASE
11/13/23,SHIM US,Shimmick Corp,25.025,7,-8.571428299,3.58E+06,Roth Capital Partners Inc,Industrial,178.451,61.4568,NASDAQ CM
11/13/23,SGN US,Signing Day Sports Inc,6,5,-61.40000153,1.20E+06,Boustead Securities LLC,Technology,44.6885,, 
11/9/23,CRGX US,Cargo Therapeutics Inc,281.25,15,-3.133333445,1.88E+07,"TD Securities, Jefferies, Truist Securities Inc, JP Morgan","Consumer, Non-cyclical",580.087,18.4526, 
11/8/23,ANSCU US,Agriculture & Natural Solutions Acquisition Corp,300,10,0.5,3.00E+07,Citi,Diversified,0,14.6302,NASDAQ GM
11/8/23,AITRU US,Ai Transportation Acquisition Corp,60,10,1.600000024,6.00E+06,EF Hutton,Diversified,52.59,27.1355, 
11/2/23,LXEO US,Lexeo Therapeutics Inc,99.9999,11,-8.636363983,9.09E+06,"JP Morgan, Leerink Partners LLC, Stifel, RBC Capital Markets, Chardan Capital Markets LLC","Consumer, Non-cyclical",276.862,116.894,NASDAQ GM
10/24/23,MNR US,Mach Natural Resources LP,190,19,-3.473684311,1.00E+07,"Raymond James & Associates, Stifel",Energy,1805,80.81,New York
10/20/23,CPBI US,Central Plains Bancshares Inc,41.308,10,-9,4.13E+06,Stifel,Financial,41.308,38.9961,NASDAQ CM
10/18/23,NCL US,Northann Corp,6,5,-8,1.20E+06,"Prime Number Capital LLC, RF Lafferty & Co, Craft Capital Management LLC",Industrial,115,26.0888,NYSEAmerican
10/10/23,LRHC US,La Rosa Holdings Corp,5,5,-30,1.00E+06,Alexander Capital LP,Financial,59.853,5.69045,NASDAQ CM
10/5/23,SPKLU US,Spark I Acquisition Corp,100,10,0.899999976,1.00E+07,Cantor Fitzgerald,Diversified,100,0.18223,NASDAQ GM
10/5/23,QETAU US,Quetta Acquisition Corp,69,10,0.899999976,6.00E+06,Lehman Brothers,Diversified,69,22.047,NASDAQ GM
10/5/23,MSS US,Maison Solutions Inc,10,4,124,2.50E+06,Joseph Stone Capital LLC,"Consumer, Non-cyclical",65.04,4.97923,NASDAQ CM
9/29/23,SYRA US,Syra Health Corp,6.6619,4.125,-27.27272797,1.62E+06,Kingswood Capital Partners LLC,"Consumer, Non-cyclical",21.2112,,OTC US
9/28/23,GPAK US,Gamer Pakistan Inc,6.8,4,-44.25,1.70E+06,"RF Lafferty & Co, Westpark Capital Inc","Consumer, Cyclical",102.317,,OTC US
9/20/23,SRBK US,SR Bancorp Inc,90.552,10,-7.199999809,9.06E+06,Stifel,Financial,0,40.2565,NASDAQ CM
9/20/23,MDBH US,MDB Capital Holdings LLC,20.0004,12,4.166666508,1.67E+06,,Financial,0,3.37448,NASDAQ CM
9/19/23,KVYO US,Klaviyo Inc,658.92,30,9.199999809,1.92E+07,"Goldman Sachs, Morgan Stanley, Citi, Barclays, Mizuho Financial, William Blair & Co LLC, Piper Sandler & Co, Truist Securities Inc",Technology,0,89.7886,New York
9/18/23,CART US,Maplebear Inc,660,30,12.33333302,2.20E+07,"Citi, Barclays, BofA Securities, JP Morgan, Goldman Sachs",Communications,8383.77,84.6669,NASDAQ GS
9/14/23,RYZB US,RayzeBio Inc,357.646,18,33.33333206,1.73E+07,"JP Morgan, Jefferies, Evercore, Truist Securities Inc","Consumer, Non-cyclical",1094.17,90.7604, 
9/14/23,NMRA US,Neumora Therapeutics Inc,250.07,17,-4.411764622,1.47E+07,"BofA Securities, Guggenheim Capital, RBC Capital Markets, Stifel, William Blair & Co LLC, JP Morgan","Consumer, Non-cyclical",2583.13,50.1661,NASDAQ GS
8/30/23,IVPR US,Inspire Veterinary Partners Inc,6.4,4,-23.25,1.60E+06,Spartan Capital Securities LLC,"Consumer, Non-cyclical",24.2488,0.748585,OTC US
8/17/23,NNAGU US,99 Acquisition Group Inc,75,10,1.600000024,7.50E+06,EF Hutton,Diversified,75,5.80886, 
8/15/23,NWTG US,Newton Golf Company Inc,12.8,4,624.25,3.20E+06,Benchmark Co Inc/The,"Consumer, Cyclical",58.3836,12.1469,NASDAQ CM
8/15/23,TRON US,Tron Inc,6.25,5,-0.400000006,1.25E+06,,"Consumer, Cyclical",47.25,1.84182,NASDAQ CM
8/9/23,NRXS US,Neuraxis Inc,6.5916,6,0,1.10E+06,Alexander Capital LP,"Consumer, Non-cyclical",36.6606,24.8044,NYSEAmerican
8/9/23,YHC US,LQR House Inc,5,5,-22,1.00E+06,EF Hutton,Communications,55.777,4.2604,NASDAQ CM
8/2/23,MIRA US,Mira Pharmaceuticals Inc,8.925,7,6,1.28E+06,Kingswood Capital Partners LLC,"Consumer, Non-cyclical",103.216,5.86476,NASDAQ CM
7/31/23,BVFL US,BV Financial Inc,97.99,10,2.400000095,9.80E+06,Performance Trust Capital Partners LLC,Financial,0,63.1129,NASDAQ CM
7/31/23,CTNT US,Cheetah Net Supply Chain Service Inc,5,4,72.5,1.25E+06,Maxim Group LLC,"Consumer, Cyclical",71.664,0.321958,NASDAQ CM
7/25/23,HYAC/U US,Haymaker Acquisition Corp 4,230,10,1.200000048,2.00E+07,"Cantor Fitzgerald, William Blair & Co LLC",Diversified,0,0.0945558,New York
7/24/23,KVACU US,Keen Vision Acquisition Corp,149.5,10,0.800000012,1.30E+07,"Arcadia Securities LLC, EF Hutton",Diversified,0,0.0254259,NASDAQ GM
7/24/23,DFDV US,DeFi Development Corp,5.65,4,-4.5,1.41E+06,"Spartan Capital Securities LLC, RF Lafferty & Co",Technology,39.9748,24.3377,NASDAQ CM
7/20/23,TSBX US,Turnstone Biologics Corp,87.8208,12,-8.333333015,6.67E+06,"BofA Securities, Leerink Partners LLC, Piper Sandler & Co","Consumer, Non-cyclical",274.076,10.6766, 
7/13/23,APGE US,Apogee Therapeutics Inc,345.057,17,24.88235283,1.77E+07,"TD Securities, Guggenheim Capital, Stifel, Jefferies","Consumer, Non-cyclical",0,128.864,NASDAQ GM
7/13/23,NETDU US,Nabors Energy Transition Corp II,305,10,1.100000024,3.05E+07,"Wells Fargo, Citi",Diversified,305,4.04984, 
7/13/23,SGMT US,Sagimet Biosciences Inc,96.4288,16,-0.3125,5.31E+06,"Goldman Sachs, TD Securities, Piper Sandler & Co, Citizens Financial Group Inc","Consumer, Non-cyclical",341.786,52.9701,NASDAQ GM
7/13/23,2293147D CN,Integrated Cyber Solutions Inc,1.21968,0.25,,6.40E+06,Leede Jones Gable Inc,Technology,0,,Canadian Sec
7/12/23,2222760D US,60 Degrees Pharmaceuticals Inc,7.5,5.3,,1.42E+06,Wallachbeth Capital LLC,"Consumer, Non-cyclical",0,, 
7/11/23,BOWNU US,Bowen Acquisition Corp,60,10,1.299999952,6.00E+06,EarlyBirdCapital.com,Diversified,63.3,, 
7/6/23,AURE US,Aurelion Inc,5,5,8,1.00E+06,"RF Lafferty & Co, Revere Securities Corp",Financial,45,33.5093,NASDAQ CM
6/29/23,INTS US,Intensity Therapeutics Inc,22.425,5,19.20000076,3.90E+06,"Freedom Capital Markets, Benchmark Co LLC/The","Consumer, Non-cyclical",65.7445,9.29973,NASDAQ CM
6/29/23,AENT US,Alliance Entertainment Holding,4.005,3,10,1.34E+06,ThinkEquity LLC,"Consumer, Cyclical",152.499,2.31669,NASDAQ CM
6/28/23,SVV US,Savers Value Village Inc,401.251,18,27.27777863,2.23E+07,"UBS, Jefferies, Goldman Sachs, JP Morgan","Consumer, Cyclical",2888.15,110.068,New York
6/28/23,KGS US,Kodiak Gas Services Inc,294.4,16,-1.875,1.60E+07,"Barclays, BofA Securities, JP Morgan, Raymond James & Associates, RBC Capital Markets, Stifel, Truist Securities Inc, Tudor Pickering Holt & Co LLC, Goldman Sachs",Energy,1200,101.411,New York
6/27/23,GENK US,GEN Restaurant Group Inc,49.68,12,27.83333397,3.60E+06,Roth Capital Partners Inc,"Consumer, Cyclical",49.68,24.0207,NASDAQ GM
6/16/23,BOF US,AvoLov LLC,7.14,6,-26.16666603,1.19E+06,Alexander Capital LP,"Consumer, Non-cyclical",23.778,16.5464,NASDAQ CM
6/15/23,AZTR US,Azitra Inc,7.5,5,-1.200000048,1.50E+06,ThinkEquity LLC,"Consumer, Non-cyclical",60.4325,7.53775,NYSEAmerican
6/14/23,CAVA US,Cava Group Inc,365.444,22,99,1.44E+07,"Citi, Jefferies, Morgan Stanley, Piper Sandler & Co, Robert W Baird & Co, Stifel, William Blair & Co LLC, JP Morgan","Consumer, Cyclical",2498.14,107.514,New York
6/13/23,ESHAU US,ESH Acquisition Corp,115,10,0.899999976,1.00E+07,"IB Capital LLC, I-Bankers Securities Inc",Diversified,115,8.46809, 
5/25/23,ATMU US,Atmus Filtration Technologies Inc,316.74,19.5,11.02564144,1.41E+07,"Robert W Baird & Co, HSBC, Wells Fargo, BofA Securities, JP Morgan, Goldman Sachs",Industrial,1665.62,108.502,New York
5/24/23,IPXXU US,USA Rare Earth Inc,250,10,0.699999988,2.20E+07,Cantor Fitzgerald,Basic Materials,230,185.278, 
5/17/23,MGRM US,Monogram Technologies Inc,17.2159,7.25,62.06896591,2.37E+06,,"Consumer, Non-cyclical",224.148,5.80893, 
5/16/23,CWD US,CaliberCos Inc,4.8,4,50,1.20E+06,Spartan Capital Securities LLC,Financial,52.802,3.34974,NASDAQ CM
5/15/23,SGE US,Strong Global Entertainment Inc,4,4,-7.25,1.00E+06,ThinkEquity LLC,"Consumer, Cyclical",28,0.321332, 
5/4/23,SLRN US,ACELYRIN Inc,621,18,30.55555534,3.00E+07,"Morgan Stanley, Jefferies, TD Securities, Piper Sandler & Co","Consumer, Non-cyclical",1749.6,11.5687, 
5/4/23,ALCYU US,Alchemy Investments Acquisition Corp 1,115,10,1.100000024,,Cantor Fitzgerald,Diversified,115,5.78425,NASDAQ CM
5/3/23,KVUE US,Kenvue Inc,4372.17,22,22.27272797,1.73E+08,"BNP Paribas, BofA Securities, Citi, Deutsche Bank, HSBC, JP Morgan, RBC Capital Markets, UBS, Goldman Sachs","Consumer, Non-cyclical",0,97.2351,New York
5/1/23,GODNU US,Golden Star Acquisition Corp,60,10,1.5,6.00E+06,Ladenburg Thalmann & Co,Diversified,62.8,8.33316, 
4/27/23,TRNR US,Interactive Strength Inc,12,8,-17.375,1.50E+06,Aegis Capital Corp,Technology,114.617,0.57198,NASDAQ CM
4/20/23,AACT/U US,Kodiak AI Inc,450,10,0.699999988,4.50E+07,"UBS, Citi",Technology,450,, 
4/17/23,TPET US,Trio Petroleum Corp,6,3,-24.33333397,2.00E+06,Spartan Capital Securities LLC,Energy,57.261,1.47619,NYSEAmerican
4/3/23,FADL LN,Fadel Partners Inc,35.6451,144,2.083333254,2.00E+07,,Technology,35.6462,45.715,London
4/3/23,ISPR US,Ispire Technology Inc,33.985,7,7.857142925,4.45E+06,US Tiger Securities Inc,"Consumer, Non-cyclical",373.835,8.72842,NASDAQ CM
3/28/23,TBMCU US,Trailblazer Merger Corp I,60,10,1.100000024,6.00E+06,"Ladenburg Thalmann & Co, Lifesci Capital LLC",Diversified,63.63,35.9631, 
3/27/23,TMTCU US,TMT Acquisition Corp,60,10,1.899999976,6.00E+06,Maxim Group LLC,Diversified,63.7,, 
3/23/23,CETY US,Clean Energy Technologies Inc,3.9,4,13,975000,"Ninth Eternity Securities LLC, RF Lafferty & Co, Craft Capital Management LLC",Energy,152.6,39.0927,NASDAQ CM
3/21/23,MGRX US,Mangoceuticals Inc,5,4,0,1.25E+06,"Boustead Securities LLC, Sutter Securities Inc","Consumer, Cyclical",61.26,18.6195,NASDAQ CM
3/16/23,FORLU US,Four Leaf Acquisition Corp,54.21,10,2,5.20E+06,EF Hutton,Diversified,54.21,15.4014,OTC US
3/8/23,AESI US,Atlas Energy Solutions Inc,324,18,-5.833333492,1.80E+07,"Barclays, BofA Securities, Citi, Piper Sandler & Co, RBC Capital Markets, Goldman Sachs",Energy,896.096,96.1334,New York
3/8/23,2310932D US,AESI Holdings Inc,324,18,-5.833333492,1.80E+07,"Piper Sandler & Co, BofA Securities, Goldman Sachs",Energy,1028.65,0.000715692, 
3/8/23,BABY US,PishPosh Inc,8.833,5,,,"Sutter Securities Inc, Boustead Securities LLC",Communications,33.53,19.7459, 
2/27/23,SBXC/U US,SilverBox Corp III,138,10,0.699999988,1.20E+07,UBS,Diversified,138,11.0645, 
2/14/23,2212296D US,Bullfrog AI Holdings Inc,8.4325,6.5,,1.30E+06,"Wallachbeth Capital LLC, EF Hutton","Consumer, Non-cyclical",0,3.86609, 
2/14/23,GXAI US,Gaxos.ai Inc,6.9998,4.15,-2.409640789,1.69E+06,"Laidlaw & Co UK Ltd, Revere Securities Corp",Technology,50.2316,8.76696,NASDAQ CM
2/13/23,MARXU US,Mars Acquisition Corp,69,10,1.700000048,6.00E+06,Maxim Group LLC,Diversified,72.55,6.44181, 
2/10/23,BLACU US,OSR Holdings Inc,69,10,1.600000024,6.00E+06,Chardan Capital Markets LLC,"Consumer, Non-cyclical",73.3,50.3561, 
2/9/23,MLYS US,Mineralys Therapeutics Inc,220.8,16,15.25,1.20E+07,"UBS, Evercore, Guggenheim Capital, Stifel, Wells Fargo, BofA Securities","Consumer, Non-cyclical",653.707,113.482,NASDAQ GS
2/9/23,PTHRU US,New Horizon Aircraft Ltd,115,10,1.5,1.00E+07,EF Hutton,Industrial,121.014,5.50585, 
2/8/23,NXT US,Nextpower Inc,734.16,24,26.91666603,2.66E+07,"Scotiabank, KeyBanc Capital Markets, Truist Securities Inc, Mizuho Financial, HSBC, BNP Paribas, Barclays, Citi, BofA Securities, JP Morgan",Energy,1020.6,109.479,NASDAQ GS
2/3/23,,Strive Inc,7.5,5,-29,,Boustead Securities LLC,,19.3235,,
2/2/23,GPCR US,Structure Therapeutics Inc,185.265,15,73.33333588,1.07E+07,"Jefferies, SVB Financial Group, Guggenheim Capital, BMO Capital Markets","Consumer, Non-cyclical",185.265,127.478,NASDAQ GM
1/26/23,TXO US,TXO Partners LP,115,20,10,5.00E+06,"Capital One Financial, Janney Montgomery Scott LLC, Stifel, Raymond James & Associates",Energy,600,29.7548,New York
1/25/23,GNLX US,Genelux Corp,15,6,2.5,2.50E+06,"Arcadia Securities LLC, Benchmark Co Inc/The","Consumer, Non-cyclical",141.884,29.7178,NASDAQ CM
1/20/23,CVKD US,Cadrenal Therapeutics Inc,7,5,-17.60000038,1.40E+06,Boustead Securities LLC,"Consumer, Non-cyclical",58.173,7.06392,NASDAQ CM
1/13/23,ISLUF US,Israel Acquisitions Corp,146.625,10.2,-0.686272681,1.25E+07,BTIG LLC,Diversified,154.02,124.177,OTC US
1/12/23,SKWD US,Skyward Specialty Insurance Group Inc,154.41,15,27.33333397,8.95E+06,"Stifel, Barclays, Citizens Financial Group Inc, Piper Sandler & Co, Truist Securities Inc, Raymond James & Associates",Financial,564.001,89.7967,NASDAQ GS
1/10/23,MGOL US,MGO Global Inc,7.5,5,-7,1.50E+06,"Boustead Securities LLC, Sutter Securities Inc","Consumer, Cyclical",65.946,, 
1/10/23,ATLX US,Atlas Lithium Corp,4.05,6,18.33333397,880000,EF Hutton,Basic Materials,34.719,20.5013,NASDAQ CM
12/31/22,BYLT US,Elite Performance Holding Corp,1.5045,0,,,,"Consumer, Non-cyclical",0,, 
12/30/22,ATMCU US,Alphatime Acquisition Corp,69,10,1.100000024,6.00E+06,Chardan Capital Markets LLC,Diversified,72.7,5.33595, 
12/29/22,COYA US,Coya Therapeutics Inc,15.25,5,-8.600000381,3.05E+06,"Chardan Capital Markets LLC, Newbridge Securities Corp","Consumer, Non-cyclical",48.397,39.1467,NASDAQ CM
12/21/22,HSPUF US,Horizon Space Acquisition I Corp,69,10,0.699999988,6.00E+06,Network 1 Financial,Diversified,72.52,6.48042,OTC US
12/19/22,ATMVU US,AMC Robotics Corp,73.17,10,-17.75317764,6.00E+06,EarlyBirdCapital.com,Industrial,77.9261,0.0730135, 
12/19/22,LIPO US,Lipella Pharmaceuticals Inc,7.0001,5.75,-18.08695602,1.22E+06,Spartan Capital Securities LLC,"Consumer, Non-cyclical",32.7359,,OTC US
12/9/22,JEWL US,Adamas One Corp,11.025,4.5,5.333333492,2.45E+06,"Network 1 Financial, Alexander Capital LP",Basic Materials,82.427,2.80292,OTC US
11/18/22,CRKN US,Crown ElectroKinetics Corp,9.4405,0,,1.26E+07,,Industrial,0,,OTC US
11/17/22,CJAX US,CoJax Oil and Gas Corp,12,0,,6.00E+06,,Energy,0,25.0328,OTC US
11/17/22,GWLL US,Goldenwell Biotech Inc,0.08,0,,1.60E+06,,"Consumer, Non-cyclical",0,,OTC US
11/14/22,ACRV US,Acrivon Therapeutics Inc,94.375,12.5,33.11999893,7.55E+06,"Jefferies, TD Securities, Piper Sandler & Co","Consumer, Non-cyclical",235.123,58.9263,NASDAQ GM
11/10/22,ASPI US,ASP Isotopes Inc,5,4,-33.25,1.25E+06,Revere Securities Corp,Energy,125.428,57.8398,NASDAQ CM
11/9/22,PLTNU US,Plutonian Acquisition Corp,57.5,10,0.300000012,5.00E+06,EF Hutton,Diversified,59.955,, 
11/9/22,SNAL US,Snail Inc,15,5,-55,3.00E+06,"EF Hutton, US Tiger Securities Inc",Technology,46.257,11.7114,NASDAQ CM
10/27/22,BMN US,BlackRock 2037 Municipal Target Term Trust,153.592,25,0.319999993,5.38E+06,"Morgan Stanley, BofA Securities, Wells Fargo, UBS",Financial,0,24.1112,New York
10/19/22,PRME US,Prime Medicine Inc,199.264,17,-9.588234901,1.03E+07,"Goldman Sachs, Morgan Stanley, JP Morgan, Jefferies","Consumer, Non-cyclical",1627.41,62.0649,NASDAQ GM
10/14/22,HUDAU US,Hudson Acquisition I Corp,60,10,0.100000002,6.00E+06,Chardan Capital Markets LLC,Diversified,60,119.566, 
10/13/22,TENKU US,Citius Oncology Inc,66,10,0.300000012,6.00E+06,Maxim Group LLC,"Consumer, Non-cyclical",69.7,105.538, 
10/12/22,SVIUF US,Spring Valley Acquisition Corp II,230,10,1,2.00E+07,"Citi, Guggenheim Capital",Diversified,230,10.8823, 
10/12/22,CTM US,Castellum Inc,3,2,35,1.50E+06,EF Hutton,Technology,83.0262,14.9151,NYSEAmerican
10/3/22,AQUNU US,Aquaron Acquisition Corp,50,10,0.201000005,5.00E+06,Chardan Capital Markets LLC,Diversified,52.563,,OTC US
9/30/22,LASE US,Laser Photonics Corp,15,5,-48.40000153,3.00E+06,Alexander Capital LP,Industrial,39.392,6.20617,NASDAQ CM
9/29/22,DMYYU US,dMY Squared Technology Group Inc,63.19,10,0,6.00E+06,Needham Group Inc/The,Diversified,78.19,74.0161, 
9/29/22,QOMOU US,Qomolangma Acquisition Corp,52.73,10,-0.100000002,5.00E+06,Ladenburg Thalmann & Co,Diversified,55.335,5.76733, 
9/29/22,CMHF US,Community Heritage Financial Inc,12.6,21,-1.428571463,600000,Piper Sandler & Co,Financial,0,34.9717,OTC US
9/27/22,SILO US,Silo Pharma Inc,5.75,5,2,1.00E+06,Laidlaw & Co UK Ltd,"Consumer, Non-cyclical",15.6895,15.2932,NASDAQ CM
9/22/22,LPTVQ US,Loop Media Inc,12,5,-1,9.11E+06,Roth Capital Partners Inc,"Consumer, Cyclical",283.481,24.6489,OTC US
9/19/22,GLSTU US,Global Star Acquisition Inc,92,10,-0.300000012,8.00E+06,EF Hutton,Diversified,96.562,12.9974, 
9/15/22,2160254D US,Nexalin Technology Inc,9.6073,4.15,,2.32E+06,Maxim Group LLC,"Consumer, Non-cyclical",26.8298,, 
9/15/22,USBC US,USBC Inc,8.28,2,26.5,3.60E+06,Boustead Securities LLC,"Consumer, Non-cyclical",94.7786,93.1746,NYSEAmerican
9/14/22,CRBG US,Corebridge Financial Inc,1680,21,-1.285714269,8.00E+07,"BofA Securities, Citi, Deutsche Bank, Evercore, Goldman Sachs, HSBC, Jefferies, Mizuho Financial, Morgan Stanley, Piper Sandler & Co, PNC Financial Services Group Inc, Sumitomo Mitsui Financial, Wells Fargo, JP Morgan, BNP Paribas",Financial,13545,105.868,New York
9/14/22,THRD US,Third Harmonic Bio Inc,213.095,17,15.76470566,1.09E+07,"Morgan Stanley, Jefferies, TD Securities","Consumer, Non-cyclical",685.591,40.6308, 
9/13/22,LNKB US,LINKBANCORP Inc,38.259,7.5,26.79999924,4.58E+06,"Stephens Inc, Piper Sandler & Co",Financial,112.047,35.9319,NASDAQ CM
9/9/22,VSTD US,Vestand Inc,17.04,4,4.25,4.26E+06,EF Hutton,"Consumer, Cyclical",47.76,2.63518,NASDAQ CM
9/8/22,EFHTU US,ECD Automotive Design Inc,100,10,-0.5,1.00E+07,EF Hutton,"Consumer, Cyclical",101.425,29.8862, 
9/1/22,2067017D US,bioAffinity Technologies Inc,7.8559,6.125,,1.28E+06,"Wallachbeth Capital LLC, Craft Capital Management LLC","Consumer, Non-cyclical",0,, 
8/30/22,2144040D US,Shuttle Pharmaceuticals Holdings Inc,9.9604,8.125,,1.23E+06,"Valuable Capital Ltd, Boustead Securities LLC","Consumer, Non-cyclical",107.928,, 
8/30/22,HPCO US,Hempacco Co Inc,6,6,29.66666603,1.00E+06,Boustead Securities LLC,"Consumer, Non-cyclical",138.061,,OTC US
8/26/22,PXMD US,PaxMedica Inc,8.1139,5.25,-6.476190567,1.55E+06,"RF Lafferty & Co, Craft Capital Management LLC","Consumer, Non-cyclical",52.5861,,OTC US
8/25/22,2024281D US,Onfolio Holdings Inc,13.769,5,,2.75E+06,EF Hutton,Financial,0,9.70589, 
8/18/22,GCT US,GigaCloud Technology Inc,41.4173,12.25,28.08163261,2.94E+06,Aegis Capital Corp,Technology,384.133,72.5759,NASDAQ GM
8/14/22,1949794D US,Innovative Eyewear Inc,7.35,7.5,,980000,Maxim Group LLC,"Consumer, Cyclical",54.804,, 
8/11/22,FRZA US,Forza X1 Inc,17.25,5,49.79999924,3.00E+06,ThinkEquity LLC,"Consumer, Cyclical",52.25,, 
8/11/22,LUXHQ US,LuxUrban Hotels Inc,13.5,4,-7.5,3.38E+06,"Joseph Gunnar & Co, Maxim Group LLC",Financial,110.073,13.2758,OTC US
8/11/22,REBN US,Reborn Coffee Inc,7.2,5,-4,1.44E+06,EF Hutton,"Consumer, Non-cyclical",0,11.3843,NASDAQ CM
8/10/22,TGL US,Treasure Global Inc,9.2,4,345.5,2.00E+06,EF Hutton,Technology,64.0168,6.30994,NASDAQ CM
8/10/22,2017399D US,Nocera Inc,6.58,3.5,,1.88E+06,"Revere Securities Corp, Spartan Capital Securities LLC",Industrial,33.2084,, 
8/9/22,SUIG US,Sui Group Holdings Ltd,5,4,8,1.25E+06,Alexander Capital LP,Financial,24.2988,32.7402,NASDAQ CM
8/9/22,2113365D US,Ainos Inc,3.315,4.25,,780000,Maxim Group LLC,"Consumer, Non-cyclical",75.0533,, 
8/5/22,PTWOU US,SBC Medical Group Holdings Inc,115,10,0.300000012,1.00E+07,,"Consumer, Non-cyclical",120.164,64.8139, 
8/5/22,NGL AU,Nightingale Intelligent Systems Inc,4.3453,0.22,-34.09090805,2.86E+07,Novus Capital Ltd,Technology,18.298,, 
8/3/22,MOBVU US,Mobiv Acquisition Corp,100.05,10,0.400000006,8.70E+06,EF Hutton,Diversified,104.961,65.4679, 
8/2/22,2050148D US,1847 Holdings LLC,6.0001,4.2,,1.43E+06,"RF Lafferty & Co, Craft Capital Management LLC",Financial,15.8378,, 
7/28/22,MGAM US,Mobile Global Esports Inc,6.9,4,179.75,1.50E+06,Westpark Capital Inc,Communications,74.1392,2.92724,OTC US
7/27/22,ECBK US,ECB Bancorp Inc/MD,89.152,10,40.90000153,8.92E+06,Stifel,Financial,0,39.5037,NASDAQ CM
7/27/22,MAIA US,MAIA Biotechnology Inc,10,5,-10.80000019,2.00E+06,ThinkEquity LLC,"Consumer, Non-cyclical",53.1795,8.8209,NYSEAmerican
7/27/22,2031239D US,NeoVolta Inc,4.4852,4,,975000,Maxim Group LLC,Energy,0,, 
7/13/22,VWFB US,VWF Bancorp Inc,19.229,10,29,1.92E+06,Performance Trust Capital Partners LLC,Financial,0,13.036,OTC US
7/12/22,NCPL US,Netcapital Inc,5.0008,4.15,98.79517365,1.21E+06,ThinkEquity LLC,Financial,17.7317,13.798,NASDAQ CM
6/27/22,IE US,Ivanhoe Electric Inc / US,169.059,11.75,-8.08510685,1.44E+07,"Jefferies, BMO Capital Markets, JP Morgan",Basic Materials,1091.43,73.9261,NYSEAmerican
6/24/22,SKGRU US,SK Growth Opportunities Corp,209.6,10,-0.800000012,2.00E+07,Deutsche Bank,Diversified,209.6,27.8424, 
6/15/22,FLFVU US,Thunder Power Holdings Inc,85,10,-0.600000024,8.50E+06,"US Tiger Securities Inc, EF Hutton","Consumer, Cyclical",89.543,32.4198, 
6/15/22,2082549D US,HeartSciences Inc,6.375,4.25,,1.50E+06,Benchmark Co LLC/The,"Consumer, Non-cyclical",0,, 
6/15/22,YYAI US,AiRWA Inc,4,4,-50.75,1.00E+06,"Spartan Capital Securities LLC, Northland Securities Group LLC",Technology,50.6528,2.64862,NASDAQ CM
6/9/22,ACACU US,Acri Capital Acquisition Corp,86.25,10,-0.100000002,7.50E+06,EF Hutton,Diversified,86.25,24.9117, 
6/7/22,PEVM US,Phoenix Motor Inc,15.75,7.5,-45.86666489,2.10E+06,Prime Number Capital LLC,"Consumer, Cyclical",147,,OTC US
5/23/22,RIME US,Algorhythm Holdings Inc,4,4,39.87639999,1.20E+06,Aegis Capital Corp,"Consumer, Cyclical",8.4644,4.31846,NASDAQ CM
5/13/22,ASNS US,Actelis Networks Inc,16.85,4,-40,3.75E+06,Boustead Securities LLC,Communications,69.3812,11.2404,NASDAQ CM
5/13/22,2069901D US,Sobr Safe Inc,9.9998,4.25,,2.35E+06,Aegis Capital Corp,Technology,0,, 
5/12/22,ACDC US,ProFrac Holding Corp,328.108,18,0.611111105,1.60E+07,"JP Morgan, Piper Sandler & Co, Morgan Stanley, BofA Securities",Energy,0,93.4396,NASDAQ GS
5/12/22,PNACU US,Prime Number Acquisition I Corp,64.5,10,-0.600000024,6.00E+06,"Prime Number Capital LLC, Westpark Capital Inc",Diversified,64.5,7.22158, 
5/10/22,MCACU US,ConnectM Technology Solutions Inc,92,10,-0.400000006,8.00E+06,EF Hutton,Industrial,0,8.46862, 
5/10/22,9511668D US,Hanover Bancorp Inc/NY,30.7923,21,0.476190478,1.28E+06,"Stephens Inc, Piper Sandler & Co",Financial,155.075,0.00159087, 
5/9/22,GBBKU US,Global Blockchain Acquisition Corp,172.5,10,-0.200000003,1.50E+07,I-Bankers Securities Inc,Diversified,172.5,19.5911, 
5/5/22,REEUF US,CARTESIAN GROWTH CORP II,230,10,0.200000003,2.00E+07,Cantor Fitzgerald,Diversified,230,11.7391,OTC US
5/5/22,PEPG US,PepGen Inc,108,12,7.416666508,9.00E+06,"BofA Securities, SVB Financial Group, Stifel","Consumer, Non-cyclical",268.716,91.9079,NASDAQ GS
5/5/22,2052594D US,Edible Garden AG Inc,14.65,5,,2.93E+06,"Maxim Group LLC, Joseph Gunnar & Co","Consumer, Non-cyclical",0,, 
4/28/22,HLVX US,HilleVax Inc,230.007,17,12.29411793,1.18E+07,"JP Morgan, SVB Financial Group, Stifel, Guggenheim Capital","Consumer, Non-cyclical",568.264,4.62323, 
4/28/22,BLTE US,Belite Bio Inc,40.6326,6,76.5,6.00E+06,Benchmark Co LLC/The,"Consumer, Non-cyclical",149.204,18.4495,NASDAQ CM
4/27/22,IRISU NA,Younited Financial SA,230,10,,2.30E+07,Goldman Sachs,Financial,230,, 
4/27/22,TNON US,Tenon Medical Inc,16,5,350,3.20E+06,"Valuable Capital Ltd, Benchmark Co LLC/The","Consumer, Non-cyclical",56.184,5.03283,NASDAQ CM
4/25/22,AIMUF US,Aimfinity Investment Corp I,80.5,10,-0.300000012,7.00E+06,"US Tiger Securities Inc, EF Hutton",Diversified,85,80.201,OTC US
4/21/22,1963941D US,Aclarion Inc,9.4178,4.35,,2.17E+06,Maxim Group LLC,"Consumer, Non-cyclical",0,, 
4/19/22,YOTAU US,Yotta Acquisition Corp,115,10,0.300000012,1.00E+07,Chardan Capital Markets LLC,Diversified,118.135,33.5451,OTC US
4/13/22,APLD US,Applied Digital Corp,40,5,-3,8.00E+06,"B Riley Financial Inc, Needham Group Inc/The",Communications,498.882,64.6354,NASDAQ GS
4/13/22,1640587D US,Sharps Technology Inc,16,4.25,,3.75E+06,Aegis Capital Corp,"Consumer, Non-cyclical",0,, 
4/12/22,EE US,Excelerate Energy Inc,441.6,24,11.875,1.60E+07,,Energy,642.667,105.08,New York
4/6/22,DNQUF US,Semnur Pharmaceuticals Inc,75,10,0.150000006,7.50E+06,"Tiger Brokers NZ Ltd, EF Hutton",Diversified,79.8,, 
4/1/22,XPON US,Expion360 Inc,15.015,7,13.28571415,2.15E+06,"Alexander Capital LP, Paulson Investment Co Inc",Industrial,45.115,5.42998,NASDAQ CM
3/31/22,RWODU US,Greenland Mines Ltd,115,10,0.300000012,1.00E+07,Chardan Capital Markets LLC,"Consumer, Non-cyclical",119.775,16.7815, 
3/31/22,MSSUF US,Metal Sky Star Acquisition Corp,115,10,0,1.00E+07,Ladenburg Thalmann & Co,Diversified,118,19.8648,OTC US
3/31/22,IVDA US,Iveda Solutions Inc,8.0112,4.25,33.83529282,1.89E+06,Maxim Group LLC,Industrial,49.1368,21.2566,NASDAQ CM
3/24/22,ANTX US,AN2 Therapeutics Inc,69,15,2.666666746,4.60E+06,"SVB Financial Group, TD Securities, Evercore","Consumer, Non-cyclical",272.097,65.3022,NASDAQ GS
3/16/22,GDSTU US,Goldenstone Acquisition Ltd,57.5,10,0.100000002,5.00E+06,Maxim Group LLC,Diversified,0,6.51637,OTC US
3/10/22,NUBIU US,Solidion Technology Inc,123.5,10,-0.400000006,1.10E+07,EF Hutton,Industrial,123.5,29.9182, 
3/8/22,LBBBU US,Lakeshore Acquisition II Corp,69,10,0,6.00E+06,Network 1 Financial,"Consumer, Cyclical",72.2,7.05984, 
3/2/22,2627711D US,Amprius Technologies Inc,230,10,-0.100000002,2.00E+07,"Stifel, UBS",Industrial,230,52.8852, 
3/1/22,SPCMU US,Sound Point Acquisition Corp I Ltd,258.75,10,0.5,2.25E+07,"JP Morgan, BofA Securities",Diversified,258.75,14.2091, 
2/28/22,VMCUF US,Valuence Merger Corp I,220.1,10,0,2.00E+07,SVB Financial Group,Diversified,220.1,12.5016,OTC US
2/25/22,2521774D US,iCoreConnect Inc,80.5,10,-0.100000002,7.00E+06,ThinkEquity LLC,Technology,81.4,35.9578, 
2/24/22,GSRMU US,Bitcoin Depot Inc,316.25,10,0.100000002,2.75E+07,Oppenheimer & Co,"Consumer, Non-cyclical",316.25,, 
2/24/22,RLTY US,Cohen & Steers Real Estate Opportunities and Income Fund,305,20,-1,1.53E+07,"Morgan Stanley, Raymond James & Associates, UBS, Wells Fargo, BofA Securities",Financial,0,29.0151,New York
2/24/22,CLINU US,Alternus Clean Energy Inc,230,10,0,2.00E+07,Citi,Energy,238,2.67895, 
2/17/22,PWUPU US,Aspire Biopharma Holdings Inc,287.5,10,0.100000002,2.50E+07,Citi,"Consumer, Non-cyclical",287.5,63.9513, 
2/17/22,ONCO US,Onconetix Inc,19.9998,9,537.777771,2.22E+06,Boustead Securities LLC,"Consumer, Non-cyclical",99.4374,15.2577,NASDAQ CM
2/16/22,FTIIU US,FutureTech II Acquisition Corp,115,10,0.100000002,1.00E+07,EF Hutton,Diversified,119.676,12.9143,OTC US
2/16/22,1991558D US,Smart for Life Inc,16.464,10,,1.44E+06,Dawson James Securities,"Consumer, Non-cyclical",0,, 
2/15/22,AXAC/U US,AXIOS SUSTAINABLE GROWTH ACQUISITION CORP,172.5,10,1.200000048,1.50E+07,I-Bankers Securities Inc,Diversified,172.5,, 
2/15/22,SBFM US,Sunshine Biopharma Inc,8.0002,4.25,-43.76470566,1.88E+06,Aegis Capital Corp,"Consumer, Non-cyclical",0,12.6511,NASDAQ CM
2/14/22,GENQU US,Genesis Unicorn Capital Corp,86.25,10,0,7.50E+06,EF Hutton,Diversified,89.514,61.0239, 
2/11/22,AREN US,Arena Group Holdings Inc/The,34.4982,8.25,0,1.53E+06,B Riley Financial Inc,Communications,143.012,8.99918,NYSEAmerican
2/11/22,VIVKD US,Vivakor Inc,8,5,74.0017395,1.60E+06,EF Hutton,Industrial,74.0585,0.0673605,OTC US
2/10/22,JGGCU US,Jaguar Global Growth Corp I,230,10,0.5,2.00E+07,"Barclays, Citi",Diversified,230,12.9041, 
2/10/22,RMMZ US,RiverNorth Managed Duration Municipal Income Fund II Inc,165,20,-7.300000191,8.25E+06,"Bancroft Capital LLC/PA, American Veterans Group Pbc, Maxim Group LLC, Huntleigh Securities, AGP / Alliance Global Partners Corp, Synovus Financial Corp, Ingalls & Snyder LLC, Arcadia Securities LLC, DA Davidson & Co, Newbridge Securities Corp, Northland Securities Group LLC, Hilltop Securities In",Financial,0,19.6498,New York
2/10/22,RACYU US,Relativity Acquisition Corp,143.75,10,0.200000003,1.25E+07,AGP / Alliance Global Partners Corp,Diversified,149.725,45.6736, 
2/10/22,SGHLU US,Signal Hill Acquisition Corp,100,10,0,1.00E+07,B Riley Financial Inc,Diversified,100,8.5, 
2/10/22,HNRA/U US,EON Resources Inc,86.25,10,0.050000001,7.50E+06,EF Hutton,Energy,90.85,13.0364, 
2/10/22,1987433D US,Direct Digital Holdings Inc,15.4,5.5,,2.80E+06,"Roth Capital Partners Inc, Benchmark Co LLC/The",Communications,0,, 
2/10/22,MODD US,Modular Medical Inc,15,6,-38.16666794,2.50E+06,Oppenheimer & Co,"Consumer, Non-cyclical",0,24.9212,NASDAQ CM
2/10/22,MDV US,Modiv Industrial Inc,1,25,172,40000,B Riley Financial Inc,Financial,189.03,29.5964,New York
2/9/22,SKYX US,SKYX Platforms Corp,23.1,14,-15.35714245,1.65E+06,Benchmark Co LLC/The,Industrial,1071.14,23.6852,NASDAQ CM
2/8/22,CPAQU US,Counter Press Acquisition Corp,86.25,10,0.200000003,7.50E+06,"EarlyBirdCapital.com, BTIG LLC",Diversified,90.575,, 
2/7/22,ATAKU US,DIH Holdings US Inc,202,10,0.050000001,2.00E+07,Maxim Group LLC,"Consumer, Non-cyclical",202,, 
2/4/22,ACLX US,Arcellx Inc,142.312,15,12,8.25E+06,"BofA Securities, SVB Financial Group, Barclays, William Blair & Co LLC","Consumer, Non-cyclical",521.715,88.6232,NASDAQ GS
2/4/22,NVCT US,Nuvectis Pharma Inc,16,5,-35,3.20E+06,HC Wainwright & Co,"Consumer, Non-cyclical",63.589,17.4956,NASDAQ CM
2/4/22,1987547D US,American Rebel Holdings Inc,10.4999,4.15,,2.53E+06,EF Hutton,Industrial,0,, 
2/3/22,TGR/U US,Kimbell Tiger Acquisition Corp,230,10,0.800000012,2.00E+07,UBS,Diversified,230,7.82524, 
2/3/22,MURFU US,CDT Equity Inc,132.25,10,0.300000012,1.15E+07,AGP / Alliance Global Partners Corp,"Consumer, Non-cyclical",139.1,23.7956, 
2/3/22,LIEN US,Chicago Atlantic BDC Inc,84.9996,14,0,6.07E+06,"Stifel, Piper Sandler & Co",Financial,85.0052,16.1407,NASDAQ GM
1/31/22,BWAQU US,Blue World Acquisition Corp,92,10,-0.100000002,8.00E+06,Maxim Group LLC,Diversified,95.885,15.9867, 
1/31/22,ACAXU US,Hwh International Inc,86.25,10,-0.400000006,7.50E+06,EF Hutton,Communications,90.65,68.4281, 
1/27/22,PDLB US,Ponce Financial Group Inc,138.863,10,52.5,1.39E+07,Janney Montgomery Scott LLC,Financial,0,61.094,NASDAQ GM
1/26/22,PAXS US,PIMCO Access Income Fund,866,20,0,4.33E+07,,Financial,0,29.3731,New York
1/26/22,CRDO US,Credo Technology Group Holding Ltd,230,10,16.5,2.00E+07,"Goldman Sachs, BofA Securities, TD Securities, Mizuho Financial, Needham Group Inc/The, Stifel",Communications,0,77.4062,NASDAQ GS
1/26/22,KSCP US,Knightscope Inc,22.3662,10,-40.90000153,2.24E+06,Digital Offering LLC,Industrial,192.57,8.33563,NASDAQ CM
1/25/22,FGI US,FGI Industries Ltd,15,6,-35,2.50E+06,"Benchmark Co LLC/The, Northland Securities Group LLC","Consumer, Cyclical",0,0.718437,NASDAQ CM
1/24/22,LATGU US,Chenghe Acquisition I Co,130,10,0,1.30E+07,"Banco BTG Pactual, BofA Securities",Diversified,130,26.7834, 
1/24/22,KYCHU US,Keyarch Acquisition Corp,115,10,-0.5,1.00E+07,"EarlyBirdCapital.com, Haitong Securities",Diversified,120,41.854, 
1/21/22,AGRI/V CN,Agrinam Acquisition Corp,138,10,0.5,1.20E+07,BMO Capital Markets,Diversified,138,, 
1/20/22,2574214D US,HCM ACQUISITION CORP,287.5,10,-0.100000002,2.50E+07,Cantor Fitzgerald,Financial,287.5,, 
1/20/22,KNSW/U US,KnightSwan Acquisition Corp,230,10,-0.5,2.00E+07,RBC Capital Markets,Diversified,230,, 
1/20/22,HMA/U US,Heartland Media Acquisition Corp,192.469,10,0,1.75E+07,"BofA Securities, Moelis & Co",Diversified,192.469,15.046, 
1/19/22,BYN/U US,Pinstripes Holdings Inc,241.5,10,-0.100000002,2.10E+07,BTIG LLC,"Consumer, Cyclical",241.5,, 
1/19/22,DUETU US,DUET Acquisition Corp,86.25,10,-0.300000012,7.50E+06,EF Hutton,Diversified,90.181,8.15179, 
1/18/22,ACCUF US,AIB Acquisition Corp,86.25,10,-0.300000012,7.50E+06,Maxim Group LLC,Diversified,89.8,52.9573, 
1/14/22,ACABU US,Abpro Holdings Inc,300,10,0,2.61E+07,Cantor Fitzgerald,"Consumer, Non-cyclical",300,13.7166, 
1/13/22,PPYAU US,Papaya Growth Opportunity Corp I,287.5,10,0.200000003,2.50E+07,Cantor Fitzgerald,Diversified,300.405,96.2152,OTC US
1/13/22,CFSB US,CFSB Bancorp Inc,28.043,10,1.799999952,2.80E+06,Piper Sandler & Co,Financial,0,, 
1/13/22,CISO US,CISO Global Inc,10.3,5,8.399999619,2.00E+06,Boustead Securities LLC,Technology,634.45,15.9314,NASDAQ CM
1/12/22,TPG US,TPG Inc,1100.06,29.5,15.25423717,3.39E+07,"Barclays, BMO Capital Markets, Wells Fargo, UBS, Evercore, Deutsche Bank, Citi, BofA Securities, TPG Partners LP, Morgan Stanley, Goldman Sachs, JP Morgan",Financial,2088.95,114.9,NASDAQ GS
1/12/22,WNNR/U US,Zapata Quantum Inc,230,10,0.300000012,2.00E+07,RBC Capital Markets,Technology,230,5.65217, 
1/12/22,CSLUF US,CSLM Acquisition Corp,189.75,10,0.300000012,1.65E+07,BTIG LLC,Diversified,189.75,5.5336, 
1/12/22,NSTS US,NSTS Bancorp Inc,52.9,10,25.89999962,5.29E+06,Stifel,Financial,53.9796,31.4562,NASDAQ CM
1/11/22,GHIXU US,Gores Holdings IX Inc,525,10,0,5.25E+07,"Deutsche Bank, Goldman Sachs",Diversified,525,3.57143, 
1/11/22,VCXB/U US,10X Capital Venture Acquisition Corp III,300,10,0.899999976,2.61E+07,Cantor Fitzgerald,Diversified,300,28.7953, 
1/11/22,ITAQU US,Industrial Tech Acquisitions II Inc,172.5,10,0.400000006,1.50E+07,Wells Fargo,Diversified,172.5,, 
1/11/22,WAVSU US,Cycurion Inc,115,10,0.300000012,1.00E+07,AGP / Alliance Global Partners Corp,Technology,118.61,12.434, 
1/11/22,BRACU US,Broad Capital Acquisition Corp,101.591,10,0,1.00E+07,Chardan Capital Markets LLC,Diversified,106.055,13.3612, 
1/11/22,CNTN US,Canton Strategic Holdings Inc,15,4,-13,3.75E+06,ThinkEquity LLC,"Consumer, Non-cyclical",44.93,16.7891,NASDAQ CM
1/6/22,CXAC/U US,C5 Acquisition Corp,287.5,10,0.899999976,2.50E+07,"Moelis & Co, Cantor Fitzgerald",Diversified,287.5,36.5816, 
1/6/22,AMLX US,Amylyx Pharmaceuticals Inc,216.019,19,-4.894736767,1.00E+07,"Goldman Sachs, SVB Financial Group, Evercore","Consumer, Non-cyclical",1098.87,107.437,NASDAQ GS
1/6/22,CINC US,CinCor Pharma Inc,212.653,16,0,1.21E+07,"Morgan Stanley, Jefferies, Evercore","Consumer, Non-cyclical",585.758,17.252, 
1/6/22,VIGL US,Vigil Neuroscience Inc,98,14,-9.642857552,7.00E+06,"Morgan Stanley, Jefferies, Stifel, Guggenheim Capital","Consumer, Non-cyclical",395.696,16.6665, 
1/6/22,VBOCU US,Viscogliosi Brothers Acquisition Corp,86.25,10,-0.100000002,7.50E+06,Raymond James & Associates,Diversified,86.25,5.11258, 
1/6/22,HOUR US,Hour Loop Inc,6.9,4,99.75,1.50E+06,EF Hutton,Communications,140.131,0.370411,NASDAQ CM
1/5/22,SCRMU US,Screaming Eagle Acquisition Corp,750,10,-1,7.50E+07,"Citi, Goldman Sachs",Diversified,750,, 
1/4/22,CRTUF US,Cartica Acquisition Corp,230,10,1,2.00E+07,JP Morgan,Diversified,230,62.8179, 
12/29/21,GMFIU US,Aetherium Acquisition Corp,115,10,0,1.00E+07,EF Hutton,Diversified,119.76,41.8667, 
12/27/21,WTMAU US,Evolution Metals & Technologie,77.277,10,0,7.50E+06,Chardan Capital Markets LLC,"Consumer, Cyclical",80.752,24.2218, 
12/23/21,AOGOU US,Arogo Capital Acquisition Corp,103.5,10,0.200000003,9.00E+06,EF Hutton,Diversified,107.723,6.99913,OTC US
12/23/21,2257 HK,Sirnaomics Ltd,71.9197,65.9,18.2094059,7.54E+06,"Alpha Win Capital Ltd, China International Capital Corp, China Merchants Securities, Ping An Insurance Group, HSBC, Nomura, Valuable Capital Ltd","Consumer, Non-cyclical",752.188,8.2154,Hong Kong
12/21/21,GDNRU US,Gardiner Healthcare Acquisitions Corp,86.25,10,0.200000003,7.50E+06,Chardan Capital Markets LLC,Diversified,0,, 
12/21/21,1938952D US,Nexgel Inc,14.2175,5.5,,2.59E+06,Maxim Group LLC,"Consumer, Non-cyclical",0,, 
12/20/21,NVACU US,Profusa Inc,189.75,10,0,1.65E+07,I-Bankers Securities Inc,"Consumer, Non-cyclical",189.75,87.2602, 
12/20/21,SAGAU US,Sagaliam Acquisition Corp,115,10,-0.300000012,1.00E+07,EF Hutton,Diversified,118.7,, 
12/20/21,LSPRU US,ZyVersa Therapeutics Inc,75,10,-0.200000003,7.50E+06,AGP / Alliance Global Partners Corp,"Consumer, Non-cyclical",78.176,29.5082, 
12/16/21,RCACU US,Revelstone Capital Acquisition Corp,150,10,-1.100000024,1.50E+07,"BofA Securities, Roth Capital Partners Inc",Diversified,150,121.038, 
12/15/21,IOT US,Samsara Inc,886.579,23,7.391304493,3.50E+07,"Allen & Co, Evercore, Goldman Sachs, JP Morgan, RBC Capital Markets, Wells Fargo, William Blair & Co LLC, Morgan Stanley",Technology,886.579,97.5271,New York
12/15/21,NPFD US,Nuveen Variable Rate Preferred & Income Fund,550,25,0,2.20E+07,"Wells Fargo, UBS",Financial,0,38.5413,New York
12/15/21,FLDDU US,Fold Holdings Inc,248.693,10,-0.300000012,2.20E+07,Goldman Sachs,Financial,257.593,5.84204, 
12/15/21,CFFSU US,CF Acquisition Corp VII,182.5,10,0.300000012,1.75E+07,Cantor Fitzgerald,Diversified,187,27.5156, 
12/15/21,ADRT/U US,Ault Disruptive Technologies Corp,115,10,0.200000003,1.00E+07,AGP / Alliance Global Partners Corp,Diversified,115,5.84367, 
12/15/21,IMMX US,Immix Biopharma Inc,21,5,-26.60000038,4.20E+06,ThinkEquity LLC,"Consumer, Non-cyclical",37.875,53.2044,NASDAQ CM
12/14/21,IVCUF US,Investcorp Europe Acquisition Corp I,345,10,0.200000003,3.00E+07,"UBS, Citi",Diversified,345,,OTC US
12/14/21,BFQUF US,Battery Future Acquisition Corp,345,10,0.100000002,3.00E+07,Cantor Fitzgerald,Diversified,345,, 
12/14/21,EVE/U US,EVe Mobility Acquisition Corp,250,10,-0.100000002,2.20E+07,"Cantor Fitzgerald, Moelis & Co",Diversified,280,6.31217, 
12/14/21,PRLHU US,Pearl Holdings Acquisition Corp,200,10,-0.300000012,1.75E+07,Morgan Stanley,Diversified,200,59.049, 
12/13/21,ALSUF US,Alpha Star Acquisition Corp,115,10,0.699999988,1.00E+07,Ladenburg Thalmann & Co,Diversified,118,34.9658,OTC US
12/13/21,PPHC LN,Public Policy Holding Co Inc,40.6543,135,3.333333254,2.27E+07,,"Consumer, Non-cyclical",193.074,62.006,London
12/13/21,AMZE US,Amaze Holdings Inc,22,10,-29.5,2.20E+06,"Boustead Securities LLC, Oak Ridge Financial Services Group Inc/The",Technology,122,2.42721,NYSEAmerican
12/13/21,SIDU US,Sidus Space Inc,15,5,143.8000031,3.00E+06,Boustead Securities LLC,Communications,31,17.389,NASDAQ CM
12/10/21,BRKHU US,Blaize Holdings Inc,287.5,10,-0.100000002,2.50E+07,EF Hutton,Technology,295.545,12.133, 
12/9/21,XPDBU US,AirJoule Technologies Corp,287.5,10,0.600000024,2.50E+07,"Barclays, BofA Securities",Industrial,287.5,14.14, 
12/9/21,ATEKU US,Athena Technology Acquisition Corp II,253.75,10,-0.200000003,2.50E+07,Citi,Diversified,263.25,29.4803,OTC US
12/9/21,GFGDU US,Growth For Good Acquisition Corp,253,10,0,2.20E+07,"UBS, Barclays",Diversified,260.34,, 
12/9/21,BACEU NA,Brigade-M3 European Acquisition Corp,250,10,-1.100000024,2.50E+07,Cantor Fitzgerald,Diversified,0,5.67258,EN Amsterdam
12/9/21,PORTU US,Angel Studios Inc,230,10,0,2.00E+07,BofA Securities,"Consumer, Cyclical",230,14.97, 
12/9/21,SCUA/U US,Sculptor Acquisition Corp I,230,10,0.300000012,2.00E+07,Goldman Sachs,Diversified,230,, 
12/9/21,TCOAU US,Zalatoris Acquisition Corp,172.5,10,-0.899999976,1.50E+07,Guggenheim Capital,Diversified,172.5,116.453, 
12/9/21,FRBNU US,Forbion European Acquisition Corp,126.5,10,-0.100000002,1.10E+07,"UBS, Kempen & Co NV",Diversified,126.5,, 
12/9/21,FXCOU US,Financial Strategies Acquisition Corp,100.05,10,1.799999952,8.70E+06,I-Bankers Securities Inc,Diversified,104.643,, 
12/9/21,1948271D US,Mobiquity Technologies Inc,10.2999,4.15,,2.48E+06,"Revere Securities Corp, Spartan Capital Securities LLC",Communications,0,, 
12/8/21,HCP US,HashiCorp Inc,1322.4,80,6.487500191,1.53E+07,"Citi, BofA Securities, JP Morgan, Goldman Sachs, Morgan Stanley",Technology,1322.4,4.61003, 
12/8/21,RJAC/U US,Jackson Acquisition Co,222.5,10,0,2.00E+07,BofA Securities,Diversified,222.5,, 
12/8/21,WELUF US,Integrated Wellness Acquisition Corp,115,10,0.300000012,1.00E+07,BTIG LLC,Diversified,115,,OTC US
12/8/21,IGTAU US,Inception Growth Acquisition Ltd,103.5,10,0.300000012,9.00E+06,"EF Hutton, Brookline Bank",Diversified,103.5,,OTC US
12/7/21,GLLIU US,Globalink Investment Inc,115,10,1.299999952,1.00E+07,Chardan Capital Markets LLC,Diversified,120.175,12.0079, 
12/7/21,REFI US,Chicago Atlantic Real Estate Finance Inc,100,16,3.0625,6.25E+06,"Citizens Financial Group Inc, Compass Point Research & Trading LLC, Oppenheimer & Co",Financial,279.258,34.6273,NASDAQ GM
12/7/21,CING US,Cingulate Inc,25.0002,6,-25.83333397,4.17E+06,"Aegis Capital Corp, Laidlaw & Co UK Ltd","Consumer, Non-cyclical",88.1232,39.2891,NASDAQ CM
12/6/21,MTVC/U US,Motive Capital Corp II,341.374,10,-0.100000002,3.00E+07,"JP Morgan, UBS",Diversified,341.374,, 
12/6/21,DAOOU US,Crypto 1 Acquisition Corp,230,10,11.5,2.00E+07,B Riley Financial Inc,Diversified,230,13.8331, 
12/6/21,JWACU US,JUPITER WELLNESS ACQUISITION CORP,138,10,0.200000003,1.20E+07,I-Bankers Securities Inc,Diversified,143.75,10.7671, 
12/3/21,CELZ US,Creative Medical Technology Holdings Inc,16.0037,4.13,-46.48910522,3.88E+06,Roth Capital Partners Inc,"Consumer, Non-cyclical",0,7.79736,NASDAQ CM
12/2/21,STET/U US,ST Energy Transition I Ltd,287.5,10,0.100000002,2.50E+07,Morgan Stanley,Diversified,287.5,5.21739, 
12/2/21,UTAAU US,UTA Acquisition Corp,230,10,0.200000003,2.00E+07,UBS,Diversified,230,, 
12/2/21,2579004D US,Bullpen Parlay Acquisition Co,230,10,0.300000012,2.00E+07,Citi,Diversified,230,, 
12/2/21,BIOSU US,BioPlus Acquisition Corp,230,10,0.100000002,2.00E+07,Cantor Fitzgerald,Diversified,235.6,29.6889, 
12/2/21,GEEXU US,Games & Esports Experience Acquisition Corp,200,10,1,1.75E+07,"William Blair & Co LLC, JP Morgan",Diversified,200,39.158, 
12/2/21,BOCNU US,Blue Ocean Acquisition Corp,189.75,10,0.100000002,1.65E+07,Needham Group Inc/The,Diversified,189.75,52.6733, 
12/1/21,PACI/U US,Volato Group Inc,276,10,0.400000006,2.40E+07,BofA Securities,"Consumer, Cyclical",276,23.2811, 
12/1/21,TLGUF US,TLGY Acquisition Corp,230,10,0.5,2.00E+07,Mizuho Financial,Diversified,230,24.4172,OTC US
12/1/21,ROCAU US,Drilling Tools International Corp,207,10,0.200000003,1.80E+07,EarlyBirdCapital.com,Energy,207,, 
11/30/21,688235 CH,BeiGene Ltd,3964.22,192.6,-16.41744804,1.32E+08,"China International Capital Corp, CITIC Securities, Goldman Sachs, Guotai Junan Securities, JP Morgan","Consumer, Non-cyclical",4003.97,51.7765,Shanghai
11/30/21,CMCUF US,Capitalworks Emerging Markets Acquisition Corp,230,10,0.400000006,2.00E+07,Barclays,Diversified,230,,OTC US
11/30/21,ROCLU US,Roth CH Acquisition V Co,115,10,0.200000003,1.00E+07,"Craig-Hallum Capital Group Ltd, Roth Capital Partners Inc",Diversified,0,6.23462, 
11/29/21,CNGLU US,Canna-Global Acquisition Corp,230,10,1,2.00E+07,EF Hutton,Diversified,237.125,62.2661,OTC US
11/24/21,GUG US,Guggenheim Active Allocation Fund/DE,655,20,0,3.28E+07,"Morgan Stanley, Wells Fargo, BofA Securities",Financial,0,31.8589,New York
11/23/21,BRD/U US,Beard Energy Transition Acquisition Corp,230,10,0.800000012,2.00E+07,Citi,Diversified,230,17.5356, 
11/23/21,VHNAU US,Roadzen Inc,200.1,10,0.699999988,1.74E+07,Mizuho Financial,Financial,200.1,15.3851, 
11/23/21,EVCOU US,Everest Consolidator Acquisition Corp,172.5,10,0.699999988,1.50E+07,BofA Securities,Diversified,172.5,14.4158,OTC US
11/23/21,MKULQ US,Molekule Group Inc,25.14,10,689.4000244,2.50E+06,"HCFP/Capital Markets LLC, Valuable Capital Ltd, Benchmark Co LLC/The",Industrial,0,9.81115, 
11/22/21,LGTOU US,Southland Holdings Inc,276,10,0.5,2.40E+07,EarlyBirdCapital.com,Industrial,286.45,, 
11/22/21,MAAQU US,Cardio Diagnostics Holdings In,65,10,2.299999952,,Ladenburg Thalmann & Co,"Consumer, Non-cyclical",65,5.8006, 
11/19/21,IFIN/U US,Currenc Group Inc,199.999,10,0.5,1.74E+07,"JonesTrading Institutional Services LLC, EF Hutton","Consumer, Non-cyclical",199.999,, 
11/18/21,ZINGU US,FTAC Zeus Acquisition Corp,402.5,10,1,3.50E+07,Citi,Diversified,419.5,8.61331, 
11/18/21,2603277D US,bleuacacia ltd,276,10,0.5,2.40E+07,"UBS, Citi",Diversified,276,, 
11/18/21,NFNT/U US,Infinite Acquisition Corp,276,10,0.800000012,2.40E+07,UBS,Diversified,276,, 
11/18/21,CREUF US,Crescera Capital Acquisition Corp,201.25,10,0.300000012,1.75E+07,UBS,Diversified,201.25,, 
11/18/21,ALORU US,ALSP Orchid Acquisition Corp I,172.5,10,0.899999976,1.50E+07,"Stifel, Nomura",Diversified,180.75,, 
11/18/21,FINW US,Finwise Bancorp,42.2625,10.5,21.23809433,3.50E+06,"Piper Sandler & Co, Stephens Inc",Financial,128.594,30.4101,NASDAQ GM
11/17/21,SG US,Sweetgreen Inc,418.6,28,76.7857132,1.30E+07,"JP Morgan, Goldman Sachs, Allen & Co, Morgan Stanley, William Blair & Co LLC, RBC Capital Markets, Citi, TD Securities, Oppenheimer & Co","Consumer, Cyclical",2673.22,94.5744,New York
11/17/21,SUACU US,ShoulderUp Technology Acquisition Corp,300,10,0.600000024,2.65E+07,Citi,Diversified,300,, 
11/17/21,SGIIU US,Seaport Global Acquisition II Corp,125,10,0.5,1.25E+07,B Riley Financial Inc,Diversified,125,24.2079, 
11/17/21,ARIZU US,Arisz Acquisition Corp,69,10,1.5,6.00E+06,Chardan Capital Markets LLC,Diversified,71.539,20.9112, 
11/16/21,BRZE US,Braze Inc,572,65,43.67692184,8.00E+06,"William Blair & Co LLC, Piper Sandler & Co, Barclays, JP Morgan, Goldman Sachs",Technology,572,86.2583,NASDAQ GS
11/16/21,NETC/U US,Nabors Energy Transition Corp,276,10,1.100000024,2.40E+07,"Wells Fargo, Citi",Energy,276,, 
11/16/21,2603310D US,LF Capital Acquisition Corp II,258.75,10,0.800000012,2.25E+07,Jefferies,Diversified,258.75,, 
11/16/21,USER US,User Testing Inc,140,14,0.071428575,1.00E+07,"JP Morgan, Piper Sandler & Co, Truist Securities Inc, William Blair & Co LLC, Morgan Stanley",Technology,1987.12,17.1952, 
11/16/21,CCAP US,Crescent Capital BDC Inc,53.325,21.33,-10.92358112,2.50E+06,"BofA Securities, Morgan Stanley, Wells Fargo, Stifel, RBC Capital Markets",Financial,0,85.5142,NASDAQ GM
11/12/21,MCAGU US,Mountain Crest Acquisition Corp V,69,10,0.800000012,6.00E+06,Chardan Capital Markets LLC,Diversified,71.05,24.3938,OTC US
11/12/21,DERM US,Journey Medical Corp,35.2,10,-5,3.52E+06,B Riley Financial Inc,"Consumer, Non-cyclical",164.412,56.3046,NASDAQ CM
11/12/21,1939620D US,BT Brands Inc,12,5,,2.40E+06,"Maxim Group LLC, Joseph Gunnar & Co","Consumer, Cyclical",0,, 
11/11/21,IRRXU US,Integrated Rail and Resources Acquisition Corp,230,10,0.100000002,2.00E+07,Stifel,Diversified,230,13.5798, 
11/11/21,VAXX US,Vaxxinity Inc,84.9901,13,27.30769157,6.00E+06,"BofA Securities, Jefferies, Evercore","Consumer, Non-cyclical",1457.52,,OTC US
11/10/21,LGVCU US,LAMF Global Ventures Corp I,253,10,0.600000024,2.20E+07,Wells Fargo,Diversified,263.4,, 
11/10/21,VMGAU US,VMG Consumer Acquisition Corp,230,10,0.600000024,2.00E+07,"UBS, Moelis & Co",Diversified,230,7.65217, 
11/10/21,WEAV US,Weave Communications Inc,120,24,-21.70833397,5.00E+06,"BofA Securities, Citi, Goldman Sachs",Technology,1509.75,81.0037,New York
11/10/21,BLZE US,Backblaze Inc,115,16,24.375,6.25E+06,"Oppenheimer & Co, William Blair & Co LLC, Raymond James & Associates, Citizens Financial Group Inc, B Riley Financial Inc",Communications,126.638,54.5881,NASDAQ GM
11/10/21,LVLU US,Lulu's Fashion Lounge Holdings Inc,92,16,-18.375,5.75E+06,"BofA Securities, TD Securities, Jefferies, KeyBanc Capital Markets, Piper Sandler & Co, Robert W Baird & Co, Goldman Sachs",Communications,595.043,36.8511,NASDAQ CM
11/10/21,WBEVQ US,Winc Inc,21.9999,13,-5.615384579,1.69E+06,"Revere Securities Corp, Spartan Capital Securities LLC","Consumer, Non-cyclical",168.851,35.169, 
11/10/21,1924006D US,Bluejay Diagnostics Inc,21.6,10,,2.16E+06,"Dawson James Securities, I-Bankers Securities Inc","Consumer, Non-cyclical",0,, 
11/10/21,1926993D US,HeartBeam inc,18.975,6,,2.75E+06,Benchmark Co LLC/The,"Consumer, Non-cyclical",0,, 
11/10/21,PIKM US,Kidpik Corp,17.9996,8.5,0,2.12E+06,EF Hutton,Communications,60.9186,,OTC US
11/10/21,TIVC US,Tivic Health Systems Inc,17.25,5,3.799999952,3.00E+06,ThinkEquity LLC,"Consumer, Non-cyclical",48.576,4.9599,NASDAQ CM
11/9/21,RIVN US,Rivian Automotive Inc,13724.1,78,29.14102554,1.53E+08,"Wells Fargo, Mizuho Financial, BofA Securities, Deutsche Bank, Barclays, Allen & Co, JP Morgan, Morgan Stanley, Goldman Sachs","Consumer, Cyclical",68415.4,47.2704,NASDAQ GS
11/9/21,EXFY US,Expensify Inc,302.141,27,52.07407379,9.73E+06,"BofA Securities, Citi, JP Morgan",Technology,1818.39,40.018,NASDAQ GS
11/9/21,ACDI/U US,Ascendant Digital Acquisition Corp III,300,10,0.899999976,2.61E+07,Goldman Sachs,Diversified,0,6.63708, 
11/9/21,CBGGF US,Chain Bridge I,230,10,0.600000024,2.00E+07,"TD Securities, Wells Fargo",Diversified,230,29.51,OTC US
11/9/21,RCFUF US,Perception Capital Corp IV,230,10,0.699999988,2.00E+07,"Citi, Barclays",Diversified,230,, 
11/9/21,GVCIU US,Green Visor Financial Technology Acquisition Corp I,200.1,10,0.899999976,1.74E+07,Mizuho Financial,Diversified,200.1,, 
11/9/21,AFACU US,Arena Fortify Acquisition Corp,172.5,10,0.699999988,1.50E+07,"Intrepid Partners LLC, TD Securities",Diversified,172.5,16.7223, 
11/9/21,ASCU CN,Arizona Sonoran Copper Co Inc,37.02,2.45,-11.02040958,1.91E+07,"Haywood Securities Inc, RBC Capital Markets",Basic Materials,0,42.2352,Toronto
11/8/21,HTZ US,Hertz Global Holdings Inc,1291.08,29,12.48275852,4.45E+07,"Barclays, Deutsche Bank, JP Morgan, Morgan Stanley, Goldman Sachs","Consumer, Non-cyclical",13730.7,113.093,NASDAQ GS
11/8/21,HTAQ/U US,Hunt Cos Acquisition Corp I,230,10,0.800000012,2.00E+07,Jefferies,Diversified,230,, 
11/8/21,DPCSU US,DP Cap Acquisition Corp I,230,10,0.600000024,2.00E+07,TD Securities,Diversified,230,, 
11/8/21,APNCU US,Apeiron Capital Investment Corp,172.5,10,0.899999976,1.50E+07,Cantor Fitzgerald,Diversified,172.5,23.8861, 
11/8/21,OLITU US,Syntec Optics Holdings Inc,143.75,10,0.600000024,1.25E+07,"Imperial Capital LLC, I-Bankers Securities Inc",Technology,143.75,15.5197, 
11/8/21,TCBX US,Third Coast Bancshares Inc,87.5,25,0.039999999,3.50E+06,"Stephens Inc, Piper Sandler & Co, Deutsche Bank",Financial,320.348,61.6732,New York
11/8/21,SOPA US,Society Pass Inc,28.125,9,436.6666565,2.89E+06,Maxim Group LLC,Communications,0,5.62169,NASDAQ CM
11/8/21,1938964D US,Stran & Co Inc,20.6998,4.15,,4.34E+06,"EF Hutton, US Tiger Securities Inc",Communications,62.1998,, 
11/4/21,RRAUF US,Rigel Resource Acquisition Corp,300,10,0.550000012,2.75E+07,Goldman Sachs,Diversified,300,, 
11/4/21,NPABU US,New Providence Acquisition Corp II,250,10,1,2.25E+07,Deutsche Bank,Diversified,250,, 
11/4/21,MCAAU US,Mountain & Co I Acquisition Corp,230,10,1.700000048,2.00E+07,UBS,Diversified,230,, 
11/4/21,SVNAU US,7 Acquisition Corp,230,10,0.800000012,2.00E+07,Goldman Sachs,Diversified,230,, 
11/4/21,IQMDU US,Intelligent Medicine Acquisition Corp,207,10,1,1.80E+07,Cantor Fitzgerald,Diversified,207,, 
11/4/21,MPRAU US,Mercato Partners Acquisition Corp,200,10,0.300000012,2.00E+07,BofA Securities,Diversified,200,20.9461, 
11/4/21,RGFC US,Real Good Food Co Inc/The,63.9996,12,-8.333333015,5.33E+06,"Jefferies, William Blair & Co LLC, Truist Securities Inc, Nomura","Consumer, Non-cyclical",72.0312,2.4864,OTC US
11/4/21,BRTX US,BioRestorative Therapies Inc,23,10,35,2.30E+06,Roth Capital Partners Inc,"Consumer, Non-cyclical",0,12.9627,NASDAQ CM
11/3/21,CNDB/U US,GCT Semiconductor Holding Inc,345,10,1.299999952,3.00E+07,"Citi, TD Securities",Technology,345,, 
11/3/21,LGSTU US,Tevogen Bio Holdings Inc,345,10,0.800000012,3.00E+07,Cantor Fitzgerald,"Consumer, Non-cyclical",358.6,160.299, 
11/3/21,JUN/U US,Juniper II Corp,299,10,1,2.60E+07,"UBS, Morgan Stanley",Diversified,299,, 
11/3/21,SHCAU US,Spindletop Health Acquisition Corp,230,10,0.600000024,2.00E+07,"Barclays, Stifel",Diversified,230,, 
11/3/21,TOACU US,Talon 1 Acquisition Corp,230,10,1.100000024,2.00E+07,"Exos Securities LLC, UBS",Diversified,230,, 
11/3/21,ARHS US,Arhaus Inc,167.742,13,-1.538461566,1.29E+07,"Telsey Advisory Group, William Blair & Co LLC, Guggenheim Capital, Barclays, Robert W Baird & Co, Piper Sandler & Co, Morgan Stanley, Jefferies, BofA Securities","Consumer, Cyclical",682.842,100.322,NASDAQ GS
11/3/21,2558361D US,Sizzle Acquisition Corp,155,10,0.600000024,1.35E+07,Cantor Fitzgerald,Diversified,155,, 
11/3/21,NRDS US,NerdWallet Inc,150.075,18,57.22222137,7.25E+06,"Barclays, BofA Securities, Citi, KeyBanc Capital Markets, Truist Securities Inc, William Blair & Co LLC, Morgan Stanley",Financial,614.686,96.8857,NASDAQ GM
11/3/21,LIONU US,Lionheart III Corp,125,10,0.400000006,1.15E+07,Nomura,Technology,125,5.03876, 
11/3/21,LIBYU US,Liberty Resources Acquisition Corp,115,10,0.899999976,1.00E+07,Benchmark Investments,Diversified,119.778,4.58129, 
11/3/21,DHACU US,VSee Health Inc,115,10,2.400000095,1.00E+07,AGP / Alliance Global Partners Corp,Technology,120.09,1.98366, 
11/3/21,CMTG US,Claros Mortgage Trust Inc,103.039,18.65,-8.847183228,5.52E+06,"Deutsche Bank, Goldman Sachs, Citizens Financial Group Inc, JP Morgan, Stifel, UBS, Wells Fargo, Morgan Stanley",Financial,2639.55,62.4509,New York
11/3/21,TGVCU US,TG Venture Acquisition Corp,100,10,1,1.00E+07,ThinkEquity LLC,Diversified,100.5,10.3829, 
11/3/21,CDRE US,Cadre Holdings Inc,78,13,17.61538506,6.00E+06,"B Riley Financial Inc, Raymond James & Associates, Stephens Inc, Stifel",Industrial,432.284,79.8195,New York
11/2/21,TRAQ/U US,Trine II Acquisition Corp,414,10,0.5,3.60E+07,Morgan Stanley,Diversified,414,, 
11/2/21,BIRD US,Allbirds Inc,348.316,15,92.59999847,2.02E+07,"BofA Securities, Morgan Stanley, JP Morgan",Communications,302.885,29.2737,NASDAQ GS
11/2/21,ONYXU US,Onyx Acquisition Co I,230,10,0.699999988,2.30E+07,BTIG LLC,Diversified,230,, 
11/2/21,MLAIU US,McLaren Technology Acquisition Corp,201.25,10,0.699999988,1.75E+07,Mizuho Financial,Diversified,201.25,, 
11/2/21,INTEU US,Integral Acquisition Corp 1,115,10,0,1.00E+07,Wells Fargo,Diversified,115,128.791,OTC US
11/2/21,FRLAU US,Fortune Rise Acquisition Corp,97.75,10,0.300000012,8.50E+06,"Tiger Brokers NZ Ltd, EF Hutton",Diversified,97.75,9.60714, 
11/2/21,BSFC US,Blue Star Foods Corp,4,5,34.40000153,800000,"Newbridge Securities Corp, Revere Securities Corp","Consumer, Non-cyclical",120.688,9.99,OTC US
11/1/21,CMPX US,Compass Therapeutics Inc,125.003,3.5,0,3.57E+07,SVB Financial Group,"Consumer, Non-cyclical",0,97.5852,NASDAQ CM
11/1/21,1907357D US,SurgePays Inc,18.975,0,,2.70E+06,Maxim Group LLC,"Consumer, Non-cyclical",0,, 
10/29/21,UDMY US,Udemy Inc,439.35,29,-5.172413826,1.45E+07,"Morgan Stanley, JP Morgan, Citi, BofA Securities, Jefferies, Truist Securities Inc","Consumer, Non-cyclical",4004.26,90.791,NASDAQ GS
10/29/21,DEVO LN,Devolver Digital Inc,263.903,157,17.83439445,1.22E+08,Zeus Capital,Technology,0,18.771,London
10/29/21,AEAEU US,AltEnergy Acquisition Corp,230,10,0.5,2.00E+07,B Riley Financial Inc,Diversified,230,6.52174,OTC US
10/29/21,SEDA/U US,SDCL EDGE Acquisition Corp,199.952,10,-1,1.75E+07,"BofA Securities, Goldman Sachs",Diversified,199.952,7.87687, 
10/29/21,VSACU US,Vision Sensing Acquisition Corp,101.2,10,0.800000012,8.80E+06,EF Hutton,Diversified,105.465,41.9624, 
10/28/21,HRT US,HireRight Holdings Corp,422.222,19,-9.210526466,2.22E+07,"Truist Securities Inc, Stifel, Robert W Baird & Co, KeyBanc Capital Markets, William Blair & Co LLC, RBC Capital Markets, Jefferies, Barclays, Goldman Sachs, UBS","Consumer, Non-cyclical",1508.42,, 
10/28/21,PEGRU US,Project Energy Reimagined Acquisition Corp,263.777,10,-0.5,2.50E+07,"JP Morgan, BofA Securities",Diversified,263.777,32.1087, 
10/28/21,FIACU US,DevvStream Corp,230,10,0.5,2.00E+07,"Goldman Sachs, Citi",Industrial,230,, 
10/28/21,TRDA US,Entrada Therapeutics Inc,208.726,20,19.75,9.08E+06,"Goldman Sachs, TD Securities, Evercore","Consumer, Non-cyclical",624.974,81.5626,NASDAQ GM
10/28/21,ARCKU US,Arbor Rapha Capital Bioholdings Corp I,172.5,10,0.800000012,1.50E+07,Cantor Fitzgerald,Diversified,172.5,, 
10/28/21,CTSUF US,Cactus Acquisition Corp 1 Ltd,126.5,10,0.400000006,1.10E+07,"Moelis & Co, Oppenheimer & Co",Diversified,126.5,,OTC US
10/28/21,SONX US,Sonendo Inc,93.6,12,-23.33333397,7.80E+06,"BofA Securities, Goldman Sachs, Piper Sandler & Co, Stifel","Consumer, Non-cyclical",315.361,,OTC US
10/28/21,AIRS US,AirSculpt Technologies Inc,88.55,11,44.45454407,7.00E+06,"Morgan Stanley, Piper Sandler & Co, SVB Financial Group","Consumer, Non-cyclical",612.042,68.5611,NASDAQ GM
10/28/21,AURA US,Aura Biosciences Inc,86.94,14,5.714285851,5.40E+06,"SVB Financial Group, TD Securities, Evercore","Consumer, Non-cyclical",397.734,79.9975,NASDAQ GM
10/28/21,BFRI US,Biofrontera Inc,20.7,5,-11.80000019,3.60E+06,"Roth Capital Partners Inc, Benchmark Co LLC/The","Consumer, Non-cyclical",60.7,26.7317,NASDAQ CM
10/27/21,GFS US,GLOBALFOUNDRIES Inc,2855.16,47,-1.276595712,5.50E+07,"Jefferies, HSBC, Deutsche Bank, UBS, Citi, JP Morgan, BofA Securities, Morgan Stanley",Technology,25130.2,102.051,NASDAQ GS
10/27/21,MEGI US,NYLI CBRE Global Infrastructure Megatrends Term Fund,1000,20,0,5.00E+07,"Oppenheimer & Co, Stifel, RBC Capital Markets, Wells Fargo, Raymond James & Associates, BofA Securities, Morgan Stanley",Financial,0,37.989,New York
10/27/21,FLNC US,Fluence Energy Inc,998.2,28,25,3.10E+07,"Barclays, BofA Securities, Citi, UBS, Evercore, HSBC, Morgan Stanley, JP Morgan",Energy,1385.81,69.063,NASDAQ GS
10/27/21,BXSL US,Blackstone Secured Lending Fund,276.066,26.15,5.659657478,9.18E+06,"UBS, Raymond James & Associates, Stifel, RBC Capital Markets, JP Morgan, Barclays, BofA Securities, Wells Fargo, Morgan Stanley, Goldman Sachs, Citi",Financial,4377.95,41.8634,New York
10/27/21,SBDS US,Solo Brands Inc,252.258,17,3.588235378,1.29E+07,"BofA Securities, JP Morgan, Jefferies",Communications,1077.76,52.5765,OTC US
10/27/21,PCCTU US,Spectaire Holdings Inc,230,10,0.699999988,2.00E+07,"Jefferies, Moelis & Co, Nomura",Industrial,230,, 
10/27/21,ADALU US,Anthemis Digital Acquisitions I Corp,230,10,0.5,2.00E+07,"UBS, Barclays",Diversified,230,, 
10/27/21,USTUF US,SharonAI Holdings Inc,230,10,0.699999988,2.00E+07,Jefferies,Communications,230,, 
10/27/21,SCMAU US,Seaport Calibre Materials Acquisition Corp,130,10,0.100000002,1.30E+07,Seaport Group,Diversified,130,9.9, 
10/26/21,INFA US,Informatica Inc,967.15,29,0,2.90E+07,"LionTree Advisors LLC, Nomura, UBS, Deutsche Bank, RBC Capital Markets, Wells Fargo, Citi, BofA Securities, JP Morgan, Goldman Sachs",Technology,6658.78,3.12696, 
10/26/21,RENT US,Rent the Runway Inc,357,21,-8.142857552,1.70E+07,"Goldman Sachs, Morgan Stanley, Barclays, UBS, Piper Sandler & Co, Wells Fargo, Citizens Financial Group Inc, KeyBanc Capital Markets","Consumer, Cyclical",1258.71,82.9823,NASDAQ GM
10/26/21,IOACU US,Zoomcar Holdings Inc,230,10,1,2.00E+07,Cantor Fitzgerald,Communications,230,67.2037, 
10/26/21,PHYUF US,Pyrophyte Acquisition Corp,201.25,10,0.899999976,1.75E+07,UBS,Diversified,201.25,0.0146236,OTC US
10/26/21,DMAQU US,TruGolf Holdings Inc,126.5,10,0.5,1.10E+07,I-Bankers Securities Inc,"Consumer, Cyclical",156.7,, 
10/26/21,OHAAU US,OPY Acquisition Corp I,126.5,10,-0.5,1.10E+07,"Oppenheimer & Co, Lake Street Capital Markets LLC",Diversified,126.5,, 
10/26/21,LVACU US,LAVA Medtech Acquisition Corp,115,10,1,1.00E+07,RBC Capital Markets,Diversified,115,5.21739, 
10/26/21,AIP US,Arteris Inc,80.5,14,30,5.00E+06,"Jefferies, TD Securities, BMO Capital Markets",Technology,430.452,61.5853,NASDAQ GM
10/26/21,MRAI US,Marpai Inc,28.75,4,18.75,6.25E+06,ThinkEquity LLC,"Consumer, Non-cyclical",77.0628,10.0192,OTC US
10/25/21,AUGX US,Augmedix Inc,40,4,-12.5,1.00E+07,William Blair & Co LLC,Technology,148.607,15.4885, 
10/21/21,MBSC/U US,M3-Brigade Acquisition III Corp,300,10,0.300000012,2.61E+07,Cantor Fitzgerald,Diversified,300,7.16667, 
10/21/21,2629861D US,Aris Water Solution Inc,263.867,13,10,1.77E+07,"Evercore, Barclays, Wells Fargo, JP Morgan, Citi, Goldman Sachs",Energy,286.9,8.19004, 
10/21/21,GTACU US,Global Technology Acquisition Corp I,200,10,0.400000006,1.75E+07,"Goldman Sachs, Citi",Diversified,200,57.4165, 
10/21/21,XLO US,Xilio Therapeutics Inc,129.906,16,0,7.35E+06,"Morgan Stanley, TD Securities, Guggenheim Capital","Consumer, Non-cyclical",438.914,32.3263,NASDAQ CM
10/21/21,UTRS US,Minerva Surgical Inc,75,12,-25,6.25E+06,"JP Morgan, Piper Sandler & Co, SVB Financial Group, UBS","Consumer, Non-cyclical",342.816,92.6578,OTC US
10/20/21,PTLO US,Portillo's Inc,466.216,20,45.5,2.03E+07,"Morgan Stanley, Jefferies, BofA Securities, Piper Sandler & Co, Robert W Baird & Co, UBS, William Blair & Co LLC","Consumer, Cyclical",732.154,81.9263,NASDAQ GS
10/20/21,ENFN US,Enfusion Inc,366.562,17,16.52941132,1.88E+07,"Goldman Sachs, Morgan Stanley, BofA Securities, UBS, Piper Sandler & Co, Stifel, William Blair & Co LLC",Technology,1114.91,10.7142, 
10/20/21,GOGN/U US,GoGreen Investments Corp,276,10,0.5,2.40E+07,"UBS, Citi",Basic Materials,276,4.61379, 
10/20/21,RPC US,Ridgepost Capital Inc,276,12,0.666666687,2.00E+07,"Morgan Stanley, JP Morgan, Barclays, UBS, Stifel, Oppenheimer & Co, Stephens Inc",Financial,240,89.5086,New York
10/20/21,XFINU US,ExcelFin Acquisition Corp,230,10,0.300000012,2.00E+07,UBS,Diversified,230,, 
10/20/21,ENERU US,Accretion Acquisition Corp,207,10,1,1.80E+07,"Stephens Inc, EarlyBirdCapital.com",Diversified,207,, 
10/20/21,COCO US,Vita Coco Co Inc/The,178.5,15,-9.866666794,1.15E+07,"Goldman Sachs, BofA Securities, UBS, Evercore, Wells Fargo, Guggenheim Capital, Piper Sandler & Co, William Blair & Co LLC","Consumer, Non-cyclical",832.442,93.6691,NASDAQ GS
10/20/21,2543063D US,NewHold Investment Corp II,175,10,-0.5,1.75E+07,Stifel,Diversified,0,17.7783, 
10/20/21,VTYX US,Ventyx Biosciences Inc,174.298,16,31.375,9.47E+06,"Jefferies, Evercore, Piper Sandler & Co","Consumer, Non-cyclical",805.621,75.0038, 
10/20/21,THACU US,Thrive Acquisition Corp,172.5,10,0.5,1.50E+07,BTIG LLC,Diversified,172.5,, 
10/20/21,AXHIU US,Industrial Human Capital Inc,115,10,1.100000024,1.00E+07,AGP / Alliance Global Partners Corp,Diversified,115,, 
10/20/21,RWAY US,Runway Growth Finance Corp,100.01,14.6,-11.64383793,6.85E+06,"Morgan Stanley, Wells Fargo, JP Morgan, UBS",Financial,604.157,59.054,NASDAQ GS
10/19/21,ENTFU US,Enterprise 4.0 Technology Acquisition Corp,300,10,0.600000024,2.61E+07,"Cantor Fitzgerald, Mizuho Financial",Diversified,300,30.4834, 
10/19/21,ESACU US,Zeo Energy Corp,276,10,0.5,2.40E+07,"Barclays, Citi",Energy,276,, 
10/19/21,NCACU US,Newcourt Acquisition Corp,250,10,0.5,2.20E+07,Cantor Fitzgerald,"Consumer, Non-cyclical",260.8,34.8151, 
10/19/21,WWACU US,Aeries Technology Inc,230,10,-0.600000024,2.00E+07,"BofA Securities, JP Morgan",Technology,230,32.8504, 
10/19/21,ACAQ/U US,Athena Consumer Acquisition Corp,230,10,0.699999988,2.00E+07,Citi,Diversified,240,64.7586, 
10/19/21,SDIG US,Stronghold Digital Mining Inc,146.118,19,52.10526276,6.69E+06,"B Riley Financial Inc, TD Securities",Financial,365.011,10.4646, 
10/19/21,CYN US,CYNGN Inc,26.25,7.5,-1.333333373,3.50E+06,Aegis Capital Corp,Technology,198.257,6.19889,NASDAQ CM
10/19/21,CNTX US,Context Therapeutics Inc,25,5,2,5.00E+06,ThinkEquity LLC,"Consumer, Non-cyclical",51.049,81.0236,NASDAQ CM
10/19/21,1933675D LN,Alinda Capital Infrastructure Investments PLC,0,100,,,"Deutsche Bank, Peel Hunt LLP",Financial,0,,London
10/18/21,SMAPU US,MultiSensor AI Holdings Inc,115,10,0.5,1.00E+07,"Craig-Hallum Capital Group Ltd, Roth Capital Partners Inc",Industrial,0,71.696, 
10/18/21,BMAQU US,Blockchain Moon Acquisition Corp,115,10,1.299999952,1.00E+07,Chardan Capital Markets LLC,Diversified,115,13.0883, 
10/18/21,FEXDU US,Fintech Ecosystem Development Corp,100,10,0.800000012,1.00E+07,EF Hutton,Diversified,100,14.2905, 
10/15/21,GQG AU,GQG Partners Inc,880.279,2,-2.5,5.94E+08,"Goldman Sachs, UBS",Financial,4379.6,80.7073,ASE
10/15/21,PEPLU US,PepperLime Health Acquisition Corp,150,10,-1,1.50E+07,Oppenheimer & Co,Diversified,150,121.503, 
10/15/21,AVHIU US,Achari Ventures Holdings Corp I,100,10,0.400000006,1.00E+07,Chardan Capital Markets LLC,Diversified,100,, 
10/15/21,EBRDA AU,EBR Systems Inc,81.5761,1.08,-4.629633427,1.02E+08,"Bell Potter Securities Ltd, Morgans, Wilsons Corporate Finance Ltd","Consumer, Non-cyclical",214.547,14.9109,ASE
10/14/21,FOUNU US,Rubicon Technologies Inc,316.25,10,0.100000002,2.75E+07,Jefferies,Technology,316.25,, 
10/14/21,BMAC/U US,Black Mountain Acquisition Corp,276,10,0.400000006,2.40E+07,"Stephens Inc, EarlyBirdCapital.com",Diversified,276,25.7079, 
10/14/21,CDAUF US,Compass Digital Acquisition Corp,212.405,10,-1.799999952,2.00E+07,"Citi, JP Morgan",Diversified,212.405,,OTC US
10/14/21,SANBU US,Sanaby Health Acquisition Corp I,172.5,10,0.5,1.50E+07,BTIG LLC,Diversified,172.5,, 
10/14/21,FNA US,Paragon 28 Inc,143.75,16,16.9375,7.81E+06,"BofA Securities, Piper Sandler & Co","Consumer, Non-cyclical",1222,30.6776, 
10/14/21,INKT US,MiNK Therapeutics Inc,39.9996,12,0,3.33E+06,"William Blair & Co LLC, Evercore","Consumer, Non-cyclical",391.048,3.30342,NASDAQ CM
10/13/21,GTLB US,Gitlab Inc,880.88,77,34.92207718,1.04E+07,"Goldman Sachs, JP Morgan, BofA Securities, RBC Capital Markets, UBS, Truist Securities Inc, Piper Sandler & Co",Technology,929.452,92.7308,NASDAQ GS
10/13/21,TRIS/U US,Tristar Acquisition I Corp,230,10,-0.800000012,2.00E+07,Wells Fargo,Diversified,230,35.8193, 
10/13/21,ROSEU US,Rose Hill Acquisition Corp,143.75,10,0.699999988,1.25E+07,Cantor Fitzgerald,Diversified,143.75,, 
10/13/21,LUCD US,Lucid Diagnostics Inc,70,14,-16,5.00E+06,"Cantor Fitzgerald, Canaccord Genuity","Consumer, Non-cyclical",517.889,17.8763,NASDAQ CM
10/13/21,1927305D US,Bone Biologics Corp,7.9301,5.25,,1.51E+06,Wallachbeth Capital LLC,"Consumer, Non-cyclical",0,, 
10/12/21,AVDX US,AvidXchange Holdings Inc,759,25,-0.239999995,2.64E+07,"JP Morgan, Goldman Sachs, BofA Securities, Barclays, UBS, KeyBanc Capital Markets, Deutsche Bank, Piper Sandler & Co",Technology,4920.92,6.97746, 
10/12/21,CLST US,Catalyst Bancorp Inc,52.9,10,35.59999847,5.29E+06,Piper Sandler & Co,Financial,0,39.5302,NASDAQ CM
10/12/21,HCTI US,Healthcare Triangle Inc,18.8372,4,-10.25,4.71E+06,EF Hutton,Technology,138.779,0.540105,NASDAQ CM
10/8/21,LCWUF US,Learn CW Investment Corp,230,10,0.800000012,2.00E+07,Evercore,Diversified,230,43.4783, 
10/8/21,HWKZ/U US,Hawks Acquisition Corp,230,10,-1.399999976,2.00E+07,"Mizuho Financial, BTIG LLC",Diversified,230,36.5753, 
10/8/21,CGTX US,Cognition Therapeutics Inc,51.9996,12,6.416666508,3.77E+06,"B Riley Financial Inc, Oppenheimer & Co","Consumer, Non-cyclical",258.222,24.7945,NASDAQ CM
10/7/21,PYXS US,Pyxis Oncology Inc,168,16,-17.5,1.05E+07,"BofA Securities, Jefferies, UBS, William Blair & Co LLC","Consumer, Non-cyclical",507.746,37.0849,NASDAQ GS
10/7/21,SAMAU US,Schultze Special Purpose Acquisition Corp II,165,10,-0.800000012,1.50E+07,"Stifel, Mizuho Financial",Diversified,165,29.7767, 
10/7/21,ISO US,IsoPlexis Corp,124.995,15,-23.20000076,8.33E+06,"Morgan Stanley, TD Securities, Evercore, SVB Financial Group","Consumer, Non-cyclical",582.664,26.3344, 
10/6/21,LTH US,Life Time Group Holdings Inc,730.462,18,-1.388888836,3.90E+07,"RBC Capital Markets, Mizuho Financial, BMO Capital Markets, Wells Fargo, JP Morgan, Deutsche Bank, BofA Securities, Goldman Sachs, Morgan Stanley","Consumer, Cyclical",3475.08,96.4546,New York
10/6/21,THRX US,Theseus Pharmaceuticals Inc,160.003,16,16.125,1.00E+07,"Jefferies, SVB Financial Group, Cantor Fitzgerald","Consumer, Non-cyclical",573.824,21.1343, 
10/5/21,NFSUF US,Enphys Acquisition Corp,345,10,-2,3.00E+07,"UBS, BTIG LLC",Diversified,345,6.92211, 
10/5/21,BHACU US,Focus Impact BH3 Acquisition Co,230,10,-0.699999988,2.00E+07,"Guggenheim Capital, BTIG LLC",Diversified,230,39.5005, 
10/5/21,AVACU US,Avalon Acquisition Inc,207,10,0.200000003,1.80E+07,Maxim Group LLC,Diversified,207,4.79496, 
10/5/21,PBAXU US,CERo Therapeutics Holdings Inc,175,10,0.800000012,1.55E+07,Cantor Fitzgerald,"Consumer, Non-cyclical",183.45,68.3296, 
10/5/21,PCXCU US,Parsec Capital Acquisitions Corp,86.25,10,1.200000048,7.50E+06,EF Hutton,Diversified,86.25,8.52276, 
10/5/21,EMPD US,Empery Digital Inc,17.8855,5.5,97.45454407,3.03E+06,Aegis Capital Corp,"Consumer, Cyclical",63.6064,102.132,NASDAQ GS
10/4/21,RNERU US,Mount Rainier Acquisition Corp,172.5,10,0.5,1.50E+07,AGP / Alliance Global Partners Corp,Diversified,178.012,, 
10/1/21,DMYS/U US,dMY Technology Group Inc VI,241.5,10,1.299999952,2.10E+07,Goldman Sachs,Diversified,241.5,, 
10/1/21,NTRB US,Nutriband Inc,7.59,6.25,7.039999962,1.06E+06,"Wallachbeth Capital LLC, Westpark Capital Inc","Consumer, Non-cyclical",0,3.39803,NASDAQ CM
9/30/21,GATEU US,Marblegate Acquisition Corp,300,10,-0.5,3.00E+07,Cantor Fitzgerald,Diversified,309.1,31.7644, 
9/30/21,FWRG US,First Watch Restaurant Group Inc,195.802,18,22.94444466,9.46E+06,"Goldman Sachs, BofA Securities, Jefferies, Barclays, Citi, Piper Sandler & Co, TD Securities, Guggenheim Capital, Stifel","Consumer, Cyclical",1062.87,119.077,NASDAQ GS
9/30/21,MTRYU US,Monterey Innovation Acquisition Corp,115,10,1.200000048,1.00E+07,Chardan Capital Markets LLC,Diversified,0,12.7697, 
9/29/21,OLPX US,Olaplex Holdings Inc,1779.85,21,16.66666603,7.37E+07,"Raymond James & Associates, Jefferies, Evercore, BofA Securities, Barclays, Morgan Stanley, JP Morgan, Goldman Sachs","Consumer, Non-cyclical",13610.6,98.5579,NASDAQ GS
9/29/21,MEKA US,MELI Kaszek Pioneer Corp,287.5,10,11.5,2.50E+07,"Allen & Co, Goldman Sachs, JP Morgan, BofA Securities",Diversified,407.5,11.7746, 
9/29/21,ARTEU US,Artemis Strategic Investment Corp,201.25,10,0.300000012,1.75E+07,"Barclays, BMO Capital Markets",Diversified,201.25,, 
9/29/21,HPLTU US,Home Plate Acquisition Corp,200,10,-1.399999976,2.00E+07,Jefferies,Diversified,200,, 
9/28/21,ECAT US,BlackRock ESG Capital Allocation Term Trust,2500,20,0,1.25E+08,"Ameriprise Financial Inc, Morgan Stanley, Oppenheimer & Co, RBC Capital Markets, Stifel, UBS, Wells Fargo, BofA Securities",Financial,0,37.1884,New York
9/28/21,HCVIU US,Red Rock Acquisition Corp,340.93,10,-0.100000002,3.00E+07,"Barclays, Citi",Diversified,340.93,17.423, 
9/27/21,BACA/U US,Berenson Acquisition Corp I,275.1,10,-1.600000024,2.50E+07,"BofA Securities, Wells Fargo",Diversified,275.1,, 
9/27/21,PRBMU US,Parabellum Acquisition Corp,143.75,10,0,1.25E+07,B Riley Financial Inc,Diversified,143.75,, 
9/23/21,CWAN US,Clearwater Analytics Holdings Inc,621,18,40.94444275,3.00E+07,"William Blair & Co LLC, Oppenheimer & Co, Piper Sandler & Co, UBS, RBC Capital Markets, Wells Fargo, Morgan Stanley, JP Morgan, Goldman Sachs",Technology,852.59,107.161,New York
9/23/21,DSAQU US,Direct Selling Acquisition Corp,230,10,0.699999988,2.00E+07,BTIG LLC,Diversified,230,, 
9/23/21,GIAFU US,QT Imaging Holdings Inc,230,10,1.399999976,2.00E+07,"Wells Fargo, William Blair & Co LLC","Consumer, Non-cyclical",237.5,, 
9/23/21,HLTHQ US,Cue Health Inc,230,16,25,1.25E+07,"Goldman Sachs, Morgan Stanley, TD Securities","Consumer, Non-cyclical",2330.27,28.1918,OTC US
9/22/21,RELY US,Remitly Global Inc,523,43,12.67441845,1.22E+07,"Goldman Sachs, JP Morgan","Consumer, Non-cyclical",6939.24,81.0781,NASDAQ GS
9/22/21,ESMT US,EngageSmart Inc,435.045,26,31.23077011,1.46E+07,"William Blair & Co LLC, Truist Securities Inc, Raymond James & Associates, Deutsche Bank, Citi, BofA Securities, JP Morgan, Goldman Sachs",Technology,4200.98,14.8543, 
9/22/21,STER US,Sterling Check Corp,377.839,23,16.95652199,1.43E+07,"Goldman Sachs, JP Morgan, Morgan Stanley, Robert W Baird & Co, William Blair & Co LLC, KeyBanc Capital Markets, Nomura, Stifel","Consumer, Non-cyclical",2161.15,15.6304, 
9/22/21,SOVO US,Sovos Brands Inc,322.009,12,12.66666698,2.33E+07,"William Blair & Co LLC, Stifel, Piper Sandler & Co, TD Securities, UBS, Barclays, BofA Securities, JP Morgan, Goldman Sachs","Consumer, Cyclical",1210.71,10.4575, 
9/22/21,ARGUU US,Argus Capital Corp,304.75,10,1.200000048,2.65E+07,"Goldman Sachs, Morgan Stanley",Diversified,304.75,, 
9/22/21,LOCC/U US,Live Oak Crestview Climate Acquisition Corp,200,10,-1.600000024,2.00E+07,"Jefferies, BofA Securities",Diversified,200,7.92, 
9/22/21,BRLT US,Brilliant Earth Group Inc,115,12,42.66666794,8.33E+06,"JP Morgan, UBS, Jefferies, TD Securities, KeyBanc Capital Markets, Piper Sandler & Co, William Blair & Co LLC, Telsey Advisory Group","Consumer, Cyclical",115,37.0846,NASDAQ GM
9/22/21,THRN US,Thorne HealthTech Inc,70,10,-24.5,7.00E+06,"BofA Securities, TD Securities, Evercore, RBC Capital Markets","Consumer, Non-cyclical",525.146,, 
9/21/21,FRSH US,Freshworks Inc,1128.6,36,32.08333206,2.85E+07,"Jefferies, Barclays, BofA Securities, JP Morgan, Morgan Stanley",Technology,1026,87.3404,NASDAQ GS
9/21/21,TOST US,Toast Inc,1000,40,56.27500153,2.17E+07,"Morgan Stanley, Goldman Sachs, JP Morgan, KeyBanc Capital Markets, William Blair & Co LLC, Piper Sandler & Co","Consumer, Non-cyclical",1000,94.4142,New York
9/21/21,IPAXU US,Intuitive Machines Inc,329.75,10,-1.799999952,3.00E+07,Citi,Industrial,329.75,, 
9/21/21,AKA US,aka Brands Holding Corp,110,11,-9.181818008,1.00E+07,"BofA Securities, UBS, Jefferies, Wells Fargo, KeyBanc Capital Markets, TD Securities, Piper Sandler & Co, Truist Securities Inc",Communications,1392.49,75.3955,New York
9/16/21,FORG US,ForgeRock Inc,316.25,25,46,1.10E+07,"Morgan Stanley, JP Morgan, Deutsche Bank, Mizuho Financial, HSBC",Technology,316.25,10.0039, 
9/15/21,ACT US,Enact Holdings Inc,290.833,19,7.842105389,1.33E+07,"JP Morgan, Goldman Sachs, BofA Securities, UBS",Financial,3093.96,102.468,NASDAQ GS
9/15/21,FLYA/U US,Soar Technology Acquisition Corp,230,10,1.600000024,2.00E+07,"JP Morgan, RBC Capital Markets, BTIG LLC",Diversified,230,5.1485, 
9/15/21,NPRA CN,Nepra Foods Inc,5.9095,0.47,40.42553329,1.38E+07,Canaccord Genuity,"Consumer, Non-cyclical",0,,Canadian Sec
9/14/21,TWKS US,Thoughtworks Holding Inc,889.736,21,39.95238113,3.68E+07,"TD Securities, Nomura, Piper Sandler & Co, Robert W Baird & Co, Wedbush Securities Inc, William Blair & Co LLC, HSBC, RBC Capital Markets, Citi, BofA Securities, UBS, JP Morgan, Goldman Sachs",Technology,6406.95,8.88886, 
9/14/21,BROS US,Dutch Bros Inc,556.841,23,59.47826004,2.11E+07,"William Blair & Co LLC, Robert W Baird & Co, Piper Sandler & Co, Barclays, Jefferies, BofA Securities, JP Morgan","Consumer, Cyclical",784.017,94.3776,New York
9/14/21,DH US,Definitive Healthcare Corp,483,27,60.33333206,1.56E+07,"JP Morgan, Goldman Sachs, Morgan Stanley, Barclays, UBS, Deutsche Bank",Technology,2383.11,89.0413,NASDAQ GS
9/14/21,SIERU US,Sierra Lake Acquisition Corp,300,10,-1,3.00E+07,Cantor Fitzgerald,Diversified,300,, 
9/14/21,CIIGU US,CIIG Capital Partners II Inc,287.5,10,0.800000012,2.50E+07,"UBS, Barclays, LionTree Advisors LLC",Diversified,287.5,7.5, 
9/14/21,DICE US,DICE Therapeutics Inc,234.6,17,117,1.20E+07,"BofA Securities, SVB Financial Group, Evercore","Consumer, Non-cyclical",648.836,13.6964, 
9/14/21,EDNCU US,Endurance Acquisition Corp,200,10,-1.5,2.00E+07,Cantor Fitzgerald,Diversified,200,9.9, 
9/14/21,TYRA US,Tyra Biosciences Inc,198.72,16,62.5,1.08E+07,"BofA Securities, Jefferies, TD Securities","Consumer, Non-cyclical",651.762,126.418,NASDAQ GS
9/14/21,PRCT US,PROCEPT BioRobotics Corp,188.485,25,67.76000214,6.56E+06,"BofA Securities, Goldman Sachs","Consumer, Non-cyclical",1054.92,102.51,NASDAQ GM
9/14/21,WINVU US,WinVest Acquisition Corp,115,10,0.800000012,1.00E+07,Chardan Capital Markets LLC,Diversified,115,,OTC US
9/14/21,AEHAU US,Ocean Biomedical Inc,105,10,0.600000024,1.00E+07,EF Hutton,"Consumer, Non-cyclical",105,23.3612, 
9/14/21,NXXT US,NextNRG Inc,28.75,4,13.5,6.25E+06,ThinkEquity LLC,Energy,103.75,19.3104,NASDAQ CM
9/14/21,KTTA US,Pasithea Therapeutics Corp,24,5,-28.79999924,4.80E+06,EF Hutton,"Consumer, Non-cyclical",65.292,105.817,NASDAQ CM
9/13/21,PAFOU US,Pacifico Acquisition Corp,57.5,10,0.5,5.00E+06,Chardan Capital Markets LLC,Industrial,60.3,17.4116, 
9/10/21,BNIXU US,Bannix Acquisition Corp,69,10,1.200000048,6.00E+06,I-Bankers Securities Inc,Diversified,72.7,3.09196, 
9/9/21,SLVRU US,SILVERspac Inc,250,10,-1.799999952,2.50E+07,"Citi, Goldman Sachs",Diversified,250,8.54, 
9/9/21,FLAG/U US,Calidi Biotherapeutics Inc,230,10,-0.600000024,2.00E+07,Guggenheim Capital,"Consumer, Non-cyclical",230,, 
9/9/21,FHLTU US,Future Health ESG Corp,200,10,-1,2.00E+07,Cantor Fitzgerald,Diversified,200,, 
9/9/21,EVVL US,Evil Empire Designs Inc,0.495,0,,2.48E+06,,"Consumer, Cyclical",0,,OTC US
9/7/21,BNNRU US,Banner Acquisition Corp,157,10,-1,1.50E+07,BofA Securities,Diversified,157,34.3338, 
9/2/21,DWACU US,Trump Media & Technology Group,250,10,0.100000002,2.50E+07,EF Hutton,Communications,260.116,, 
9/1/21,INAQU US,Alpha Modus Holdings Inc,240,10,-1.399999976,2.40E+07,Cantor Fitzgerald,Technology,240,29.8921, 
9/1/21,DTRTU US,DTRT Health Acquisition Corp,230,10,1,2.00E+07,Cantor Fitzgerald,Diversified,230,18.7603, 
8/31/21,CNDAU US,Concord Acquisition Corp II,280.098,10,-1.399999976,2.50E+07,"Citi, TD Securities",Diversified,280.098,26.5086,OTC US
8/30/21,CHWAU US,Wag! Group Co,125,10,0,1.10E+07,Chardan Capital Markets LLC,Communications,0,18.9323, 
8/30/21,REVEU US,Alpine Acquisition Corp,107,10,0.400000006,1.00E+07,Maxim Group LLC,Diversified,0,5.11871, 
8/26/21,1915434D US,Atlantic International Corp,13.8083,4.25,,3.06E+06,Maxim Group LLC,"Consumer, Non-cyclical",50.5172,, 
8/25/21,SWSSU US,Clean Energy Special Situations Corp,171.186,10,-1.5,1.50E+07,EarlyBirdCapital.com,Diversified,177.636,20.2346,OTC US
8/25/21,CCAIU US,Cascadia Acquisition Corp,150,10,-1.399999976,1.50E+07,Cantor Fitzgerald,Diversified,150,, 
8/25/21,MEOAU US,Minority Equality Opportunities Acquisition Inc,126.5,10,0.300000012,1.10E+07,Maxim Group LLC,Diversified,110,, 
8/25/21,RNXT US,RenovoRx Inc,16.65,9,-19.33333397,1.85E+06,Roth Capital Partners Inc,"Consumer, Non-cyclical",0,16.7255,NASDAQ CM
8/19/21,WAVC/U US,Waverley Capital Acquisition Corp 1,214.87,10,-1,2.00E+07,"Evercore, Morgan Stanley",Diversified,214.87,9.21486, 
8/13/21,APMIU US,AxonPrime Infrastructure Acquisition Corp,150,10,-1.5,1.50E+07,Morgan Stanley,Diversified,150,10, 
8/13/21,NLCP US,Newlake Capital Partners Inc/MD,101.556,26,15.38461494,3.91E+06,"Compass Point Research & Trading LLC, Ladenburg Thalmann & Co, Loop Capital Markets LLC",Financial,552.133,31.2564,OTC US
8/12/21,KCGI/U US,Kensington Capital Acquisition Corp V,276,10,1.200000048,2.40E+07,"UBS, Stifel",Diversified,276,, 
8/12/21,CENQU US,Verde Clean Fuels Inc,172.5,10,-0.800000012,1.50E+07,"I-Bankers Securities Inc, Imperial Capital LLC",Energy,172.5,20.0401, 
8/12/21,JAQCU US,Jupiter Acquisition Corp,157.619,10,-2.5,1.50E+07,"Nomura, Arcadia Securities LLC, Ladenburg Thalmann & Co",Diversified,163.419,7.83996, 
8/12/21,2570782D US,Armada Acquisition Corp I,150,10,-2,1.50E+07,Northland Securities Group LLC,Diversified,150,, 
8/12/21,DRMA US,Dermata Therapeutics Inc,17.9998,7,-25.8571434,2.57E+06,Maxim Group LLC,"Consumer, Non-cyclical",58.3002,10.9027,NASDAQ CM
8/12/21,1911065D US,Myseum Inc,13.8,4.15,,2.89E+06,"EF Hutton, US Tiger Securities Inc",Technology,69.3648,, 
8/11/21,AFTR/U US,AfterNext HealthTech Acquisition Corp,250,10,-1,2.50E+07,"Goldman Sachs, Deutsche Bank, BofA Securities",Diversified,250,, 
8/11/21,2626755D US,AERWINS Technologies Inc,115,10,0.300000012,1.00E+07,EF Hutton,Industrial,119.692,26.9926, 
8/11/21,OXACU US,Jet.AI Inc,115,10,0.400000006,1.00E+07,Maxim Group LLC,"Consumer, Cyclical",115,76.0398, 
8/11/21,SSBK US,Southern States Bancshares Inc,43.7,19,4.052631378,2.00E+06,"Truist Securities Inc, Stifel",Financial,171.245,8.56651, 
8/10/21,DCRDU US,Decarbonization Plus Acquisition Corp IV,316.25,10,0.100000002,2.75E+07,"Citi, UBS",Diversified,316.25,, 
8/10/21,VCXAU US,African Agriculture Holdings I,200,10,-0.600000024,2.00E+07,Cantor Fitzgerald,"Consumer, Non-cyclical",206.55,, 
8/10/21,TPBAU US,TPB Acquisition Corp I,180.363,10,-0.600000024,1.75E+07,"Barclays, CODE Advisors",Diversified,180.363,19.2113, 
8/10/21,CNTQU US,Dragonfly Energy Holdings Corp,126.5,10,0.400000006,1.10E+07,Chardan Capital Markets LLC,"Consumer, Cyclical",0,14.3866, 
8/10/21,PETV US,PetVivo Holdings Inc,11.25,4.5,88.8888855,2.50E+06,ThinkEquity LLC,"Consumer, Non-cyclical",0,29.1347,OTC US
8/9/21,CPAAU US,Conyers Park III Acquisition Corp,357,10,0,3.50E+07,"Goldman Sachs, Deutsche Bank, JP Morgan",Diversified,357,24.7199, 
8/9/21,AHPAU US,OmniAb Inc,230,10,0,2.00E+07,UBS,"Consumer, Non-cyclical",230,13.4946, 
8/9/21,CLYM US,Climb Bio Inc,92,12.5,27.20000076,6.40E+06,"SVB Financial Group, Evercore, Stifel, Guggenheim Capital","Consumer, Non-cyclical",328.978,76.7951,NASDAQ GM
8/9/21,ASPAU US,Collective Audience Inc,57.339,10,0.800000012,5.00E+06,Chardan Capital Markets LLC,Communications,60.102,94.7843, 
8/6/21,MIO US,Pioneer Municipal High Income Opportunities Fund Inc,300,20,0.100000002,1.50E+07,"Morgan Stanley, UBS, Wells Fargo",Financial,0,9.27666, 
8/5/21,IVVD US,Invivyd Inc,355.81,17,22.8235302,1.82E+07,"Morgan Stanley, Jefferies, Stifel, Guggenheim Capital","Consumer, Non-cyclical",1844.77,90.0295,NASDAQ GM
8/5/21,RVACU US,Riverview Acquisition Corp,250,10,-0.5,2.50E+07,Cantor Fitzgerald,"Consumer, Non-cyclical",250,8.09449, 
8/5/21,EWCZ US,European Wax Center Inc,207.23,17,25.8235302,1.06E+07,"BofA Securities, Morgan Stanley, Jefferies, Citi, Guggenheim Capital, Truist Securities Inc, Robert W Baird & Co","Consumer, Non-cyclical",542.261,91.612,NASDAQ GS
8/5/21,ROCGU US,Tigo Energy Inc,115,10,0.300000012,1.00E+07,"Craig-Hallum Capital Group Ltd, Roth Capital Partners Inc",Energy,0,, 
8/5/21,GSDWU US,Global Systems Dynamics Inc,104.925,10,0.200000003,1.00E+07,EF Hutton,Diversified,104.925,123.036, 
8/5/21,OBT US,Orange County Bancorp Inc,33.5,33.5,1.791044831,1.00E+06,"Piper Sandler & Co, Stephens Inc",Financial,183.861,50.624,NASDAQ CM
8/4/21,WEBR US,Weber Inc,287.5,14,17.8571434,1.79E+07,"KeyBanc Capital Markets, Wells Fargo, UBS, Citi, BMO Capital Markets, JP Morgan, Goldman Sachs, BofA Securities","Consumer, Cyclical",740.078,, 
8/4/21,IDWM US,IDW Media Holdings Inc,10.215,3.6,8.888892174,2.50E+06,EF Hutton,Communications,44.4658,,OTC US
8/4/21,1893090D US,Immutable Holdings Inc/US,6.6602,0.75,,8.88E+06,"Haywood Securities Inc, PI Financial Corp, GMP Securities, Stifel",Technology,0,, 
8/3/21,AMCIU US,LanzaTech Global Inc,150,10,-1.5,1.50E+07,Evercore,Industrial,150,, 
8/3/21,1879547D US,ABVC BioPharma Inc,6.875,6.25,,1.10E+06,Wallachbeth Capital LLC,"Consumer, Non-cyclical",0,, 
8/2/21,HWELU US,Healthwell Acquisition Corp I,250,10,-1,2.50E+07,Jefferies,Diversified,250,, 
8/2/21,IPM US,Intelligent Protection Managem,3.9999,3,8.333333015,1.16E+06,Maxim Group LLC,Communications,24.7194,36.6319,NASDAQ CM
7/30/21,ZLSUF US,Zalatoris II Acquisition Corp,219.611,10,-2,2.00E+07,Citi,Diversified,219.611,, 
7/30/21,TNYA US,Tenaya Therapeutics Inc,207,15,2.333333254,1.20E+07,"Morgan Stanley, TD Securities, Piper Sandler & Co","Consumer, Non-cyclical",616.87,52.2491,NASDAQ GS
7/30/21,INAB US,IN8bio Inc,40,10,0,4.00E+06,B Riley Financial Inc,"Consumer, Non-cyclical",187.546,45.0215,NASDAQ CM
7/29/21,MXCT US,MaxCyte Inc,201.825,13,30.76922989,1.35E+07,"TD Securities, Stifel, William Blair & Co LLC","Consumer, Non-cyclical",1302.79,95.2874,NASDAQ GS
7/29/21,RXST US,RxSight Inc,131.976,16,0,7.35E+06,"JP Morgan, BofA Securities, SVB Financial Group","Consumer, Non-cyclical",441.974,91.7782,NASDAQ GM
7/29/21,IMRX US,Immuneering Corp,129.375,15,17.26666641,7.50E+06,"Morgan Stanley, Jefferies, TD Securities, Guggenheim Capital","Consumer, Non-cyclical",382.716,47.8908,NASDAQ GM
7/29/21,OMGAQ US,Omega Therapeutics Inc,125.8,17,-5.882352829,7.40E+06,"Goldman Sachs, Jefferies, Piper Sandler & Co","Consumer, Non-cyclical",794.339,63.2357, 
7/29/21,RANI US,Rani Therapeutics Holdings Inc,84.3337,11,0,6.67E+06,"BofA Securities, Stifel, Cantor Fitzgerald, Canaccord Genuity","Consumer, Non-cyclical",217.126,50.8596,NASDAQ GM
7/29/21,FIEE US,FiEE Inc,25,2.5,0,1.00E+07,B Riley Financial Inc,Communications,114.078,0.000516755,NASDAQ CM
7/28/21,HOOD US,Robinhood Markets Inc,2255.46,38,-8.368420601,5.50E+07,"Mizuho Financial, Wells Fargo, Citi, Barclays, JP Morgan, Goldman Sachs",Communications,27168.1,75.3971,NASDAQ GS
7/28/21,PWSC US,PowerSchool Holdings Inc,817.106,18,0,3.95E+07,"UBS, Barclays, Goldman Sachs",Technology,2861.04,, 
7/28/21,COOK US,Traeger Inc,487.058,18,22.22222137,2.35E+07,"Stifel, Piper Sandler & Co, BMO Capital Markets, RBC Capital Markets, UBS, William Blair & Co LLC, Robert W Baird & Co, Jefferies, Morgan Stanley","Consumer, Cyclical",2115.86,69.1835,New York
7/28/21,2626773D US,Metals Acquisition Corp,265.148,10,-1.700000048,2.50E+07,Citi,Diversified,265.148,7.76808, 
7/28/21,,International Media Acquisition Corp,230,10,0.400000006,,Chardan Capital Markets LLC,,237.144,,
7/28/21,SWAGU US,Nogin Inc,220.808,10,0,2.00E+07,Jefferies,Technology,220.808,, 
7/28/21,ICVX US,Icosavax Inc,209.299,15,133.1333313,1.21E+07,"Jefferies, TD Securities, Evercore, William Blair & Co LLC","Consumer, Non-cyclical",589.948,26.1837, 
7/28/21,DALS US,DA32 Life Science Tech Acquisition Corp,200,10,-1.600000024,2.00E+07,"JP Morgan, TD Securities",Diversified,256.5,, 
7/28/21,NUVL US,Nuvalent Inc,180.413,17,10.29411793,9.15E+06,"JP Morgan, TD Securities, Piper Sandler & Co","Consumer, Non-cyclical",724.178,114.372,NASDAQ GS
7/28/21,RLYB US,Rallybio Corp,92.69,13,8.461538315,6.20E+06,"Jefferies, TD Securities, Evercore","Consumer, Non-cyclical",417.69,66.304,NASDAQ CM
7/27/21,DUOL US,Duolingo Inc,598.944,102,36.2843132,5.11E+06,"Goldman Sachs, Allen & Co, BofA Securities, Barclays, Evercore, William Blair & Co LLC",Technology,1230.08,103.072,NASDAQ GS
7/27/21,TBLD US,Thornburg Income Builder Opportunities Trust,580,20,0,2.90E+07,"Oppenheimer & Co, Stifel, RBC Capital Markets, Wells Fargo, UBS",Financial,0,39.1013,NASDAQ GS
7/27/21,MLNK US,MeridianLink Inc,373.88,26,-5.384615421,1.32E+07,"Raymond James & Associates, Citi, Barclays, UBS, BofA Securities",Technology,2098.32,0.800674, 
7/27/21,PLMUF US,Plum Acquisition Corp III,282.5,10,-1.200000048,2.50E+07,"Citi, Morgan Stanley",Diversified,353,,OTC US
7/27/21,SNPO US,Snap One Holdings Corp,271.485,18,-8.055555344,1.39E+07,"William Blair & Co LLC, Truist Securities Inc, Raymond James & Associates, BMO Capital Markets, UBS, Jefferies, JP Morgan, Morgan Stanley","Consumer, Cyclical",1380.58,, 
7/27/21,SEPAU US,SEP Acquisition Corp,180.415,10,-0.899999976,1.75E+07,Needham Group Inc/The,Diversified,180.415,132.835, 
7/26/21,WRAC/U US,Williams Rowland Acquisition Corp,230,10,-0.300000012,2.00E+07,Oppenheimer & Co,Diversified,230,20.616, 
7/26/21,ALPAU US,Longevity Health Holdings Inc,154.441,10,0,1.50E+07,"BofA Securities, PJT Partners Inc","Consumer, Non-cyclical",158.991,, 
7/26/21,CADL US,Candel Therapeutics,79.104,8,-12.5,9.00E+06,"Jefferies, UBS, BMO Capital Markets","Consumer, Non-cyclical",229.476,34.7705,NASDAQ GM
7/26/21,CYBE CN,CyberCatch Holdings Inc,1.99325,0.1,100,2.50E+07,PI Financial Corp,Technology,3.08555,,Venture
7/22/21,CNM US,Core & Main Inc,802.326,20,18.5,3.49E+07,"Deutsche Bank, Barclays, Robert W Baird & Co, RBC Capital Markets, Citi, BofA Securities, Goldman Sachs, JP Morgan, UBS","Consumer, Cyclical",3201.36,120.659,New York
7/22/21,CRBU US,Caribou Biosciences Inc,349.6,16,2,1.90E+07,"BofA Securities, Citi, SVB Financial Group","Consumer, Non-cyclical",952.947,38.1402,NASDAQ GS
7/22/21,CTKB US,Cytek Biosciences Inc,284.738,17,10.35294151,1.46E+07,"Morgan Stanley, Goldman Sachs, TD Securities, Piper Sandler & Co","Consumer, Non-cyclical",2260.89,78.1946,NASDAQ GS
7/22/21,INST US,Instructure Holdings Inc,283.5,20,4.900000095,1.25E+07,"Macquarie, Jefferies, Citi, Morgan Stanley, JP Morgan",Technology,2803.5,, 
7/22/21,BASE US,Couchbase Inc,230.16,24,26.66666603,8.34E+06,"Morgan Stanley, Goldman Sachs, Barclays, RBC Capital Markets",Communications,1023.91,5.73265, 
7/22/21,TEAD US,Teads Holding Co,160,20,0,8.00E+06,"Jefferies, Citi, Barclays, Evercore",Technology,1077.11,26.8097,NASDAQ GS
7/22/21,BLNGU US,Belong Acquisition Corp,150,10,-1,1.50E+07,"Wells Fargo, Loop Capital Markets LLC",Diversified,155.5,, 
7/22/21,XPOF US,Xponential Fitness Inc,130.848,12,2.083333254,1.00E+07,"BofA Securities, Jefferies, Morgan Stanley, Citi, Guggenheim Capital, Piper Sandler & Co","Consumer, Cyclical",284.88,94.9872,New York
7/22/21,9990823D US,US Century Bank,40,10,-100,4.00E+06,Stifel,Financial,0,77.4574, 
7/21/21,RYAN US,Ryan Specialty Holdings Inc,1538.22,23.5,17.02127647,5.69E+07,"Barclays, BMO Capital Markets, Goldman Sachs, Stifel, RBC Capital Markets, UBS, Wells Fargo, William Blair & Co LLC, JP Morgan",Financial,2703.13,94.7543,New York
7/21/21,ABSI US,Absci Corp,230,16,34.9375,1.25E+07,"JP Morgan, BofA Securities, TD Securities, UBS, Stifel","Consumer, Non-cyclical",1446,79.1026,NASDAQ GS
7/21/21,ZVIA US,Zevia PBC,149.8,14,-2.5,1.07E+07,"Goldman Sachs, BofA Securities, Morgan Stanley, BMO Capital Markets, Stephens Inc, Wells Fargo","Consumer, Non-cyclical",481.831,70.4366,New York
7/21/21,VEEE US,Twin Vee PowerCats Co,20.7,6,24.83333397,3.00E+06,ThinkEquity LLC,"Consumer, Cyclical",44.7,8.25493,NASDAQ CM
7/20/21,PYCR US,Paycor HCM Inc,489.325,23,13.26086998,1.85E+07,"TD Securities, Citizens Financial Group Inc, Needham Group Inc/The, Raymond James & Associates, Robert W Baird & Co, Stifel, Truist Securities Inc, Deutsche Bank, UBS, Jefferies, JP Morgan, Goldman Sachs",Technology,4003.79,0.0452578, 
7/20/21,PFTAU US,Perception Capital Corp III,259.114,10,-0.300000012,2.40E+07,"Goldman Sachs, BTIG LLC, Scotiabank",Diversified,259.114,14.1163, 
7/20/21,LAW US,CS Disco Inc,246.4,32,28.125,7.00E+06,"JP Morgan, BofA Securities, Citi, Jefferies",Technology,1820.12,79.8581,New York
7/20/21,KLTR US,Kaltura Inc,172.5,10,20,1.50E+07,"Goldman Sachs, BofA Securities, Deutsche Bank, Wells Fargo",Technology,1263.37,55.8651,NASDAQ GS
7/20/21,TCBC US,TC Bancshares Inc,48.984,10,21.10000038,4.90E+06,Performance Trust Capital Partners LLC,Financial,0,9.30744, 
7/19/21,TRTUF US,TortoiseEcofin Acquisition Corp III,345,10,-1,3.00E+07,"Goldman Sachs, Barclays, Cantor Fitzgerald",Diversified,345,, 
7/19/21,CLOEU US,Clover Leaf Capital Corp,138.312,10,0.100000002,1.25E+07,Maxim Group LLC,Diversified,144.602,40.9658, 
7/19/21,CLAYU US,Mobix Labs Inc,80,10,-0.400000006,8.00E+06,"Craig-Hallum Capital Group Ltd, Roth Capital Partners Inc",Technology,80,, 
7/19/21,HCWB US,HCW Biologics Inc,56,8,-21.25,7.00E+06,EF Hutton,"Consumer, Non-cyclical",285.204,8.45424,NASDAQ CM
7/15/21,BLND US,Blend Labs Inc,404.424,18,16.11111069,2.00E+07,"Allen & Co, KeyBanc Capital Markets, Truist Securities Inc, UBS, Wells Fargo, Goldman Sachs",Technology,3800.61,90.5937,New York
7/15/21,ERAS US,Erasca Inc,345,16,8.9375,1.88E+07,"JP Morgan, Morgan Stanley, BofA Securities, Evercore, Guggenheim Capital","Consumer, Non-cyclical",1903.29,78.6456,NASDAQ GS
7/15/21,BRDG US,Bridge Investment Group Holdings Inc,322.661,16,-2.1875,1.88E+07,"Morgan Stanley, JP Morgan, Citi, UBS, Wells Fargo",Financial,370.706,12.6649, 
7/15/21,BLFY US,Blue Foundry Bancorp,277.725,10,29,2.78E+07,Stifel,Financial,285.223,80.2905, 
7/15/21,TWCBU US,Bilander Acquisition Corp,168.516,10,-0.600000024,1.50E+07,"Morgan Stanley, Deutsche Bank, Evercore",Diversified,168.516,, 
7/15/21,IMGO US,Imago Biosciences Inc,154.56,16,1.8125,8.40E+06,"Jefferies, TD Securities, Stifel, Guggenheim Capital","Consumer, Non-cyclical",534.011,34.3787, 
7/15/21,TCRX US,TScan Therapeutics Inc,100.001,15,-30,6.67E+06,"Morgan Stanley, Jefferies, TD Securities, Barclays","Consumer, Non-cyclical",275.38,73.1759,NASDAQ GM
7/15/21,CULL US,Cullman Bancorp Inc/MD,42.844,10,14,4.28E+06,,Financial,74.06,0.0366064,OTC US
7/14/21,PECO US,Phillips Edison & Co Inc,547.4,28,-0.607142866,1.70E+07,"Wells Fargo, Mizuho Financial, KeyBanc Capital Markets, Goldman Sachs, BMO Capital Markets, Morgan Stanley, JP Morgan, BofA Securities",Financial,560.479,73.8686,NASDAQ GS
7/14/21,FXLV US,F45 Training Holdings Inc,325,16,1.25,2.03E+07,"JP Morgan, Goldman Sachs","Consumer, Cyclical",1443.95,0.000180482,OTC US
7/14/21,SGHT US,Sight Sciences Inc,276,24,39.58333206,1.00E+07,"BofA Securities, Morgan Stanley, Citi, Piper Sandler & Co",Industrial,1086.39,52.8825,NASDAQ GS
7/14/21,RPID US,Rapid Micro Biosystems Inc,180.132,20,7,7.92E+06,"JP Morgan, Morgan Stanley, TD Securities, Stifel","Consumer, Non-cyclical",685.504,64.2387,NASDAQ CM
7/14/21,CLAQU US,Nauticus Robotics Inc,172.5,10,0.600000024,1.50E+07,Chardan Capital Markets LLC,"Consumer, Non-cyclical",0,23.7869, 
7/14/21,JATT/U US,Zura Bio Ltd,138,10,-0.5,1.20E+07,Raymond James & Associates,"Consumer, Non-cyclical",138,, 
7/14/21,SERA US,Sera Prognostics Inc,75,16,-25.625,4.69E+06,"Citi, TD Securities, William Blair & Co LLC","Consumer, Non-cyclical",488.142,67.1798,NASDAQ GM
7/14/21,UPTDU US,Estrella Immunopharma Inc,44.3,10,-0.400000006,4.00E+06,"EF Hutton, US Tiger Securities Inc, RF Lafferty & Co","Consumer, Non-cyclical",44.3,15.4703, 
7/14/21,BCOW US,1895 Bancorp of Wisconsin Inc,35.42,10,19.42566299,3.54E+06,Stifel,Financial,0,4.04883,OTC US
7/14/21,TCBS US,Texas Community Bancshares Inc,32.078,10,-100,3.21E+06,Performance Trust Capital Partners LLC,Financial,32.578,30.1135,NASDAQ CM
7/13/21,ARYE US,ARYA Sciences Acquisition Corp V,149.5,10,0.5,1.30E+07,"Goldman Sachs, Jefferies",Diversified,186.6,18.877, 
7/13/21,UNCY US,Unicycive Therapeutics Inc,25,5,17,5.00E+06,Roth Capital Partners Inc,"Consumer, Non-cyclical",72.4845,52.6003,NASDAQ CM
7/12/21,GWIIU US,Good Works II Acquisition Corp,230,10,-0.899999976,2.00E+07,I-Bankers Securities Inc,Diversified,233.5,, 
7/9/21,NECB US,Northeast Community Bancorp Inc,97.841,10,6.099999905,9.78E+06,Piper Sandler & Co,Financial,0,61.5235,NASDAQ CM
7/9/21,1905621D CN,Biomind Research Corp,4.96156,1.4,,4.42E+06,Canaccord Genuity,"Consumer, Non-cyclical",0,,NEO-N Neo
7/8/21,ACRO/U US,Acropolis Infrastructure Acquisition Corp,345,10,0,3.00E+07,"UBS, Apollo Global Management LLC, Barclays, Citi, Evercore",Diversified,345,, 
7/8/21,RNAZ US,TransCode Therapeutics Inc,28.75,4,32.25,6.25E+06,ThinkEquity LLC,"Consumer, Non-cyclical",51.6184,19.0623,NASDAQ CM
7/8/21,MITQ US,Moving Image Technologies Inc,14.49,3,700,4.20E+06,Boustead Securities LLC,Technology,31.4901,6.09439,NYSEAmerican
7/7/21,OKLO US,Oklo Inc,500,10,-0.200000003,4.50E+07,"Citi, Goldman Sachs, JP Morgan, BofA Securities",Utilities,562.5,50.706,New York
7/7/21,RICOU US,Agrico Acquisition Corp,143.75,10,0,1.25E+07,Maxim Group LLC,Diversified,143.75,, 
7/2/21,LLAI LN,Lunglife AI Inc,23.4668,176,16.47727203,9.66E+06,,"Consumer, Non-cyclical",61.9057,76.8065, 
7/1/21,FICVU US,Frontier Investment Corp,200,10,-0.100000002,2.00E+07,JP Morgan,Diversified,200,12.9304, 
6/30/21,S US,SentinelOne Inc,1408.75,35,21.4285717,3.50E+07,"Barclays, BofA Securities, Deutsche Bank, Goldman Sachs, Jefferies, UBS, Wells Fargo, Morgan Stanley",Technology,1458.75,84.2059,New York
6/30/21,DNUT US,Krispy Kreme Inc,559.501,17,23.52941132,2.94E+07,"BNP Paribas, Wells Fargo, Truist Securities Inc, Evercore, Deutsche Bank, Goldman Sachs, Citi, BofA Securities, JP Morgan, Morgan Stanley, HSBC","Consumer, Cyclical",2840.63,102.556,NASDAQ GS
6/30/21,EVCM US,EverCommerce Inc,324.999,17,3.529411793,1.91E+07,"Stifel, Raymond James & Associates, Piper Sandler & Co, Oppenheimer & Co, Evercore, Kohlberg Kravis Roberts & Co, Jefferies, Deutsche Bank, Barclays, RBC Capital Markets, Goldman Sachs, JP Morgan",Technology,3272.23,94.9587,NASDAQ GS
6/30/21,DRAYU US,Macondray Capital Acquisition Corp I,287.5,10,0,2.50E+07,B Riley Financial Inc,Diversified,287.5,12.2717, 
6/30/21,CORS/U US,Corsair Partnering Corp,280.9,10,-0.600000024,2.50E+07,"BofA Securities, Evercore",Diversified,280.9,5.91928, 
6/30/21,CURV US,Torrid Holdings Inc,265.65,21,15,1.10E+07,"Morgan Stanley, BofA Securities, Goldman Sachs, Jefferies, TD Securities, Robert W Baird & Co, William Blair & Co LLC","Consumer, Cyclical",265.65,83.0915,New York
6/30/21,PROK US,ProKidney Corp,250,10,1.100000024,2.20E+07,Morgan Stanley,"Consumer, Non-cyclical",286,58.5935,NASDAQ CM
6/30/21,AKLI US,Akili Inc,250,10,1.100000024,2.20E+07,Morgan Stanley,"Consumer, Non-cyclical",0,11.9922, 
6/30/21,DNAB US,Social Capital Suvretta Holdings Corp II,250,10,1.200000048,2.20E+07,Morgan Stanley,Diversified,281.4,42.2149, 
6/30/21,DNAD US,Social Capital Suvretta Holdings Corp IV,250,10,1,2.20E+07,Morgan Stanley,Diversified,286,45.9534, 
6/30/21,ABOS US,Acumen Pharmaceuticals Inc,183.998,16,25.625,1.00E+07,"BofA Securities, UBS, Stifel","Consumer, Non-cyclical",618.429,60.1657,NASDAQ GS
6/30/21,GGGVU US,G3 VRM Acquisition Corp,106.26,10,0.100000002,1.00E+07,Maxim Group LLC,Diversified,111.735,, 
6/30/21,GGRP US,Glimpse Group Inc/The,14.0875,7,152.2857208,1.75E+06,EF Hutton,Technology,68.7008,21.4448,NASDAQ CM
6/30/21,NIXX US,Nixxy Inc,12,5,-10,2.40E+06,Joseph Gunnar & Co,Communications,0,7.56387,NASDAQ CM
6/29/21,LZ US,Legalzoom.com Inc,615.698,28,35.17856979,1.91E+07,"Jefferies, UBS, Citi, BofA Securities, Barclays, JP Morgan, Morgan Stanley","Consumer, Non-cyclical",5515.41,107.061,NASDAQ GS
6/29/21,YOU US,Clear Secure Inc,470.58,31,29.03225899,1.32E+07,"Goldman Sachs, JP Morgan, Allen & Co, LionTree Advisors LLC, Wells Fargo, Stifel",Technology,2309.35,104.846,New York
6/29/21,XMTR US,Xometry Inc,347.877,44,98.61363983,6.88E+06,"Goldman Sachs, JP Morgan, UBS, Citi, BofA Securities, RBC Capital Markets, William Blair & Co LLC",Industrial,1814.06,107.122,NASDAQ GS
6/29/21,INTA US,Intapp Inc,313.95,26,7.692307472,1.05E+07,"JP Morgan, BofA Securities, UBS, Piper Sandler & Co, Raymond James & Associates",Technology,1569.16,89.098,NASDAQ GS
6/29/21,IAS US,Integral Ad Science Holding Co,270,18,14.33333302,1.50E+07,"Stifel, Raymond James & Associates, Oppenheimer & Co, BMO Capital Markets, Wells Fargo, Evercore, Barclays, Jefferies, Morgan Stanley",Technology,2681.23,4.32151, 
6/29/21,THCPU US,Thunder Bridge Capital Partners IV Inc,236.528,10,-0.699999988,2.25E+07,Morgan Stanley,Diversified,242.778,6.20142, 
6/29/21,SHQAU US,Shelter Acquisition Corp I,221.647,10,-0.100000002,2.00E+07,"Citi, Wells Fargo",Diversified,221.647,, 
6/29/21,CVRX US,CVRx Inc,144.9,18,55.55555725,7.00E+06,"JP Morgan, Piper Sandler & Co, William Blair & Co LLC","Consumer, Non-cyclical",366.208,55.1539,NASDAQ GS
6/29/21,JBIO US,Aerovate Therapeutics Inc,139.782,14,63.07143021,8.68E+06,"Jefferies, TD Securities, Evercore","Consumer, Non-cyclical",341.746,103.181,NASDAQ CM
6/29/21,MCAFU US,CH Autotech USA Inc,57.5,10,-0.699999988,5.00E+06,Network 1 Financial,Diversified,57.5,11.9617, 
6/29/21,SRXH US,SRX Health Solutions Inc,40,5,-17.79999924,8.00E+06,DA Davidson & Co,"Consumer, Non-cyclical",147.925,0.277373,NYSEAmerican
6/28/21,WDI US,Western Asset Diversified Income Fund,1000,20,0.649999976,5.00E+07,"Morgan Stanley, BofA Securities, Wells Fargo",Financial,0,25.8511,New York
6/28/21,EOCW/U US,Elliott Opportunity II Corp,609.5,10,0.200000003,5.30E+07,"UBS, Citi, BTIG LLC, Guggenheim Capital, Macquarie",Diversified,609.5,, 
6/25/21,ACXP US,Acurx Pharmaceuticals Inc,17.25,6,31.5,2.50E+06,Alexander Capital LP,"Consumer, Non-cyclical",59.4972,9.03868,NASDAQ CM
6/24/21,MCW US,Mister Car Wash Inc,646.875,15,35.33333206,3.75E+07,"UBS, BMO Capital Markets, Jefferies, Goldman Sachs, BofA Securities, Morgan Stanley","Consumer, Non-cyclical",4525.48,102.4,NASDAQ GS
6/24/21,LENZ US,LENZ Therapeutics Inc,273.7,17,8.823529243,1.40E+07,"BofA Securities, Morgan Stanley, TD Securities, SVB Financial Group","Consumer, Non-cyclical",987.343,112.63,NASDAQ GS
6/24/21,TKNO US,Alpha Teknova Inc,110.4,16,56.25,6.00E+06,"TD Securities, William Blair & Co LLC","Consumer, Non-cyclical",448.19,13.6824,NASDAQ GM
6/24/21,ELEV US,Elevation Oncology Inc,100,16,-28.5,6.25E+06,"JP Morgan, TD Securities, SVB Financial Group","Consumer, Non-cyclical",365.155,26.2701, 
6/24/21,MIRO US,Miromatrix Medical Inc,49.68,9,69.33333588,4.80E+06,Craig-Hallum Capital Group Ltd,"Consumer, Non-cyclical",170.477,, 
6/23/21,NEUE US,NeueHealth Inc,1002.14,18,-7.555555344,5.14E+07,"Barclays, BofA Securities, Citi, Goldman Sachs, Morgan Stanley, Piper Sandler & Co, JP Morgan","Consumer, Non-cyclical",11154.5,0.788111, 
6/23/21,CFLT US,Confluent Inc,828,36,25.05555534,2.30E+07,"Wells Fargo, UBS, Deutsche Bank, Barclays, Citi, BofA Securities, Goldman Sachs, JP Morgan, Morgan Stanley",Technology,828,90.2549, 
6/23/21,DOCS US,Doximity Inc,696.67,26,103.8461533,2.33E+07,"Morgan Stanley, JP Morgan, Goldman Sachs, Piper Sandler & Co, William Blair & Co LLC",Technology,696.67,96.5046,New York
6/23/21,GLUE US,Monte Rosa Therapeutics Inc,255.645,19,11.47368431,1.17E+07,"JP Morgan, TD Securities, Piper Sandler & Co, Guggenheim Capital","Consumer, Non-cyclical",878.659,92.5931,NASDAQ GS
6/23/21,FTVIU US,FinTech Acquisition Corp VI,250,10,1,2.20E+07,Cantor Fitzgerald,Diversified,256.9,12.1271, 
6/23/21,NLITU US,SHF Holdings Inc,115,10,0.800000012,1.00E+07,EF Hutton,Financial,119.757,10.808, 
6/23/21,UPXI US,Upexi Inc,11,5,12,2.20E+06,Benchmark Investments,Communications,71.042,46.8962,NASDAQ CM
6/22/21,FA US,First Advantage Corp,439.875,15,31.33333397,2.55E+07,"HSBC, Stifel, RBC Capital Markets, Jefferies, Evercore, Citi, Barclays, JP Morgan, BofA Securities","Consumer, Non-cyclical",2260.97,116.377,NASDAQ GS
6/22/21,CXM US,Sprinklr Inc,292.6,16,10,1.66E+07,"Wells Fargo, Barclays, Citi, JP Morgan, Morgan Stanley",Communications,292.6,100.496,New York
6/22/21,MITAU US,Coliseum Acquisition Corp,150,10,-1,1.50E+07,Stifel,Diversified,150,30.8469, 
6/22/21,GPCOU US,MicroCloud Hologram Inc,57.5,10,0.100000002,5.00E+06,Ladenburg Thalmann & Co,Technology,59.98,6.03451, 
6/17/21,JUGGU US,Jaws Juggernaut Acquisition Corp,276,10,0.5,2.40E+07,UBS,Diversified,276,6.52174, 
6/17/21,IPSC US,Century Therapeutics Inc,242.65,20,14.14999962,1.06E+07,"BofA Securities, JP Morgan, SVB Financial Group, Piper Sandler & Co","Consumer, Non-cyclical",1128.14,59.7021,NASDAQ CM
6/17/21,CYTT US,Cyteir Therapeutics Inc,149.141,18,-3.333333254,7.40E+06,"Morgan Stanley, JP Morgan, BofA Securities","Consumer, Non-cyclical",640.379,57.7628, 
6/17/21,9991006D US,Ambrx Biopharma Cayman Inc,142.07,18,-5.277777672,7.00E+06,"BofA Securities, Goldman Sachs, TD Securities","Consumer, Non-cyclical",142.07,, 
6/17/21,TBIO US,Telesis Bio Inc,122.667,16,15.625,6.67E+06,"Jefferies, TD Securities, KeyBanc Capital Markets","Consumer, Non-cyclical",467.662,29.8465,OTC US
6/17/21,FEMY US,Femasys Inc,34.45,13,-7.692307472,2.65E+06,"Chardan Capital Markets LLC, JonesTrading Institutional Services LLC","Consumer, Non-cyclical",152.901,12.907,NASDAQ CM
6/16/21,LYEL US,Lyell Immunopharma Inc,488.75,17,-0.647058845,2.50E+07,"BofA Securities, JP Morgan, Morgan Stanley, Goldman Sachs","Consumer, Non-cyclical",4191.86,55.2529,NASDAQ GS
6/16/21,VERV US,Verve Therapeutics Inc,306.683,19,68,1.40E+07,"JP Morgan, Jefferies, Guggenheim Capital, William Blair & Co LLC","Consumer, Non-cyclical",916.1,0.175943, 
6/16/21,TRONU US,Corner Growth Acquisition Corp 2,185,10,0.600000024,1.75E+07,Cantor Fitzgerald,Diversified,185,23.4139, 
6/16/21,AOMR US,Angel Oak Mortgage REIT Inc,136.8,19,-1.842105269,7.20E+06,"BofA Securities, Morgan Stanley, UBS, Wells Fargo, B Riley Financial Inc",Financial,484.557,98.244,New York
6/16/21,ISPC US,iSpecimen Inc,20.7,8,-10.625,2.25E+06,ThinkEquity LLC,Communications,51.988,0.783825,NASDAQ CM
6/16/21,SMD LN,Spectral MD Holdings Ltd,15.9518,59,5.084745884,1.91E+07,,"Consumer, Non-cyclical",113.226,7.52324, 
6/15/21,RONI/U US,Net Power Inc,345,10,1.399999976,3.00E+07,"Barclays, Citi",Industrial,345,, 
6/15/21,ZTAQU US,Zimmer Energy Transition Acquisition Corp,345,10,0.5,3.00E+07,"Barclays, Citi",Diversified,345,10.1449, 
6/15/21,CNVY US,Convey Health Solutions Holdin,186.666,14,-7.142857075,1.33E+07,"Goldman Sachs, BofA Securities, JP Morgan, Barclays, TPG Partners LP, Truist Securities Inc",Technology,1022.19,, 
6/15/21,DILAU US,DILA Capital Acquisition Corp,58.3,10,-0.100000002,5.50E+06,EarlyBirdCapital.com,Diversified,58.3,, 
6/14/21,GSQB/U US,G Squared Ascend II Inc,143.75,10,0,1.25E+07,UBS,Diversified,143.75,, 
6/14/21,ALZN US,Alzamend Neuro Inc,14.375,5,170,2.50E+06,Spartan Capital Securities LLC,"Consumer, Non-cyclical",426.522,7.15452,NASDAQ CM
6/11/21,JANX US,Janux Therapeutics Inc,222.87,17,47.94117737,1.14E+07,"BofA Securities, TD Securities, Evercore","Consumer, Non-cyclical",707.395,133.545,NASDAQ GM
6/11/21,LGIQ CN,Logiq Inc,5.40125,3,-3.333333254,1.98E+06,Mackie Research Capital Corp,Technology,0,, 
6/10/21,TASK US,TaskUS Inc,349.14,23,35.17391205,1.32E+07,"William Blair & Co LLC, Wells Fargo, Robert W Baird & Co, RBC Capital Markets, Morgan Stanley, BofA Securities, Goldman Sachs, JP Morgan",Technology,349.14,83.5515,NASDAQ GS
6/10/21,LITTU US,Logistics Innovation Technologies Corp,340.896,10,0,3.00E+07,Guggenheim Capital,Diversified,340.896,5.86689, 
6/10/21,HCNEU US,Jaws Hurricane Acquisition Corp,316.25,10,0.600000024,2.75E+07,"UBS, JP Morgan",Diversified,316.25,36.6206, 
6/10/21,SBEV US,Splash Beverage Group Inc,15,4,35.75013733,3.75E+06,Benchmark Investments,"Consumer, Non-cyclical",121.95,15.6433,NYSEAmerican
6/9/21,LFST US,LifeStance Health Group Inc,828,18,21.66666603,4.00E+07,"William Blair & Co LLC, UBS, TPG Partners LP, Jefferies, JP Morgan, Morgan Stanley, Goldman Sachs","Consumer, Non-cyclical",6725.68,91.0153,NASDAQ GS
6/9/21,ZETA US,Zeta Global Holdings Corp,215,10,-11.10000038,2.15E+07,"Morgan Stanley, BofA Securities, UBS, Barclays",Technology,1535.14,90.0821,New York
6/9/21,2311907D US,PSQ Holdings Inc,172.5,10,-0.600000024,1.50E+07,B Riley Financial Inc,Communications,172.5,, 
6/9/21,ISAA US,IRON SPARK I INC,166.8,10,-0.699999988,1.50E+07,Morgan Stanley,Diversified,227.875,11.5209, 
6/9/21,DIBS US,1stdibs.com Inc,132.25,20,42.5,5.75E+06,"BofA Securities, Barclays, Allen & Co, Evercore",Communications,749.17,59.6763,NASDAQ GM
6/8/21,MQ US,Marqeta Inc,1411.36,27,13.0370369,4.55E+07,"Goldman Sachs, JP Morgan, Citi, Barclays, William Blair & Co LLC, KeyBanc Capital Markets","Consumer, Non-cyclical",1411.36,84.0704,NASDAQ GS
6/8/21,GACQU US,Global Consumer Acquisition Corp,182.63,10,-0.699999988,1.70E+07,EF Hutton,Diversified,186.945,22.4049, 
6/7/21,LDX AU,Lumos Diagnostics Holdings Ltd,48.9132,1.25,4.800000191,5.04E+07,"Bell Potter Securities Ltd, Wilsons Corporate Finance Ltd","Consumer, Non-cyclical",145.723,15.4159,ASE
5/27/21,CNTA US,Centessa Pharmaceuticals PLC,379.5,20,8.75,1.65E+07,"Goldman Sachs, Morgan Stanley, Jefferies, Evercore","Consumer, Non-cyclical",379.5,99.9711,NASDAQ GS
5/27/21,OTECU US,OceanTech Acquisitions I Corp,103.26,10,-0.200000003,1.00E+07,Maxim Group LLC,Diversified,103.26,, 
5/27/21,ZIVO US,Zivo Bioscience Inc,14.55,5,92,2.76E+06,"Joseph Gunnar & Co, Maxim Group LLC","Consumer, Non-cyclical",0,27.2984,OTC US
5/26/21,NBXG US,Neuberger Next Generation Conn,1500,20,0,7.50E+07,"Morgan Stanley, UBS, Wells Fargo, BofA Securities",Financial,0,40.9661,New York
5/26/21,FIGS US,Figs Inc,667.577,22,36.45454407,2.64E+07,"BofA Securities, UBS, Barclays, Morgan Stanley, Goldman Sachs",Communications,3246.93,94.4337,New York
5/26/21,OMIC US,Singular Genomics Systems Inc,258.06,22,16.90909004,1.02E+07,"JP Morgan, Goldman Sachs, BofA Securities, TD Securities, UBS","Consumer, Non-cyclical",1784.42,12.1501, 
5/26/21,EGGF/U US,flyExclusive Inc,225,10,-0.600000024,2.25E+07,BTIG LLC,"Consumer, Cyclical",225,, 
5/26/21,DAWN US,Day One Biopharmaceuticals Inc,184,16,61.8125,1.00E+07,"JP Morgan, TD Securities, Piper Sandler & Co","Consumer, Non-cyclical",989.398,97.688,NASDAQ GS
5/25/21,PSPC/U US,Post Holdings Partnering Corp,345,10,0.200000003,3.00E+07,"Barclays, Evercore",Diversified,355,8.47383, 
5/25/21,FLYW US,Flywire Corp,288.144,24,46.25,1.04E+07,"William Blair & Co LLC, RBC Capital Markets, Raymond James & Associates, BofA Securities, Citi, JP Morgan, Goldman Sachs","Consumer, Non-cyclical",2432.81,98.0793,NASDAQ GS
5/25/21,PAY US,Paymentus Holdings Inc,241.5,21,36.23809433,1.00E+07,"Wells Fargo, Robert W Baird & Co, Raymond James & Associates, Nomura, Citi, BofA Securities, Goldman Sachs, JP Morgan","Consumer, Non-cyclical",293.983,113.685,New York
5/25/21,SNTI US,Senti Biosciences Inc,230,10,-0.200000003,2.00E+07,JP Morgan,"Consumer, Non-cyclical",236.555,50.3037,NASDAQ CM
5/24/21,BEEP US,Mobile Infrastructure Corp,275,10,0,2.50E+07,"Goldman Sachs, Deutsche Bank, BofA Securities",Financial,346.07,15.464,NASDAQ GM
5/24/21,BELL LN,Belluscura PLC,15.132,45,17.77777863,2.41E+07,,"Consumer, Non-cyclical",72.1417,17.3694, 
5/20/21,GFOR/U US,NKGen Biotech Inc,171.615,10,-0.699999988,1.50E+07,"Oppenheimer & Co, JP Morgan","Consumer, Non-cyclical",171.615,, 
5/19/21,PCOR US,Procore Technologies Inc,697.47,67,31.3432827,9.47E+06,"Goldman Sachs, JP Morgan, Barclays, Jefferies",Technology,8648.02,100.382,New York
5/18/21,CPARU US,Catalyst Partners Acquisition Corp,343.604,10,-0.699999988,3.00E+07,Goldman Sachs,Diversified,343.604,, 
5/18/21,SKYAU US,Skydeck Acquisition Corp,221.66,10,-1.200000048,2.00E+07,"JP Morgan, Morgan Stanley",Diversified,221.66,, 
5/18/21,2587998D US,GigInternational1 Inc,209,10,-0.600000024,2.00E+07,"Oppenheimer & Co, William Blair & Co LLC",Diversified,218.5,, 
5/17/21,POND/U US,Angel Pond Holdings Corp,265.515,10,-1.5,2.50E+07,"Goldman Sachs, JP Morgan",Diversified,265.515,, 
5/17/21,MCAEU US,Mountain Crest Acquisition Corp III,54.172,10,0,5.00E+06,Chardan Capital Markets LLC,Diversified,56.022,75.5744, 
5/13/21,OSI/U US,Osiris Acquisition Corp,230,10,-1.200000048,2.30E+07,Jefferies,Diversified,230,, 
5/13/21,VERA US,Vera Therapeutics Inc,47.85,11,4.545454502,4.35E+06,"Jefferies, TD Securities, Evercore","Consumer, Non-cyclical",225.272,118.564,NASDAQ GM
5/13/21,DBGI US,Digital Brands Group Inc,11.4997,4.15,-18.07229042,2.41E+06,EF Hutton,"Consumer, Cyclical",45.0445,4.94651,NASDAQ CM
5/12/21,ORIAU US,Orion Biotech Opportunities Corp,200,10,0.5,2.00E+07,Cantor Fitzgerald,Diversified,200,5, 
5/12/21,IPW US,iPower Inc,19.32,5,14.80000019,3.36E+06,"DA Davidson & Co, Roth Capital Partners Inc, Tiger Brokers NZ Ltd",Communications,127.343,12.1708,NASDAQ CM
5/10/21,KED AU,KEYPATH EDUCATION INTERNATIONAL INC,166.781,3.71,-4.312669277,5.72E+07,Macquarie,Communications,607.422,19.0416, 
5/7/21,BRIVU US,B Riley Principal 250 Merger Corp,172.5,10,0,1.50E+07,B Riley Financial Inc,Diversified,178.05,3.36134, 
5/6/21,TRML US,Tourmaline Bio Inc,150.025,17,-4.411764622,8.83E+06,"Evercore, Guggenheim Capital, SVB Financial Group, Morgan Stanley","Consumer, Non-cyclical",681.477,5.61917, 
5/6/21,GOGRIDSD SS,Smart Wires Technology Ltd,149.49,41.5,-27.55421638,3.04E+07,Pareto Securities,Energy,488.458,, 
5/6/21,SPKCu/U CN,Silver Spike III Acquisition Corp,125,10,-0.5,1.25E+07,"Cantor Fitzgerald, Canaccord Genuity",Diversified,0,, 
5/6/21,DKDCU US,OneMedNet Corp,115,10,0.699999988,1.00E+07,EF Hutton,Technology,120.253,65.0899, 
5/6/21,BWMN US,Bowman Consulting Group Ltd,53.2826,14,0,3.69E+06,"DA Davidson & Co, B Riley Financial Inc",Industrial,134.127,68.6549,NASDAQ GM
5/6/21,ANEB US,Anebulo Pharmaceuticals Inc,21,7,1.428571463,3.00E+06,Benchmark Co LLC/The,"Consumer, Non-cyclical",162.864,56.0097,OTC US
5/4/21,HNST US,Honest Co Inc/The,474.85,16,43.75,2.58E+07,"Guggenheim Capital, William Blair & Co LLC, Citi, BofA Securities, Jefferies, JP Morgan, Morgan Stanley","Consumer, Non-cyclical",1443.04,50.2804,NASDAQ GS
5/4/21,MAQCU US,Maquia Capital Acquisition Corp,173.097,10,0.200000003,1.60E+07,EF Hutton,Diversified,219.607,29.1011,OTC US
5/4/21,FSBC US,Five Star Bancorp,121.096,20,21.25,5.27E+06,Stifel,Financial,341.102,63.934,NASDAQ GS
5/4/21,WBSR US,Webstar Technology Group Inc,0.6,1,100,600000,,Technology,114.9,,OTC US
5/3/21,VLATU US,Valor Latitude Acquisition Corp,230,10,0.300000012,2.00E+07,"BofA Securities, Barclays",Diversified,230,8.04174, 
5/3/21,ALFIQ US,Alfi Inc,17.8076,4.15,-30.1204834,3.73E+06,EF Hutton,Technology,51.2741,,OTC US
4/29/21,NPCT US,Nuveen Core Plus Impact Fund,661.25,20,0,2.88E+07,,Financial,0,37.4069,New York
4/29/21,HOWL US,Werewolf Therapeutics Inc,120,16,0.625,7.50E+06,"Jefferies, SVB Financial Group, Evercore","Consumer, Non-cyclical",420.63,49.7301,NASDAQ GS
4/29/21,RCAT US,Red Cat Holdings Inc,16,4,27,4.00E+06,ThinkEquity LLC,Industrial,116.048,40.831,NASDAQ CM
4/28/21,EDR US,Endeavor Group Holdings Inc,587.88,24,5,2.13E+07,"HSBC, Moelis & Co, Piper Sandler & Co, Jefferies, Evercore, UBS, Citi, RBC Capital Markets, Barclays, Deutsche Bank, JP Morgan, Goldman Sachs, Morgan Stanley",Communications,6166.68,82.5104, 
4/28/21,PRVA US,Privia Health Group Inc,515.775,23,51.08695602,1.95E+07,"JP Morgan, Goldman Sachs, UBS, Piper Sandler & Co, William Blair & Co LLC, Canaccord Genuity, Truist Securities Inc","Consumer, Non-cyclical",2364.07,105.382,NASDAQ GS
4/28/21,AVAH US,Aveanna Healthcare Holdings Inc,506.832,12,-3.916666746,3.82E+07,"Truist Securities Inc, RBC Capital Markets, Jefferies, Deutsche Bank, BofA Securities, UBS, BMO Capital Markets, Barclays, JP Morgan","Consumer, Non-cyclical",2209.97,92.3699,NASDAQ GS
4/28/21,BSKYU US,Big Sky Growth Partners Inc,300,10,-0.400000006,3.00E+07,Goldman Sachs,Diversified,375,29.3037, 
4/28/21,AAWH/U CN,Ascend Wellness Holdings Inc,63.56,8,50.01846313,1.00E+07,,"Consumer, Non-cyclical",1092.62,37.4146,Canadian Sec
4/28/21,TUGCU US,SAIHEAT Ltd,44.89,10,-1.399999976,4.00E+06,"US Tiger Securities Inc, RF Lafferty & Co, Ingalls & Snyder LLC",Industrial,44.89,, 
4/27/21,FTCI US,FTC Solar Inc,257.92,13,9.692307472,1.98E+07,"Barclays, BofA Securities, UBS",Energy,1105.78,28.772,NASDAQ CM
4/26/21,PTIX US,Protagenic Therapeutics Inc,13.197,4.15,-10.60241127,1.70E+06,EF Hutton,"Consumer, Non-cyclical",57.1895,6.44017,OTC US
4/22/21,SWIM US,Latham Group Inc,437,19,43.42105103,2.00E+07,"Barclays, BofA Securities, Morgan Stanley, Goldman Sachs, Nomura, William Blair & Co LLC, KeyBanc Capital Markets, Robert W Baird & Co, Truist Securities Inc",Industrial,2287.78,100.12,NASDAQ GS
4/22/21,AGTI US,Agiliti Inc,423.685,14,17.1428566,2.63E+07,"UBS, Jefferies, Citi, BMO Capital Markets, Morgan Stanley, BofA Securities, Goldman Sachs","Consumer, Non-cyclical",1809.44,, 
4/22/21,TMCI US,Treace Medical Concepts Inc,219.938,17,50.17647171,1.13E+07,"JP Morgan, Morgan Stanley","Consumer, Non-cyclical",869.82,83.0052,NASDAQ GS
4/22/21,2538060D US,Rain Oncology Inc,133.365,17,-7.058823586,7.35E+06,"Goldman Sachs, Citi, Piper Sandler & Co, Guggenheim Capital","Consumer, Non-cyclical",449.842,15.5756, 
4/22/21,IMPLQ US,Ipi Legacy Liquidation Co,79.9995,15,0,5.33E+06,"TD Securities, Guggenheim Capital","Consumer, Non-cyclical",291.222,37.6452, 
4/21/21,2587124D US,Zymergen Inc,575.034,31,21.45161247,1.61E+07,"Goldman Sachs, JP Morgan, TD Securities, BofA Securities, UBS",Basic Materials,3036.17,, 
4/21/21,KNBE US,KnowBe4 Inc,174.8,16,50.875,9.50E+06,"UBS, Citi, Kohlberg Kravis Roberts & Co, BofA Securities, Goldman Sachs, Morgan Stanley",Technology,174.8,6.31582, 
4/21/21,NPCE US,NeuroPace Inc,117.3,17,46.82352829,6.00E+06,"Morgan Stanley, JP Morgan, Wells Fargo, SVB Financial Group","Consumer, Non-cyclical",0,94.812,NASDAQ GM
4/20/21,PATH US,UiPath Inc,1538.57,56,23.2142849,2.39E+07,"TD Securities, Evercore, Macquarie, Nomura, RBC Capital Markets, Truist Securities Inc, KeyBanc Capital Markets, Sumitomo Mitsui Financial, Mizuho Financial, BMO Capital Markets, Wells Fargo, Barclays, BofA Securities, JP Morgan, UBS, Morgan Stanley",Technology,24656,75.7179,New York
4/20/21,DV US,DoubleVerify Holdings Inc,413.999,27,33.33333206,1.33E+07,"Truist Securities Inc, RBC Capital Markets, Barclays, Goldman Sachs, JP Morgan",Technology,4230.36,108.282,New York
4/20/21,SKYT US,SkyWater Technology Inc,112.056,14,26.7142849,6.96E+06,"Jefferies, TD Securities, Piper Sandler & Co",Technology,546.836,56.0294,NASDAQ CM
4/19/21,TRKAQ US,Troika Media Group Inc,23.9999,4.15,-24.81927872,5.78E+06,EF Hutton,Communications,161.118,, 
4/15/21,APP US,AppLovin Corp,2000,80,-18.5,2.50E+07,"UBS, Kohlberg Kravis Roberts & Co, Citi, BofA Securities, JP Morgan, Morgan Stanley",Communications,16802.7,86.218,NASDAQ GS
4/15/21,TSPH US,CreateAI Holdings Inc,1351.35,40,0,3.38E+07,"BofA Securities, Citi, TD Securities, UBS, JP Morgan, Nomura, RBC Capital Markets, Morgan Stanley","Consumer, Cyclical",7530.52,6.79018,OTC US
4/15/21,AGL US,agilon health Inc,1232.57,23,34.78260803,4.66E+07,"JP Morgan, BofA Securities, Goldman Sachs, Deutsche Bank, Wells Fargo, Nomura, William Blair & Co LLC, Truist Securities Inc","Consumer, Non-cyclical",8993.28,108.251,New York
4/15/21,RXRX US,Recursion Pharmaceuticals Inc,501.818,18,73.8888855,2.42E+07,"JP Morgan, Goldman Sachs, BofA Securities, SVB Financial Group, Allen & Co, KeyBanc Capital Markets","Consumer, Non-cyclical",2701.46,61.5118,NASDAQ GS
4/15/21,BMEA US,Biomea Fusion Inc,153,17,9.411765099,9.00E+06,"JP Morgan, Jefferies, Piper Sandler & Co","Consumer, Non-cyclical",489.054,43.1157,NASDAQ GS
4/15/21,AKYA US,Akoya Biosciences Inc,151.34,20,30.25,6.58E+06,"JP Morgan, Morgan Stanley, Piper Sandler & Co, Canaccord Genuity","Consumer, Non-cyclical",733.526,16.9569, 
4/14/21,KRT US,Karat Packaging Inc,72.672,16,16,3.95E+06,"Stifel, William Blair & Co LLC, Truist Securities Inc",Industrial,315.344,35.104,NASDAQ GS
4/14/21,EBET US,EBET Inc,14.4,6,507,2.40E+06,Boustead Securities LLC,"Consumer, Cyclical",0,6.68E-06,OTC US
4/13/21,YTPG US,TPG Pace Beneficial II Corp,400,10,1.100000024,3.50E+07,"Deutsche Bank, JP Morgan, Goldman Sachs",Diversified,447.89,7.60147, 
4/13/21,TCVA US,TCV Acquisition Corp,400,10,6,3.50E+07,"Citi, Goldman Sachs, Morgan Stanley",Diversified,400,19.9218, 
4/13/21,ALKT US,Alkami Technology Inc,207,30,43.33333206,6.00E+06,"Goldman Sachs, JP Morgan, Barclays, William Blair & Co LLC, Citi",Technology,2521.06,116.132,NASDAQ GS
4/8/21,TPGS US,TPG Pace Solutions Corp,285,10,1.100000024,2.50E+07,"Deutsche Bank, JP Morgan, Goldman Sachs",Diversified,285,, 
4/8/21,GLSPU US,Global SPAC Partners Co,167.5,10,-0.600000024,1.60E+07,I-Bankers Securities Inc,Technology,215.45,4.50084, 
4/8/21,ADF/U US,Hagerty Inc,115,10,-0.100000002,1.00E+07,ThinkEquity LLC,Financial,137,, 
4/8/21,OKUR US,OnKure Therapeutics Inc,93.75,15,-7.400000095,6.25E+06,"Jefferies, SVB Financial Group, Piper Sandler & Co","Consumer, Non-cyclical",363.161,50.6988,NASDAQ GM
4/6/21,CMLTU US,EQRx Inc,552,10,11.89999962,4.80E+07,"Jefferies, TD Securities","Consumer, Non-cyclical",552,, 
4/6/21,PANA US,Panacea Acquisition Corp II,172.5,10,0,1.50E+07,TD Securities,Diversified,172.5,33.5187, 
4/5/21,ACBAU US,Ace Global Business Acquisition Ltd,46,10,0.699999988,4.00E+06,"Ladenburg Thalmann & Co, Arcadia Securities LLC",Diversified,52.8,, 
3/31/21,ULCC US,Frontier Group Holdings Inc,655.5,19,-0.789473712,3.00E+07,"Barclays, Morgan Stanley, Citi, Deutsche Bank, BofA Securities, Evercore, JP Morgan, Nomura, UBS","Consumer, Cyclical",4086.48,70.1505,NASDAQ GS
3/31/21,COMP US,Compass Inc,473.335,18,11.94444466,2.50E+07,"UBS, Deutsche Bank, Barclays, Morgan Stanley, Goldman Sachs",Financial,6593.5,68.6429,New York
3/31/21,MBTCU US,Nocturne Acquisition Corp,115,10,0,1.00E+07,Chardan Capital Markets LLC,Diversified,119.5,38.2151, 
3/30/21,COUR US,Coursera Inc,596.953,33,36.36363602,1.57E+07,"Citi, Goldman Sachs, UBS, Morgan Stanley","Consumer, Non-cyclical",4376.79,99.6247,New York
3/29/21,TWOA US,two/CA,214.375,10,-1.5,2.00E+07,Citi,Diversified,270.375,, 
3/26/21,BTX US,BlackRock Technology and Priva,4400,20,0,2.20E+08,"BofA Securities, Raymond James & Associates, UBS, Wells Fargo, Morgan Stanley",Financial,0,23.7101,New York
3/25/21,ALHC US,Alignment Healthcare Inc,549.256,18,-3.833333254,2.72E+07,"Morgan Stanley, Goldman Sachs, BofA Securities, JP Morgan, William Blair & Co LLC, Piper Sandler & Co, UBS, Raymond James & Associates","Consumer, Non-cyclical",3430.59,104.671,NASDAQ GS
3/25/21,DSGN US,Design Therapeutics Inc,276,20,107.4499969,1.20E+07,"Goldman Sachs, SVB Financial Group, Piper Sandler & Co","Consumer, Non-cyclical",1112.35,75.5887,NASDAQ GS
3/25/21,VZIO US,Vizio Holding Corp,257.25,21,-9.047618866,1.23E+07,"BofA Securities, JP Morgan, Wells Fargo, Guggenheim Capital","Consumer, Cyclical",1786.66,21.4804, 
3/25/21,EWTX US,Edgewise Therapeutics Inc,202.4,16,87.5,1.10E+07,"Goldman Sachs, JP Morgan, SVB Financial Group","Consumer, Non-cyclical",771.472,120.318,NASDAQ GS
3/25/21,TDUP US,ThredUp Inc,193.2,14,42.8571434,1.20E+07,"Goldman Sachs, Morgan Stanley, Barclays, William Blair & Co LLC, Wells Fargo","Consumer, Cyclical",193.2,98.8851,NASDAQ GS
3/25/21,IMA US,ImageneBio Inc,143.75,16,100,7.81E+06,"Jefferies, TD Securities, UBS, William Blair & Co LLC","Consumer, Non-cyclical",500.688,48.334,NASDAQ CM
3/25/21,WMPN US,William Penn Bancorp,126.4,10,14.10000038,1.26E+07,,Financial,151.708,17.1556, 
3/25/21,1875530D US,EpicQuest Education Group Inte,6.9,8,,750000,Viewtrade Securities Inc,"Consumer, Non-cyclical",0,, 
3/24/21,DSEY US,Diversey Holdings Ltd,767.307,15,-0.13333334,4.62E+07,,Basic Materials,4632.26,, 
3/24/21,MSDAU US,MSD Acquisition Corp,575,10,-0.5,5.00E+07,"Morgan Stanley, Goldman Sachs",Diversified,575,5.21739, 
3/24/21,KVSC US,Khosla Ventures Acquisition Co III,500,10,-2.5,5.00E+07,,Diversified,563,5.83438, 
3/24/21,LCAHU US,Landcadia Holdings IV Inc,500,10,-1.5,5.00E+07,Jefferies,Diversified,500,, 
3/24/21,CRCT US,Cricut Inc,306.298,20,-11,1.53E+07,"Goldman Sachs, Morgan Stanley, Citi, Barclays",Technology,306.298,65.1454,NASDAQ GS
3/24/21,NGC/U US,Northern Genesis Acquisition Corp III,172.45,10,-1.299999952,1.50E+07,"TD Securities, Wells Fargo, Morgan Stanley",Diversified,172.45,, 
3/24/21,SEMR US,SEMrush Holdings Inc,150.07,14,-19.8571434,1.00E+07,"Goldman Sachs, JP Morgan, Jefferies, KeyBanc Capital Markets",Technology,245.27,58.5874,New York
3/23/21,DOCN US,DigitalOcean Holdings Inc,775.5,47,-9.574467659,1.65E+07,"Morgan Stanley, Goldman Sachs, JP Morgan, Barclays, BofA Securities, KeyBanc Capital Markets",Technology,4949.24,93.6125,New York
3/23/21,ACVA US,ACV Auctions Inc,475.815,25,25,1.66E+07,"Goldman Sachs, JP Morgan, Citi, BofA Securities, Jefferies",Technology,475.812,101.743,New York
3/23/21,NXDR US,Nextdoor Holdings Inc,416.344,10,0,4.00E+07,"Goldman Sachs, Citi",Communications,477.344,67.6042,New York
3/23/21,DCRCU US,Solid Power Inc,350,10,-1.200000048,3.50E+07,"Citi, UBS","Consumer, Cyclical",350,, 
3/23/21,DISAU US,Disruptive Acquisition Corp I,275,10,-1.600000024,2.50E+07,"Citi, UBS",Diversified,275,, 
3/23/21,GLHAU US,Glass Houses Acquisition Corp,220.473,10,-0.600000024,2.00E+07,Jefferies,Diversified,220.473,, 
3/23/21,CRZNU US,Corazon Capital V838 Monoceros Corp,203.799,10,-2,2.00E+07,Citi,Diversified,203.799,, 
3/23/21,MOVE US,Corvex Inc,48.875,5,32,8.50E+06,National Securities Corp,"Consumer, Non-cyclical",160.622,5.95795,NASDAQ CM
3/22/21,GGPIU US,Gores Guggenheim Inc,800,10,0,7.50E+07,"Deutsche Bank, Citi, Morgan Stanley",Diversified,800,, 
3/22/21,DGNU US,Dragoneer Growth Opportunities Corp III,430.676,10,0,4.00E+07,"Goldman Sachs, JP Morgan, Citi",Diversified,530.676,6.96579, 
3/22/21,VGII/U US,Grove Collaborative Holdings,402.5,10,0,3.50E+07,UBS,Communications,402.5,6.48944, 
3/22/21,NGCAU US,Virgin Orbit Holdings Inc,382.595,10,-2.5,3.50E+07,"Goldman Sachs, UBS",Industrial,382.595,, 
3/22/21,LEGAU US,Lead Edge Growth Opportunities Ltd,345,10,-0.699999988,3.00E+07,"UBS, JP Morgan",Diversified,345,, 
3/22/21,ACTDU US,OPAL Fuels Inc,311.163,10,0.100000002,2.75E+07,"Barclays, Citi","Consumer, Cyclical",275,, 
3/22/21,STRE/U US,Supernova Partners Acquisition Co III Ltd,281.034,10,0,2.50E+07,"JP Morgan, Jefferies",Diversified,281.034,, 
3/22/21,NBSTU US,Newbury Street Acquisition Corp,128.439,10,-1.399999976,1.20E+07,EarlyBirdCapital.com,Diversified,132.339,,OTC US
3/18/21,LGV/U US,Longview Acquisition Corp II,690,10,0.100000002,6.00E+07,"TD Securities, UBS",Diversified,600,10.4348, 
3/18/21,TIL US,Instil Bio Inc,368,20,32.20000076,1.60E+07,"Morgan Stanley, Jefferies, TD Securities","Consumer, Non-cyclical",2564.24,58.0148,NASDAQ CM
3/18/21,BYTSU US,Airship AI Holdings Inc,323.693,10,-0.5,3.00E+07,Citi,Technology,333.993,52.944, 
3/18/21,GGMCU US,Glenfarne Merger Corp,250,10,-0.800000012,,Mizuho Financial,Diversified,257,8.8049, 
3/18/21,LDHAU US,LDH Growth Corp I,230,10,1.700000048,2.00E+07,"JP Morgan, Citi",Diversified,230,10.5306, 
3/18/21,AFAQU US,AF Acquisition Corp,224,10,-1.700000048,2.00E+07,TD Securities,Diversified,224,3.34821, 
3/18/21,,Connect Biopharma Holdings Ltd,219.938,17,8.764705658,,"Jefferies, SVB Financial Group, Piper Sandler & Co, China International Capital Corp",,0,,
3/18/21,FNCHQ US,Finch Therapeutics Group Inc,130.779,17,25.41176414,7.50E+06,"BofA Securities, Jefferies, Evercore","Consumer, Non-cyclical",804.751,9.98698,OTC US
3/18/21,AFCG US,Advanced Flower Capital Inc,118.75,19,21.05263138,6.25E+06,"Citizens Financial Group Inc, Seaport Group, Ladenburg Thalmann & Co",Financial,236.159,29.5819,NASDAQ GM
3/18/21,GANX US,Gain Therapeutics Inc,46.0009,11,1.818181872,3.64E+06,"BTIG LLC, Oppenheimer & Co","Consumer, Non-cyclical",130.642,19.8565,NASDAQ GM
3/17/21,KAHCU US,KKR Acquisition Holdings I Corp,1380,10,0,1.20E+08,Citi,Diversified,1380,16.8687, 
3/17/21,REVHU US,Revolution Healthcare Acquisition Corp,550,10,1,5.00E+07,Morgan Stanley,Diversified,550,5.57999, 
3/17/21,AAQC/U US,Accelerate Acquisition Corp,400,10,-1.200000048,4.00E+07,UBS,Diversified,400,, 
3/17/21,TETCU US,Tech and Energy Transition Corp,385,10,-0.300000012,3.85E+07,"Citi, BofA Securities",Diversified,385,, 
3/17/21,VEI US,Vine Energy Inc,346.15,14,-3.571428537,2.15E+07,"RBC Capital Markets, BofA Securities, Barclays, Citi, Morgan Stanley, UBS",Energy,489.931,, 
3/17/21,NAPA US,Duckhorn Portfolio Inc/The,345,15,14.53333378,2.00E+07,"JP Morgan, UBS, Jefferies, Barclays, BofA Securities, Citi, Evercore, RBC Capital Markets","Consumer, Non-cyclical",1770.7,41.9801, 
3/17/21,FMIVU US,Forum Merger IV Corp,336.015,10,-0.400000006,3.00E+07,Jefferies,Diversified,345.315,, 
3/17/21,GXIIU US,ELK Creek Resources Corp,300,10,-0.5,3.00E+07,Cantor Fitzgerald,Diversified,300,79.0483, 
3/17/21,RACB US,Research Alliance Corp II,149.5,10,2.099999905,,Jefferies,Diversified,186.6,30.6498, 
3/17/21,AMAOU US,Royalty Management Holding Cor,105.06,10,-0.200000003,1.00E+07,EF Hutton,Financial,105.06,121.245, 
3/16/21,OLO US,Olo Inc,517.5,25,39,1.80E+07,"JP Morgan, RBC Capital Markets, Goldman Sachs",Technology,517.5,6.36429, 
3/16/21,RCPIU US,Reverence Acquisition Corp,300,10,,,"Cantor Fitzgerald, Citi, Deutsche Bank, Goldman Sachs",Diversified,300,, 
3/16/21,GAMCU US,Bolt Projects Holdings Inc,287.5,10,-0.400000006,2.50E+07,BTIG LLC,Basic Materials,287.5,, 
3/16/21,SNCY US,Sun Country Airlines Holdings Inc,250.908,24,51.58333206,9.09E+06,"Barclays, Morgan Stanley, Deutsche Bank, Goldman Sachs, Nomura","Consumer, Cyclical",1371.68,119.268,NASDAQ GS
3/16/21,ATHN/U US,Heliogen Inc,250,10,-0.699999988,2.50E+07,Citi,Energy,250,, 
3/16/21,BGSX/U US,Build Acquisition Corp,200,10,-0.200000003,2.00E+07,"TD Securities, Allen & Co",Diversified,200,1.00E-05, 
3/16/21,KSICU US,Kadem Sustainable Impact Corp,175,10,-0.5,1.75E+07,BMO Capital Markets,Diversified,175,5.97967, 
3/15/21,RTPYU US,Aurora Innovation Inc,977.5,10,1.100000024,8.50E+07,Morgan Stanley,"Consumer, Cyclical",977.5,, 
3/15/21,FVIV/U US,Fortress Value Acquisition Corp IV,650,10,0,6.00E+07,"Deutsche Bank, BofA Securities, PJT Partners Inc",Diversified,650,, 
3/15/21,WALDU US,Waldencast plc,345,10,0.699999988,3.00E+07,"UBS, JP Morgan","Consumer, Non-cyclical",345,9.68548, 
3/15/21,PLMIU US,Veea Inc,319.216,10,-0.200000003,3.00E+07,Goldman Sachs,Communications,319.216,, 
3/15/21,FZT/U US,FAST Acquisition Corp II,230,10,-0.200000003,2.00E+07,Jefferies,Diversified,200,20.0391, 
3/11/21,CPNG US,Coupang Inc,4550,35,40.7142868,1.30E+08,"Goldman Sachs, JP Morgan, Allen & Co, HSBC, Citi, Deutsche Bank, UBS, Mizuho Financial, CITIC Securities",Communications,53911.9,87.3294,New York
3/11/21,HAYW US,Hayward Holdings Inc,732.593,17,0,4.03E+07,"Robert W Baird & Co, Morgan Stanley, Jefferies, Guggenheim Capital, UBS, Nomura, BofA Securities, Goldman Sachs",Industrial,3937.44,107.649,New York
3/11/21,GTPBU US,Gores Technology Partners II Inc,460,10,1,4.00E+07,"UBS, Morgan Stanley, Deutsche Bank",Diversified,460,, 
3/11/21,ROSS/U US,Ross Acquisition Corp II,345,10,0.5,3.00E+07,"UBS, BofA Securities",Diversified,345,, 
3/11/21,GTPAU US,Gores Technology Partners Inc,275,10,2,2.40E+07,"Citi, Morgan Stanley, Deutsche Bank",Diversified,275,, 
3/11/21,FTPAU US,FTAC Parnassus Acquisition Corp,250,10,2.099999905,2.20E+07,Cantor Fitzgerald,Diversified,226.9,14.2273, 
3/11/21,SCAQU US,Stratim Cloud Acquisition Corp,250,10,0,2.50E+07,"BofA Securities, TD Securities",Diversified,287.5,, 
3/11/21,CFFEU US,XBP Global Holdings Inc,250,10,0.050000001,2.20E+07,Cantor Fitzgerald,"Consumer, Non-cyclical",220,12.0071, 
3/11/21,RXDX US,Prometheus Biosciences Inc,218.5,19,33.10526276,1.00E+07,"UBS, SVB Financial Group, Stifel, Guggenheim Capital","Consumer, Non-cyclical",657.539,, 
3/11/21,JOANQ US,JOANN Inc,150.937,12,2.083333254,1.09E+07,"BofA Securities, UBS, Guggenheim Capital, Barclays, Wells Fargo, Piper Sandler & Co, William Blair & Co LLC","Consumer, Cyclical",504.14,68.7051, 
3/11/21,LBPH US,Longboard Pharmaceuticals Inc,84.7744,16,4.0625,5.00E+06,"Citi, Evercore, Guggenheim Capital, Cantor Fitzgerald","Consumer, Non-cyclical",270.672,21.8657, 
3/10/21,PTOCU US,Pine Technology Acquisition Corp,345,10,-0.300000012,3.00E+07,Cantor Fitzgerald,Diversified,345,4.34783, 
3/10/21,AGGRU US,Agile Growth Corp,310,10,-0.300000012,3.00E+07,"Jefferies, Citi",Diversified,310,12.1226, 
3/10/21,SPKBU US,Silver Spike Acquisition Corp II,287.5,10,0.300000012,2.50E+07,"UBS, Stifel",Diversified,287.5,, 
3/10/21,FRONU US,Frontier Acquisition Corp,230,10,1.299999952,2.00E+07,UBS,Diversified,236,, 
3/10/21,GAPAU US,G&P Acquisition Corp,175,10,-0.800000012,1.75E+07,BMO Capital Markets,Diversified,175,, 
3/10/21,ATSPU US,SoundHound AI Inc,133,10,-0.699999988,1.20E+07,EarlyBirdCapital.com,Technology,136.9,, 
3/9/21,VAQC US,Vector Acquisition Corp II,450,10,0,4.50E+07,"Deutsche Bank, BofA Securities",Diversified,450,20.308, 
3/9/21,FRXB/U US,Forest Road Acquisition Corp II,350,10,0.200000003,3.05E+07,"Morgan Stanley, Cantor Fitzgerald",Diversified,350,, 
3/9/21,DTOCU US,American Oncology Network Inc,333.5,10,0,3.00E+07,Barclays,"Consumer, Non-cyclical",333.5,, 
3/9/21,CLAA/U US,Colonnade Acquisition Corp II,330,10,-0.100000002,3.00E+07,"Deutsche Bank, Barclays",Diversified,330,, 
3/9/21,ESM/U US,ESM Acquisition Corp,300,10,0,3.00E+07,UBS,Diversified,300,5.09649, 
3/9/21,SBII/U US,Sandbridge X2 Corp,238.177,10,0,2.20E+07,"Citi, Deutsche Bank",Diversified,238.177,, 
3/9/21,FRWAU US,PWP Forward Acquisition Corp I,211.634,10,-0.200000003,2.00E+07,Citi,Diversified,211.634,9.45026, 
3/9/21,GWYGU US,Gateway Garage Partners LLC,1,0,,4000,,Financial,0,, 
3/8/21,ACQRU US,Independence Holdings Corp,495.909,10,0,4.35E+07,"Deutsche Bank, Citi",Diversified,495.909,, 
3/8/21,PDOT/U US,Peridot Acquisition Corp II,408.455,10,0,3.60E+07,"UBS, Barclays",Diversified,408.455,4.49724, 
3/8/21,SYM US,Symbotic Inc,320,10,2.5,2.80E+07,"Cantor Fitzgerald, Deutsche Bank, Mizuho Financial, UBS, Citi",Industrial,390,49.9877,NASDAQ GM
3/8/21,SVFB US,SVF Investment Corp 2,230,10,3.299999952,2.00E+07,"Citi, UBS, Cantor Fitzgerald, Deutsche Bank, Mizuho Financial",Diversified,230,20.0303, 
3/5/21,WPCB/U US,Warburg Pincus Capital Corp I-B,548.75,10,0,5.00E+07,"Citi, UBS, Evercore",Diversified,548.75,3.3713, 
3/5/21,IPVF/U US,InterPrivate III Financial Partners Inc,258.75,10,0.100000002,2.25E+07,"EarlyBirdCapital.com, Morgan Stanley",Diversified,258.75,36.2798, 
3/5/21,IPVA/U US,Getaround Inc,258.75,10,0.200000003,2.25E+07,"EarlyBirdCapital.com, Morgan Stanley",Communications,0,8.52328, 
3/4/21,TWNT/U US,Terran Orbital Corp,345,10,0.5,3.00E+07,Jefferies,Communications,345,3.49012, 
3/4/21,DMYQ/U US,Planet Labs PBC,345,10,2.799999952,3.00E+07,Goldman Sachs,Technology,345,7.08399, 
3/4/21,KVSA US,Khosla Ventures Acquisition Co,345,10,2.5,3.00E+07,"Goldman Sachs, Piper Sandler & Co",Diversified,404,, 
3/4/21,PSAGU US,Property Solutions Acquisition Corp II,317,10,-1.100000024,3.00E+07,EarlyBirdCapital.com,Diversified,324.05,5.95035, 
3/4/21,IPVIU US,InterPrivate IV InfraTech Partners Inc,287.5,10,0.100000002,2.50E+07,"Wells Fargo, Morgan Stanley",Diversified,287.5,5.53391, 
3/4/21,WPCA/U US,Warburg Pincus Capital Corp I-A,283.422,10,2.099999905,2.50E+07,"Citi, UBS, Evercore",Diversified,283.422,5.7335, 
3/4/21,VPCBU US,VPC Impact Acquisition Holdings II,255.785,10,0,2.25E+07,"Jefferies, Citi",Diversified,255.785,5.43248, 
3/4/21,VPCC/U US,Dave Inc,253.766,10,0.5,2.25E+07,"Jefferies, Citi",Financial,253.766,6.50205, 
3/4/21,LHAA US,Lerer Hippeau Acquisition Corp,222.662,10,0.200000003,2.00E+07,Barclays,Diversified,222.662,17.8397, 
3/4/21,FRSGU US,First Reserve Sustainable Growth Corp,222.44,10,0.200000003,2.00E+07,"Goldman Sachs, Barclays",Diversified,222.44,3.65041, 
3/4/21,TBLD LN,Tinybuild Inc,217.62,169,28.69822502,9.14E+07,,Technology,474.224,5.97555,London
3/3/21,HERAU US,FTAC Hera Acquisition Corp,851.478,10,-0.200000003,8.00E+07,"JP Morgan, Citi",Diversified,851.478,17.4232, 
3/3/21,MBAC/U US,M3-Brigade Acquisition II Corp,460,10,0,4.00E+07,Cantor Fitzgerald,Diversified,460,34.2987, 
3/3/21,INNV US,Innovage Holding Corp,398.914,21,15.23809528,1.67E+07,"JP Morgan, Barclays, Goldman Sachs, Citi, Piper Sandler & Co, Robert W Baird & Co, William Blair & Co LLC, Capital One Financial","Consumer, Non-cyclical",2796.93,95.3731,NASDAQ GS
3/3/21,ACAHU US,Atlantic Coastal Acquisition Corp,345,10,-0.5,3.00E+07,BTIG LLC,Diversified,345,9.87036, 
3/3/21,RXRAU US,RXR Acquisition Corp,345,10,-1.5,3.00E+07,"BofA Securities, Goldman Sachs",Diversified,345,4.22957, 
3/3/21,AURCU US,Better Home & Finance Holding,243,10,-0.300000012,2.20E+07,Barclays,Financial,235,97.6167, 
3/3/21,TRCA/U US,Twin Ridge Capital Acquisition Corp,213.088,10,-0.5,2.00E+07,"Evercore, Barclays",Diversified,213.088,36.7023, 
3/3/21,ATAQ/U US,Altimar Acquisition Corp III,155.25,10,0,1.35E+07,"JP Morgan, Goldman Sachs",Diversified,155.25,12.4408, 
3/2/21,OSCR US,Oscar Health Inc,1444.6,39,-10.76923084,3.70E+07,"Goldman Sachs, Morgan Stanley, Wells Fargo, Allen & Co, UBS, BofA Securities","Consumer, Non-cyclical",6553.03,67.1712,New York
3/2/21,MACC/U US,Mission Advancement Corp,345,10,0.100000002,3.00E+07,"Cantor Fitzgerald, Moelis & Co",Diversified,345,, 
3/2/21,ARRWU US,iLearningEngines Holdings Inc,287.5,10,0,2.50E+07,Cantor Fitzgerald,Technology,287.5,144.719, 
3/2/21,ISOS/U US,Lucky Strike Entertainment Cor,254.837,10,-0.100000002,2.25E+07,"JP Morgan, LionTree Advisors LLC","Consumer, Cyclical",254.837,6.08232, 
3/2/21,LOKM/U US,Live Oak Mobility Acquisition Corp,253,10,3,2.20E+07,"Jefferies, BofA Securities",Diversified,253,3.38142, 
3/2/21,ROCRU US,QualTek Services Inc,115,10,0.899999976,1.00E+07,"Craig-Hallum Capital Group Ltd, Roth Capital Partners Inc",Industrial,0,3.84199, 
3/1/21,TSPQ/U US,TCW Special Purpose Acquisition Corp,463.933,10,0,4.50E+07,"Citi, Barclays",Diversified,0,10.2385, 
3/1/21,ANZUU US,Envoy Medical Inc,425,10,0,4.20E+07,"BofA Securities, Barclays","Consumer, Non-cyclical",425,61.9538, 
3/1/21,OHPAU US,Orion Acquisition Corp,414,10,0.5,3.60E+07,UBS,Diversified,414,48.339, 
3/1/21,NSTCU US,Northern Star Investment Corp III,400,10,0,3.50E+07,Citi,Diversified,400,13.1816, 
3/1/21,NSTDU US,Northern Star Investment Corp IV,350,10,0,3.50E+07,Citi,Diversified,350,45.8475, 
3/1/21,SNII/U US,Rigetti Computing Inc,345,10,3.5,3.00E+07,"JP Morgan, Jefferies",Technology,0,, 
3/1/21,NDACU US,NightDragon Acquisition Corp,345,10,1.600000024,3.00E+07,Morgan Stanley,Diversified,354,5.46778, 
3/1/21,2291285D US,Biote Corp,317.5,10,0,3.00E+07,"Citi, Cantor Fitzgerald","Consumer, Non-cyclical",317.5,4.64567, 
3/1/21,DHCAU US,Brand Engagement Network Inc,309.451,10,0,3.00E+07,Citi,Technology,309.451,35.0581, 
3/1/21,DHBCU US,DHB Capital Corp,287.5,10,0,2.50E+07,"BofA Securities, RBC Capital Markets",Diversified,287.5,3.93633, 
3/1/21,AMPI/U US,Advanced Merger Partners Inc,287.5,10,0.200000003,2.50E+07,Goldman Sachs,Diversified,287.5,10.9222, 
3/1/21,FTEV/U US,Fintech Evolution Acquisition Group,274.102,10,0,2.40E+07,UBS,Diversified,274.102,5.47242, 
2/26/21,IBER/U US,Ibere Pharmaceuticals,138,10,0.5,1.20E+07,Raymond James & Associates,Diversified,138,, 
2/26/21,950220 KS,NeoImmuneTech Inc,102.825,7500,91.33333588,1.50E+07,"Hana Financial Group Inc, Mirae Asset Securities","Consumer, Non-cyclical",654.11,,KOSDAQ
2/25/21,ASZ/U US,Austerlitz Acquisition Corp II,1380,10,2.5,1.20E+08,"BofA Securities, JP Morgan, UBS",Diversified,1380,, 
2/25/21,AUS/U US,Austerlitz Acquisition Corp I,690,10,3,6.00E+07,"UBS, JP Morgan, BofA Securities",Diversified,690,, 
2/25/21,FSNB/U US,Fusion Acquisition Corp II,500,10,0.699999988,4.35E+07,Cantor Fitzgerald,Diversified,500,61.0906, 
2/25/21,AGAUF US,African Gold Acquisition Corp,414,10,0,3.60E+07,B Riley Financial Inc,Diversified,414,, 
2/25/21,SBEAU US,SilverBox Engaged Merger Corp I,345,10,0.699999988,3.00E+07,"Citi, Deutsche Bank",Diversified,345,8.69565, 
2/25/21,FACT/U US,SunPower Inc,345,10,3,3.00E+07,"JP Morgan, Deutsche Bank, Morgan Stanley",Energy,345,13.5984, 
2/25/21,2562924D US,Twelve Seas Investment Co II,345,10,-0.5,3.00E+07,Mizuho Financial,Diversified,345,, 
2/25/21,MACQU US,AdTheorent Holding Co Inc,316.25,10,0,2.75E+07,TD Securities,Communications,316.25,, 
2/25/21,WARR/U US,Warrior Technologies Acquisition Co,276,10,0.100000002,2.40E+07,"EarlyBirdCapital.com, Raymond James & Associates",Diversified,276,, 
2/25/21,LIII/U US,Local Bounti Corp,275,10,2.5,2.40E+07,Deutsche Bank,"Consumer, Non-cyclical",275,, 
2/25/21,1980014D US,Kensington Capital Acquisition Corp II,230,10,9.5,2.00E+07,"UBS, Stifel",Diversified,230,, 
2/25/21,ARYD US,ARYA Sciences Acquisition Corp IV,149.5,10,11.30000019,1.30E+07,"Jefferies, Goldman Sachs","Consumer, Non-cyclical",186.6,, 
2/24/21,HIIIU US,Hudson Executive Investment Corp III,600,10,2.700000048,5.25E+07,"Barclays, JP Morgan, Citi",Diversified,600,10.7124, 
2/24/21,RFMZ US,RiverNorth Flexible Municipal Income Fund II Inc,440,20,0.100000002,2.20E+07,"Stifel, RBC Capital Markets, Wells Fargo, UBS",Financial,0,31.8625,New York
2/24/21,GIIXU US,Gores Holdings VIII Inc,345,10,4.099999905,3.00E+07,Deutsche Bank,Diversified,345,9.41771, 
2/24/21,HUGS/U US,USHG Acquisition Corp,287.5,10,3.799999952,2.50E+07,"Goldman Sachs, Piper Sandler & Co",Diversified,287.5,, 
2/24/21,FLME/U US,Sable Offshore Corp,287.5,10,0.5,2.50E+07,"Intrepid Partners LLC, TD Securities",Energy,287.5,13.2879, 
2/24/21,EJFAU US,EJF Acquisition Corp,287.5,10,1,2.50E+07,"UBS, Barclays",Diversified,287.5,3.47826, 
2/24/21,ISLEU US,Isleworth Healthcare Acquisition Corp,207,10,0.899999976,1.80E+07,I-Bankers Securities Inc,Diversified,207,, 
2/23/21,SRNGU US,Ginkgo Bioworks Holdings Inc,1725,10,8.800000191,1.50E+08,Goldman Sachs,"Consumer, Non-cyclical",1725,, 
2/23/21,GSEVU US,Gores Holdings VII Inc,550,10,6,4.80E+07,"Deutsche Bank, Morgan Stanley",Diversified,550,4.32127, 
2/23/21,COLIU US,Colicity Inc,345,10,5.199999809,3.00E+07,"Goldman Sachs, PJT Partners Inc",Diversified,345,3.43695, 
2/23/21,GLBLU US,AlTi Global Inc,345,10,2.299999952,3.00E+07,Cantor Fitzgerald,Financial,345,4.79311, 
2/23/21,BOAS/U US,BOA Acquisition Corp,230,10,1.600000024,2.00E+07,BTIG LLC,Diversified,230,5, 
2/22/21,SLMUF US,Slam Corp,575,10,5.099999905,5.00E+07,"Goldman Sachs, BTIG LLC",Diversified,575,31.4157,OTC US
2/22/21,ANAC/U US,Arctos NorthStar Acquisition Corp,316.25,10,4,2.75E+07,Citi,Diversified,316.25,4.6991, 
2/22/21,2623468D US,SomaLogic Inc,276,10,24.89999962,2.40E+07,Jefferies,"Consumer, Non-cyclical",276,0.113399, 
2/22/21,FTAAU US,FTAC Athena Acquisition Corp,250,10,7.400000095,2.20E+07,Cantor Fitzgerald,Diversified,256.6,4.2845, 
2/22/21,VELOU US,Velocity Acquisition Corp,230,10,2.299999952,2.00E+07,"Citi, Canaccord Genuity",Diversified,230,, 
2/18/21,SPGS/U US,Simon Property Group Acquisition Holdings Inc,345,10,9.600000381,3.00E+07,Goldman Sachs,Diversified,345,4.20754, 
2/18/21,TWNUF US,Tailwind International Acquisition Corp,345,10,5.300000191,3.00E+07,Jefferies,Diversified,345,4.34783, 
2/18/21,CFVIU US,Rumble Inc,300,10,7.099999905,3.00E+07,Cantor Fitzgerald,Communications,307,4.88599, 
2/18/21,FACA/U US,Figure Acquisition Corp I,287.5,10,15,2.50E+07,Citi,Diversified,250,113.196, 
2/18/21,2499843D US,Alpha Capital Acquisition Co,230,10,4.699999809,2.00E+07,"Citi, BofA Securities",Diversified,230,3.91304, 
2/18/21,BRPMU US,FaZe Holdings Inc,172.5,10,8,1.50E+07,B Riley Financial Inc,Communications,154.75,6.49275, 
2/17/21,FSRXU US,FinServ Acquisition Corp II,300,10,11.5,2.65E+07,"Citi, Barclays",Diversified,307,6.93415, 
2/17/21,KIIIU US,Kismet Acquisition Three Corp,287.5,10,1.600000024,2.50E+07,"BofA Securities, Citi, UBS",Diversified,287.5,, 
2/17/21,QDROU US,Quadro Acquisition One Corp,230,10,1.600000024,2.00E+07,"UBS, Citi, BofA Securities",Diversified,230,, 
2/17/21,SPTKU US,SportsTek Acquisition Corp,172.5,10,3,1.50E+07,Stifel,Diversified,172.5,, 
2/17/21,1841848D US,Auddia Inc,16.4662,4.125,,3.99E+06,Maxim Group LLC,Technology,0,, 
2/17/21,1866961D US,Gaucho Group Holdings Inc,7.9998,6,,1.33E+06,EF Hutton,Financial,0,, 
2/16/21,PFDRU US,Movella Holdings Inc,325,10,5.400000095,3.00E+07,"RBC Capital Markets, Stifel, Deutsche Bank",Technology,325,, 
2/16/21,NVSAU US,New Vista Acquisition Corp,276,10,6.099999905,2.40E+07,"Jefferies, Citi",Diversified,276,13.6453, 
2/16/21,PRDS US,Pardes Biosciences Inc,201.25,10,7.900000095,1.75E+07,Jefferies,"Consumer, Non-cyclical",218.75,15.6864, 
2/16/21,ABGI US,ABG Acquisition Corp I,150.65,10,3.400000095,1.31E+07,Jefferies,Diversified,188.02,14.6397, 
2/16/21,MACAU US,Moringa Acquisition Corp,115,10,6.599999905,1.00E+07,"Moelis & Co, EarlyBirdCapital.com",Diversified,118.5,27.2744, 
2/16/21,VRPX US,Virpax Pharmaceuticals Inc,18,10,-34.70000076,1.80E+06,ThinkEquity LLC,"Consumer, Non-cyclical",49.452,,OTC US
2/16/21,1867109D US,AmpliTech Group Inc,11.0397,7,,1.37E+06,Maxim Group LLC,Communications,0,, 
2/15/21,MSACU US,Medicus Sciences Acquisition Corp,92,10,3,8.00E+06,Maxim Group LLC,Diversified,92,, 
2/12/21,CVIIU US,Churchill Capital Corp VII,1380,10,6.599999905,1.20E+08,"JP Morgan, Citi, BofA Securities, Goldman Sachs",Diversified,1380,9.6525, 
2/12/21,CCVI/U US,Churchill Capital Corp VI,552,10,12.89999962,4.80E+07,"Citi, JP Morgan, BofA Securities, Goldman Sachs",Diversified,480,23.6097, 
2/12/21,BITE/U US,Bite Acquisition Corp,200,10,2.200000048,1.75E+07,EarlyBirdCapital.com,Diversified,200,9.83932, 
2/11/21,SCLEU US,Broadscale Acquisition Corp,345,10,5.400000095,3.00E+07,Morgan Stanley,Diversified,300,8.9717, 
2/11/21,SLACU US,Social Leverage Acquisition Corp I,345,10,7.5,3.00E+07,"Barclays, BofA Securities",Diversified,0,100.098, 
2/11/21,TSIBU US,Tishman Speyer Innovation Corp II,300,10,8.800000191,3.00E+07,"Allen & Co, BofA Securities",Diversified,300,, 
2/11/21,TLIS US,Talis Biomedical Corp,253.92,16,73.75,1.38E+07,"JP Morgan, BofA Securities, Piper Sandler & Co","Consumer, Non-cyclical",371.998,41.6225, 
2/11/21,RCLFU US,Spectral AI Inc,253,10,4,2.20E+07,BTIG LLC,"Consumer, Non-cyclical",0,, 
2/11/21,TCACU US,SpringBig Holdings Inc,200,10,4.300000191,1.75E+07,"JP Morgan, BMO Capital Markets",Technology,200,, 
2/11/21,DBTX US,Decibel Therapeutics Inc,137.916,18,0.166666672,7.06E+06,"Citi, SVB Financial Group, Barclays, BMO Capital Markets","Consumer, Non-cyclical",430.229,32.492, 
2/11/21,NEXI US,NexImmune Inc,126.509,17,49,6.47E+06,"Barclays, Cantor Fitzgerald, Raymond James & Associates, Allen & Co","Consumer, Non-cyclical",382.867,4.41108,OTC US
2/11/21,LGVN US,Longeveron Inc,29.1,10,-25.89999962,2.66E+06,EF Hutton,"Consumer, Non-cyclical",29.1,5.58546,NASDAQ CM
2/10/21,BMBL US,Bumble Inc,2472.5,43,63.5116272,5.00E+07,"Evercore, RBC Capital Markets, Jefferies, Morgan Stanley, JP Morgan, Goldman Sachs, Citi",Communications,4802.17,89.03,NASDAQ GS
2/10/21,SGFY US,Signify Health Inc,648.6,24,31.5,2.35E+07,"JP Morgan, Goldman Sachs, Barclays, Deutsche Bank, BofA Securities, Piper Sandler & Co, Robert W Baird & Co, UBS, William Blair & Co LLC","Consumer, Non-cyclical",4064.64,65.2272, 
2/10/21,PUCKU US,Goal Acquisitions Corp,258.75,10,7,2.25E+07,EarlyBirdCapital.com,Diversified,264.75,11.8817,OTC US
2/10/21,APR US,Apria Inc,172.5,20,16.79999924,7.50E+06,"UBS, JP Morgan, BofA Securities, Citi, Goldman Sachs","Consumer, Non-cyclical",704.218,, 
2/10/21,BVS US,Bioventus Inc,119.6,13,47.76922989,8.00E+06,"Goldman Sachs, JP Morgan, Morgan Stanley","Consumer, Non-cyclical",490.064,76.7316,NASDAQ GS
2/10/21,LDI US,loanDepot Inc,61.985,14,57.1428566,3.85E+06,"UBS, Jefferies, Citi, Barclays, Morgan Stanley, BofA Securities, Goldman Sachs",Financial,84.9632,68.2957,New York
2/9/21,APGB/U US,Apollo Strategic Growth Capital II,690,10,6.599999905,6.00E+07,"Deutsche Bank, Barclays, UBS",Diversified,690,, 
2/9/21,LGACU US,Lazard Growth Acquisition Corp I,575,10,4.199999809,5.00E+07,Goldman Sachs,Diversified,500,, 
2/9/21,XPDIU US,Core Scientific Inc,345,10,15,3.00E+07,"Barclays, BofA Securities",Financial,345,13.7457, 
2/9/21,FOREU US,P3 Health Partners Inc,316.25,10,3,2.75E+07,TD Securities,"Consumer, Non-cyclical",323.75,2.46432, 
2/9/21,DSP US,Viant Technology Inc,287.5,25,90.87999725,1.00E+07,"BofA Securities, UBS",Technology,287.5,63.6906,NASDAQ GS
2/9/21,PGRWU US,Progress Acquisition Corp,172.5,10,2.799999952,1.50E+07,EarlyBirdCapital.com,Diversified,172.5,84.1703, 
2/9/21,GRI US,GRI Bio Inc,18,8,-6,2.25E+06,ThinkEquity LLC,"Consumer, Non-cyclical",54.0496,0.825275,NASDAQ CM
2/8/21,SPAQ/U US,Spartan Acquisition Corp III,552,10,7.699999809,4.80E+07,"UBS, Citi, TD Securities, Morgan Stanley, Barclays, RBC Capital Markets",Diversified,552,0.00905797, 
2/8/21,2458253D US,BigBear.ai Holdings Inc,358.8,10,3.5,3.12E+07,"Oppenheimer & Co, Nomura",Technology,321.3,, 
2/8/21,ENNVU US,Fast Radius Inc,345,10,12.80000019,3.00E+07,"Barclays, Morgan Stanley, BMO Capital Markets",Technology,345,3.20169, 
2/8/21,PICCU US,Pivotal Investment Corp III,276,10,6.199999809,2.40E+07,"Citi, Cantor Fitzgerald",Diversified,276,13.4314, 
2/8/21,CPTK/U US,Crown PropTech Acquisitions,276,10,2.5,2.40E+07,RBC Capital Markets,Diversified,240,3.88519, 
2/8/21,2299793D US,AEON Biopharma Inc,276,10,3.599999905,2.40E+07,"Wells Fargo, Guggenheim Capital","Consumer, Non-cyclical",276,49.9433, 
2/8/21,EVOJU US,Evo Acquisition Corp,125.005,10,3,1.09E+07,"B Riley Financial Inc, Sumitomo Mitsui Financial",Diversified,125.005,48.6182, 
2/8/21,ADRAU US,Alliance Entertainment Holding,115,10,3.099999905,1.00E+07,ThinkEquity LLC,"Consumer, Cyclical",115,5.65217, 
2/8/21,EZRA US,Reliance Global Group Inc,12.42,6,-3,1.80E+06,EF Hutton,Financial,65.3346,10.6888,NASDAQ CM
2/5/21,PTA US,Cohen & Steers Tax-Advantaged Preferred Securities & Income Fund,1250,25,0,5.00E+07,,Financial,0,23.8103,New York
2/5/21,HUG PW,HUUUGE Inc,443.777,50,-1,3.33E+07,"UBS, Ipopema Securities SA, JP Morgan",Technology,0,33.2835,Warsaw
2/5/21,KURIU US,Alkuri Global Acquisition Corp,345,10,6.800000191,3.00E+07,Jefferies,"Consumer, Non-cyclical",345,, 
2/5/21,VOR US,Vor BioPharma Inc,203.44,18,108.3333359,9.83E+06,"Goldman Sachs, Evercore, Barclays, Stifel","Consumer, Non-cyclical",641.624,65.1143,NASDAQ GS
2/5/21,CDXXu/U CN,Choice Consolidation Corp,172.5,10,1,1.50E+07,"Beacon Securities, Canaccord Genuity",Diversified,172.5,, 
2/5/21,ELTX US,Elicio Therapeutics Inc,92,16,6.375,5.00E+06,"TD Securities, Stifel","Consumer, Non-cyclical",460.482,43.3732,NASDAQ CM
2/4/21,CPUH/U US,Compute Health Acquisition Corp,862.5,10,5.400000095,7.50E+07,Goldman Sachs,Diversified,862.5,47.8558, 
2/4/21,RMGUF US,RMG Acquisition Corp III,483,10,8.899999619,4.20E+07,"BofA Securities, Barclays",Diversified,483,, 
2/4/21,TBCPU US,Thunder Bridge Capital Partners III Inc,414,10,6.400000095,3.60E+07,Morgan Stanley,Diversified,421.75,, 
2/4/21,JOFFU US,JOFF Fintech Acquisition Corp,414,10,4.199999809,3.60E+07,RBC Capital Markets,Diversified,414,4.94733, 
2/4/21,SMRT US,SmartRent Inc,345,10,11,3.00E+07,"Deutsche Bank, Goldman Sachs",Industrial,345,69.8257,New York
2/4/21,GSQD/U US,G Squared Ascend I Inc,345,10,8.699999809,3.00E+07,UBS,Diversified,300,5.65659, 
2/4/21,ATMR/U US,Fathom Digital Manufacturing C,345,10,6,3.00E+07,"JP Morgan, Goldman Sachs",Industrial,300,4.34783, 
2/4/21,SDACU US,Sustainable Development Acquisition I Corp,316.25,10,12.19999981,2.75E+07,"BofA Securities, Barclays",Diversified,316.25,126.637, 
2/4/21,COVAU US,COVA Acquisition Corp,300,10,4,2.61E+07,Cantor Fitzgerald,"Consumer, Cyclical",300,5.54333, 
2/4/21,BOLT US,Bolt Biotherapeutics Inc,264.5,20,60.75,1.15E+07,"Morgan Stanley, SVB Financial Group, Stifel, Guggenheim Capital","Consumer, Non-cyclical",264.5,37.0418,NASDAQ CM
2/4/21,QFTA/U US,Quantum FinTech Acquisition Corp,201.25,10,2.400000095,1.75E+07,Chardan Capital Markets LLC,Diversified,0,6.57856, 
2/4/21,LHDXQ US,Lucira Health Inc,175.95,17,46.94117737,9.00E+06,"BofA Securities, William Blair & Co LLC","Consumer, Non-cyclical",632.692,2.19661, 
2/4/21,TERN US,Terns Pharmaceuticals Inc,146.625,17,8.176470757,7.50E+06,"Goldman Sachs, JP Morgan, TD Securities","Consumer, Non-cyclical",426.644,112.784,NASDAQ GS
2/3/21,SANA US,Sana Biotechnology Inc,675.625,25,40.40000153,2.35E+07,"Goldman Sachs, JP Morgan, Morgan Stanley, BofA Securities","Consumer, Non-cyclical",4595.37,76.5658,NASDAQ GS
2/3/21,ONTF US,ON24 Inc,492.25,50,41.63999939,8.56E+06,"Goldman Sachs, JP Morgan, KeyBanc Capital Markets",Technology,2287.85,43.9383, 
2/3/21,DCRNU US,Decarbonization Plus Acquisition Corp II,402.5,10,13.39999962,3.50E+07,"Citi, UBS",Diversified,402.5,0.00993789, 
2/3/21,ACII/U US,Atlas Crest Investment Corp II,345,10,6.5,3.00E+07,Cantor Fitzgerald,Diversified,345,4.53212, 
2/3/21,NXU/U US,Energy Vault Holdings Inc,287.5,10,10,2.50E+07,TD Securities,Energy,287.5,, 
2/3/21,ITQRU US,Itiquira Acquisition Corp,230,10,2.5,2.00E+07,"Citi, UBS",Diversified,230,4.42425, 
2/3/21,SNSE US,Sensei Biotherapeutics Inc,152.576,19,-0.526315808,7.00E+06,"Citi, Piper Sandler & Co, Joh Berenberg Gossler & Co KG","Consumer, Non-cyclical",581.182,40.8486,NASDAQ CM
2/3/21,ASAXU US,Astrea Acquisition Corp,150,10,2.299999952,1.50E+07,EarlyBirdCapital.com,Diversified,154.3,2.68555, 
2/3/21,LABP US,Landos Biopharma Inc,100,16,-25,6.25E+06,"JP Morgan, Jefferies, SVB Financial Group","Consumer, Non-cyclical",626.611,53.4173, 
2/2/21,PRPC/U US,CC Neuberger Principal Holdings III,402.5,10,6.5,3.50E+07,"Citi, Evercore",Diversified,402.5,, 
2/2/21,KRNLU US,Kernel Group Holdings Inc,304.75,10,3.5,2.65E+07,Citi,Diversified,304.75,24.9086, 
2/2/21,TMAC/U US,Music Acquisition Corp/The,230,10,5.300000191,2.00E+07,"Citi, Cantor Fitzgerald",Diversified,230,6.13176, 
2/2/21,GHACU US,Gaming & Hospitality Acquisition Corp,200,10,3.5,1.75E+07,Deutsche Bank,Diversified,200,, 
2/2/21,CUEN US,Cuentas Inc,12,4.3,-10.00000381,2.79E+06,Maxim Group LLC,Communications,57.8113,128.258,OTC US
2/1/21,JWSUF US,Jaws Mustang Acquisition Corp,1035,10,6.199999809,9.00E+07,"UBS, BofA Securities, Goldman Sachs",Diversified,1035,,OTC US
2/1/21,AAC/U US,Ares Acquisition Corp,1000,10,4,8.70E+07,"Citi, UBS, Morgan Stanley, Barclays",Diversified,1000,, 
2/1/21,THMAU US,Pear Therapeutics Inc,276,10,3.5,2.40E+07,"Citi, UBS","Consumer, Non-cyclical",276,4.34783, 
2/1/21,MDH/U US,MDH Acquisition Corp,276,10,1.799999952,2.40E+07,"Stifel, Oppenheimer & Co",Diversified,240,5.78712, 
2/1/21,NRACU US,Northern Revival Acquisition Corp,241.5,10,2.5,2.10E+07,"Stifel, Oppenheimer & Co, William Blair & Co LLC",Diversified,241.5,17.9077, 
1/29/21,EQHA/U US,EQ Health Acquisition Corp,220,10,2.5,1.91E+07,"Jefferies, BTIG LLC",Diversified,220,9.9601, 
1/29/21,GCACU US,Cepton Inc,172.5,10,0.100000002,1.50E+07,Maxim Group LLC,"Consumer, Cyclical",150,, 
1/28/21,XM US,Qualtrics International Inc,1783.5,30,51.66666794,5.17E+07,"BMO Capital Markets, Truist Securities Inc, Citi, HSBC, Goldman Sachs, Deutsche Bank, BofA Securities, Barclays, JP Morgan, Morgan Stanley",Technology,2639.05,, 
1/28/21,MIT/U US,Mason Industrial Technology Inc,500,10,0.699999988,4.50E+07,"Jefferies, Citi",Diversified,500,, 
1/28/21,CLRMU US,Clarim Acquisition Corp,287.5,10,2.599999905,2.50E+07,"BTIG LLC, Jefferies",Diversified,250,3.44757, 
1/28/21,BLUVF US,BlueRiver Acquisition Corp,287.5,10,4,2.50E+07,Goldman Sachs,Diversified,257.25,73.9111,OTC US
1/28/21,CFFVU US,CF Acquisition Corp V,250,10,7.5,2.50E+07,Cantor Fitzgerald,Diversified,256,5.85938, 
1/28/21,ZWRKU US,Z-Work Acquisition Corp,230,10,4,2.00E+07,Jefferies,Diversified,230,, 
1/28/21,TRIN US,Trinity Capital Inc,118.742,14,7.142857075,7.38E+06,"UBS, Wells Fargo, Stifel",Financial,369.814,25.0736,NASDAQ GS
1/28/21,HMPT US,Home Point Capital Inc,94.25,13,-12.92307663,7.25E+06,"BofA Securities, UBS, JP Morgan, Morgan Stanley, Wells Fargo, Goldman Sachs",Financial,1805.18,, 
1/28/21,2616377D US,Apexigen Inc,57.5,10,2.299999952,5.00E+06,Ladenburg Thalmann & Co,"Consumer, Non-cyclical",59.783,24.9109, 
1/27/21,PDO US,PIMCO Dynamic Income Opportunities Fund,2000,20,0.050000001,1.00E+08,"Morgan Stanley, BofA Securities, UBS",Financial,0,19.3307,New York
1/27/21,OCDX US,Ortho Clinical Diagnostics Holdings PLC,1485.8,17,-5.294117451,7.60E+07,"Piper Sandler & Co, Evercore, UBS, Citi, Morgan Stanley, Barclays, Goldman Sachs, BofA Securities, JP Morgan","Consumer, Non-cyclical",3875.74,, 
1/27/21,TLGA/U US,Electriq Power Holdings Inc,400,10,1.299999952,3.50E+07,RBC Capital Markets,Energy,400,, 
1/27/21,ITHXU US,Mondee Holdings Inc,241.5,10,0.899999976,2.10E+07,Cantor Fitzgerald,Communications,241.5,5.63948, 
1/27/21,RYM US,RYTHM Inc,62.1,10,27.39999962,5.40E+06,"Maxim Group LLC, Roth Capital Partners Inc","Consumer, Non-cyclical",134.918,18.026,NASDAQ CM
1/27/21,IGNYU US,Peak Bio Inc,57.5,10,3.049999952,5.00E+06,EarlyBirdCapital.com,"Consumer, Non-cyclical",57.5,0.00945455, 
1/26/21,SHLS US,Shoals Technologies Group Inc,2213.75,25,23.92000008,7.70E+07,"JP Morgan, Goldman Sachs, Guggenheim Capital, UBS, Morgan Stanley, Barclays",Energy,2338.41,118.179,NASDAQ GM
1/26/21,CSTUF US,Constellation Acquisition Corp I,310,10,3,3.00E+07,"Deutsche Bank, Morgan Stanley",Diversified,310,,OTC US
1/26/21,FSSIU US,Fortistar Sustainable Solutions Corp,258.75,10,2.900000095,2.25E+07,"UBS, BofA Securities",Diversified,258.75,, 
1/26/21,HCIIU US,Hudson Executive Investment Corp II,250,10,5.5,2.25E+07,"JP Morgan, Citi, Barclays",Diversified,250,2.8, 
1/26/21,CLIM/U US,Climate Real Impact Solutions II Acquisition Corp,241.5,10,9,2.10E+07,"BofA Securities, Barclays",Diversified,241.5,3.46806, 
1/26/21,HYPR US,Hyperfine Inc,207,10,0.100000002,1.80E+07,Jefferies,"Consumer, Non-cyclical",219.5,20.5172,NASDAQ GM
1/26/21,CAHCU US,CA Healthcare Acquisition Corp,115,10,1.600000024,1.00E+07,BTIG LLC,Diversified,115,, 
1/26/21,LMAOU US,SeaStar Medical Holding Corp,103.5,10,4,9.00E+06,Maxim Group LLC,"Consumer, Non-cyclical",103.5,, 
1/25/21,NSTB/U US,Northern Star Investment Corp II,400,10,6.199999809,3.50E+07,Citi,Diversified,400,, 
1/25/21,DHHCU US,United Homes Group Inc,345,10,8,3.00E+07,Goldman Sachs,"Consumer, Cyclical",345,100.652, 
1/25/21,SSAAU US,Science Strategic Acquisition Corp Alpha,310.5,10,4,2.70E+07,UBS,Diversified,310.5,, 
1/25/21,DNZ/U US,D & Z Media Acquisition Corp,287.5,10,2.799999952,2.50E+07,Goldman Sachs,Diversified,287.5,, 
1/25/21,BIOTU US,Biotech Acquisition Co,230,10,3.099999905,2.00E+07,Cantor Fitzgerald,Diversified,230,1.08924, 
1/22/21,NAACU US,North Atlantic Acquisition Corp,379.5,10,4.199999809,3.30E+07,"BTIG LLC, Wells Fargo",Diversified,379.5,7.6293, 
1/22/21,SHACU US,SCP & CO Healthcare Acquisition Co,230,10,4.900000095,2.00E+07,"Barclays, Piper Sandler & Co",Diversified,205,4.34783, 
1/22/21,COMS US,COMSovereign Holding Corp,17.3686,4.15,-18.07229042,3.86E+06,EF Hutton,Communications,0,1.69255,OTC US
1/21/21,LMACU US,Liberty Media Acquisition Corp,575,10,27.5,5.00E+07,"Morgan Stanley, Citi, UBS, Goldman Sachs",Diversified,575,9.09372, 
1/21/21,JCICU US,Jack Creek Investment Corp,345,10,4.400000095,3.00E+07,"JP Morgan, UBS",Diversified,345,6.07788, 
1/21/21,OEPWU US,One Equity Partners Open Water I Corp,345,10,2.900000095,3.00E+07,"UBS, RBC Capital Markets",Diversified,345,0.242319, 
1/21/21,VOSOU US,Virtuoso Acquisition Corp,230,10,3,2.00E+07,"Moelis & Co, BTIG LLC",Diversified,230,, 
1/21/21,EUSGU US,European Sustainable Growth Acquisition Corp,143.75,10,11.60000038,1.25E+07,"EarlyBirdCapital.com, ABN AMRO Bank NV",Diversified,143.75,0.0207828, 
1/21/21,MNTK US,Montauk Renewables Inc,28.8958,8.5,38,3.05E+06,Roth Capital Partners Inc,Energy,1198.63,39.5934,NASDAQ CM
1/20/21,DFH US,Dream Finders Homes Inc,143.52,13,61.15384674,9.60E+06,"BofA Securities, RBC Capital Markets, BTIG LLC","Consumer, Cyclical",419.839,97.2778,New York
1/20/21,AFBI US,Affinity Bancshares Inc,37.015,10,0.800000012,3.70E+06,Performance Trust Capital Partners LLC,Financial,0,32.9679,NASDAQ CM
1/19/21,GMIIU US,Sonder Holdings Inc,450,10,11.60000038,4.00E+07,"Deutsche Bank, Citi","Consumer, Cyclical",450,, 
1/19/21,GMBTU US,Queen's Gambit Growth Capital,345,10,7,3.00E+07,Barclays,Diversified,345,, 
1/19/21,TZPSU US,TZP Strategies Acquisition Corp,287.5,10,2.700000048,2.50E+07,UBS,Diversified,287.5,, 
1/19/21,LEGOU US,Legato Merger Corp,235.75,10,2.5,2.05E+07,EarlyBirdCapital.com,Basic Materials,235.75,0.0053024, 
1/19/21,OSTRU US,Oyster Enterprises Acquisition Corp,230,10,1.700000048,2.00E+07,"Imperial Capital LLC, I-Bankers Securities Inc",Diversified,230,, 
1/19/21,FOXWU US,FoxWayne Enterprises Acquisition Corp,57.5,10,3.799999952,5.00E+06,EF Hutton,Diversified,57.5,24.396, 
1/15/21,GNACU US,Group Nine Acquisition Corp,230,10,11,2.00E+07,"Barclays, CODE Advisors",Diversified,230,6.84783, 
1/14/21,TBA US,Thoma Bravo Advantage,1000,10,17.60000038,9.00E+07,"Citi, Deutsche Bank, Goldman Sachs, UBS",Diversified,1000,3.94675, 
1/14/21,DRVN US,Driven Brands Holdings Inc,805,22,21.31818199,3.18E+07,"Morgan Stanley, BofA Securities, Goldman Sachs, JP Morgan, Barclays","Consumer, Non-cyclical",3728.62,110.296,NASDAQ GS
1/14/21,2612138D US,Hennessy Capital Investment Corp V,345,10,10.89999962,3.00E+07,"Barclays, Citi",Diversified,345,4.65995, 
1/14/21,EACPU US,Edify Acquisition Corp,276,10,4,2.40E+07,"BMO Capital Markets, B Riley Financial Inc",Diversified,276,, 
1/14/21,ROT/U US,Palladyne AI Corp,276,10,4.599999905,2.40E+07,UBS,Industrial,276,6.34058, 
1/14/21,HCCCU US,Healthcare Capital Corp,275,10,2.599999905,2.40E+07,Cantor Fitzgerald,Diversified,0,5.36364, 
1/14/21,ADERU US,26 Capital Acquisition Corp,275,10,5.5,2.40E+07,Cantor Fitzgerald,Diversified,275,, 
1/14/21,CLAS/U US,Class Acceleration Corp,258.75,10,5.5,2.25E+07,Oppenheimer & Co,Diversified,258.75,10.9821, 
1/14/21,MONCU US,Monument Circle Acquisition Corp,250,10,4.5,2.18E+07,"Cantor Fitzgerald, Moelis & Co",Diversified,0,4.2, 
1/14/21,AEACU US,Authentic Equity Acquisition Corp,230,10,3.799999952,2.00E+07,"Jefferies, BMO Capital Markets",Diversified,230,, 
1/14/21,OCAXU US,OCA Acquisition Corp,149.5,10,4,1.30E+07,"Stifel, Nomura",Diversified,149.5,, 
1/13/21,WOOF US,Petco Health & Wellness Co Inc,993.6,18,63.33333206,4.80E+07,"Wells Fargo, UBS, Evercore, Citi, Goldman Sachs, BofA Securities","Consumer, Cyclical",4075.63,121.931,NASDAQ GS
1/13/21,PNTM/U US,Pontem Corp,690,10,3.200000048,6.00E+07,"UBS, Guggenheim Capital",Diversified,690,35.6147, 
1/13/21,FCAX/U US,Fortress Capital Acquisition Corp,400,10,7.800000191,3.50E+07,"Citi, Goldman Sachs",Diversified,350,6.875, 
1/13/21,POSH US,Poshmark Inc,318.78,42,141.6666718,6.60E+06,"Goldman Sachs, Morgan Stanley, Barclays, TD Securities, Citizens Financial Group Inc, Raymond James & Associates, Stifel, William Blair & Co LLC",Communications,377.605,0.154215, 
1/13/21,ENVIU US,GreenLight Biosciences Holding,207,10,6.599999905,1.80E+07,Canaccord Genuity,"Consumer, Non-cyclical",207,12.0527, 
1/12/21,AFRM US,Affirm Holdings Inc,1386.21,49,98.44898224,2.46E+07,"Goldman Sachs, Morgan Stanley, Allen & Co, Barclays, UBS, RBC Capital Markets, Truist Securities Inc, Deutsche Bank, Siebert Williams Shank & Co LLC","Consumer, Non-cyclical",6126.76,94.6496,NASDAQ GS
1/12/21,FINMU US,Marlin Technology Corp,414,10,4,3.60E+07,"UBS, Jefferies",Diversified,414,, 
1/12/21,NGAB/U US,Embark Technology Inc,414,10,19.10000038,3.60E+07,"JP Morgan, Barclays, CIBC","Consumer, Cyclical",414,, 
1/12/21,HLAHU US,Hamilton Lane Alliance Holdings I Inc,276,10,10.10000038,2.40E+07,"Morgan Stanley, JP Morgan",Diversified,276,30.5072, 
1/12/21,DLCAU US,Deep Lake Capital Acquisition Corp,207,10,6.699999809,1.80E+07,"Citi, Jefferies",Diversified,180,, 
1/12/21,MSGM US,Motorsport Games Inc,69,20,75,3.00E+06,"Benchmark Co LLC/The, Canaccord Genuity",Technology,209,29.7954,NASDAQ CM
1/11/21,2600982D US,Stardust Power Inc,300,10,3,2.75E+07,"UBS, RBC Capital Markets",Basic Materials,300,2.17519, 
1/11/21,ENFAU US,BuzzFeed Inc,287.5,10,5,2.50E+07,"TD Securities, Craig-Hallum Capital Group Ltd",Communications,294.525,4.01221, 
1/11/21,SWETU US,Athlon Acquisition Corp,276,10,4.5,2.40E+07,Jefferies,Diversified,276,4.34783, 
1/11/21,ADEX/U US,Griid Infrastructure Inc,276,10,3.400000095,2.40E+07,EarlyBirdCapital.com,Financial,276,, 
1/11/21,BCYPU US,SAB Biotherapeutics Inc,115,10,4,1.00E+07,Ladenburg Thalmann & Co,"Consumer, Non-cyclical",118.823,13.4837, 
1/8/21,PMGMU US,Priveterra Acquisition Corp II,276,10,1.799999952,2.40E+07,Stifel,Diversified,276,92.5627, 
1/7/21,SVFAU US,SVF Investment Corp,603.75,10,20,5.25E+07,"Cantor Fitzgerald, Deutsche Bank, Citi",Diversified,603.75,4.43482, 
1/7/21,AGCB US,Altimeter Growth Corp 2,450,10,32.5,4.00E+07,"Goldman Sachs, Citi, Morgan Stanley",Diversified,560,5.42299, 
1/7/21,PACXU US,Pioneer Merger Corp,402.5,10,5.5,3.50E+07,Citi,Diversified,402.5,5.67027, 
1/7/21,EPHYU US,Epiphany Technology Acquisition Corp,402.5,10,5.400000095,3.50E+07,Cantor Fitzgerald,Diversified,410.5,4.90025, 
1/7/21,LHC/U US,Leo Holdings Corp II,375,10,2.400000095,3.50E+07,"UBS, Deutsche Bank",Diversified,375,99.4148, 
1/7/21,PRSRU US,Prospector Capital Corp,325,10,6.099999905,3.00E+07,Goldman Sachs,Diversified,325,, 
1/7/21,SWBK/U US,Switchback II Corp,316.25,10,18.5,2.75E+07,Goldman Sachs,Diversified,316.25,6.68695, 
1/7/21,KLAQU US,KL Acquisition Corp,287.5,10,2.700000048,2.50E+07,Goldman Sachs,Diversified,287.5,11.032, 
1/7/21,CGEM US,Cullinan Therapeutics Inc,287.385,21,42.42856979,1.19E+07,"Evercore, SVB Financial Group, Morgan Stanley","Consumer, Non-cyclical",866.939,105.729,NASDAQ GS
1/7/21,POWRU US,Powered Brands,276,10,5.300000191,2.40E+07,UBS,Diversified,276,4.98188, 
1/7/21,EPWR/U US,Empowerment & Inclusion Capital I Corp,276,10,2.799999952,2.40E+07,"Academy Securities Inc, Blaylock Van LLC, CL King & Associates, Loop Capital Markets LLC, Samuel A Ramirez & Co Inc, Siebert Williams Shank & Co LLC, Jefferies",Diversified,276,7.06522, 
1/7/21,GSAQU US,Global Synergy Acquisition Corp,258.75,10,3,2.25E+07,"UBS, JP Morgan",Diversified,258.75,14.0787, 
1/7/21,2570765D US,eFFECTOR Therapeutics Inc,175,10,4,1.53E+07,Cantor Fitzgerald,"Consumer, Non-cyclical",175,1.448, 
1/7/21,LJAQU US,LightJump Acquisition Corp,138,10,1.899999976,1.20E+07,EarlyBirdCapital.com,"Consumer, Non-cyclical",138,6.76904, 
1/7/21,MCADU US,Better Therapeutics Inc,57.5,10,4,5.00E+06,Chardan Capital Markets LLC,"Consumer, Non-cyclical",59.35,3.96957, 
1/6/21,VTIQU US,VectoIQ Acquisition Corp II,345,10,10.5,3.00E+07,"TD Securities, Morgan Stanley",Diversified,354,, 
1/6/21,PPGHU US,Poema Global Holdings Corp,345,10,3,3.00E+07,"UBS, Citi",Diversified,300,5.07246, 
1/6/21,IVAN/U US,SES AI Corp,276,10,12.10000038,2.40E+07,Morgan Stanley,"Consumer, Cyclical",276,5.26344, 
1/6/21,BLTSU US,Bright Lights Acquisition Corp,230,10,5.199999809,2.00E+07,"Moelis & Co, Jefferies",Diversified,200,4.34783, 
1/6/21,INKAU US,Near Intelligence Inc,172.5,10,4.199999809,1.50E+07,BTIG LLC,"Consumer, Non-cyclical",172.5,145.664, 
1/6/21,OMEG US,Omega Alpha SPAC,138,10,3.400000095,1.20E+07,"Jefferies, Morgan Stanley",Diversified,172.65,12.6005, 
1/6/21,VCKAU US,Scilex Holding Co,138,10,2.099999905,1.20E+07,Maxim Group LLC,"Consumer, Non-cyclical",0,, 
1/5/21,STPC/U US,Benson Hill Inc,402.5,10,12.39999962,3.50E+07,"Goldman Sachs, UBS","Consumer, Non-cyclical",402.5,12.4845, 
1/5/21,KAIRU US,Kairos Acquisition Corp,276,10,2,2.40E+07,Citi,Diversified,276,5.14234, 
1/5/21,CRU/U US,Crucible Acquisition Corp,258.75,10,5.599999905,2.25E+07,UBS,Diversified,225,5.21894, 
1/5/21,AKICU US,Sports Ventures Acquisition Corp,230,10,4,2.00E+07,Deutsche Bank,Diversified,236,, 
1/4/21,FVT/U US,Fortress Value Acquisition Corp III,230,10,6.599999905,2.00E+07,"Deutsche Bank, BofA Securities",Diversified,200,3.41739, 
1/4/21,BENEU US,Benessere Capital Acquisition Corp,115,10,3,1.00E+07,EF Hutton,Diversified,118.6,15.7602, 
12/23/20,VHAQU US,Viveon Health Acquisition Corp,201.25,10,2.150000095,1.75E+07,Chardan Capital Markets LLC,Diversified,201.25,89.7067, 
12/23/20,VTAQU US,Presto Automation Inc,172.5,10,1.899999976,1.50E+07,Chardan Capital Markets LLC,Technology,0,56.6911, 
12/22/20,CFIVU US,CF Acquisition Corp IV,500,10,2.5,4.50E+07,Cantor Fitzgerald,Diversified,500,, 
12/22/20,HCARU US,Healthcare Services Acquisition Corp,331.2,10,2.700000048,2.88E+07,B Riley Financial Inc,Diversified,331.2,6.37681, 
12/22/20,VIIAU US,Banzai International Inc,230,10,3.400000095,2.00E+07,Cantor Fitzgerald,Technology,230,, 
12/22/20,1855817D US,Intelligent Bio Solutions Inc,21.6002,17,,1.27E+06,Dawson James Securities,"Consumer, Non-cyclical",0,42.6935, 
12/22/20,IKT US,Inhibikase Therapeutics Inc,18,10,-1,1.80E+06,ThinkEquity LLC,"Consumer, Non-cyclical",100.508,91.0649,NASDAQ CM
12/21/20,ACKIU US,Ackrell Spac Partners I Co,138,10,1,1.20E+07,EarlyBirdCapital.com,Diversified,142.85,12.0757, 
12/17/20,GFX/U US,Golden Falcon Acquisition Corp,345,10,2.900000095,3.00E+07,"UBS, Moelis & Co",Diversified,345,60.5906, 
12/17/20,SVOKU US,Boxed Inc,258.75,10,1.600000024,2.25E+07,JonesTrading Institutional Services LLC,"Consumer, Non-cyclical",258.75,19.0145, 
12/17/20,IIIIU US,INSU Acquisition Corp III,250,10,4,2.18E+07,"Cantor Fitzgerald, Wells Fargo",Diversified,255.75,7.74194, 
12/17/20,MTACU US,TriSalus Life Sciences Inc,250,10,3.599999905,2.20E+07,Raymond James & Associates,"Consumer, Non-cyclical",250,48.0391, 
12/17/20,DUNEU US,Global Gas Corp,172.5,10,1.200000048,1.50E+07,Cantor Fitzgerald,Basic Materials,172.5,93.0587, 
12/17/20,MASS US,908 Devices Inc,149.5,20,145,6.50E+06,"TD Securities, SVB Financial Group, William Blair & Co LLC, Stifel",Industrial,543.516,89.6689,NASDAQ GM
12/17/20,MDWT US,Midwest Holding Inc,70,70,-19.6428566,1.00E+06,Piper Sandler & Co,Financial,261.632,, 
12/16/20,COOLU US,Corner Growth Acquisition Corp,400,10,3.5,3.50E+07,Cantor Fitzgerald,Diversified,400,193.045, 
12/16/20,DWTX US,Dogwood Therapeutics Inc,34.5,10,67.09999847,3.00E+06,ThinkEquity LLC,"Consumer, Non-cyclical",82.825,65.8033,NASDAQ CM
12/15/20,9201668D US,ContextLogic Inc,1104,24,-16.45833397,4.60E+07,"UBS, RBC Capital Markets, Deutsche Bank, Citi, BofA Securities, JP Morgan, Goldman Sachs",Communications,11474.9,0.0115095, 
12/15/20,CCV/U US,Churchill Capital Corp V,500,10,2.200000048,4.50E+07,"Citi, Goldman Sachs, JP Morgan, BofA Securities",Diversified,500,16.919, 
12/15/20,UPST US,Upstart Holdings Inc,276.362,20,47.34999847,1.20E+07,"Goldman Sachs, BofA Securities, Citi, Jefferies, Barclays",Financial,1449.22,71.624,NASDAQ GS
12/15/20,KINZU US,CXApp Inc,276,10,1.700000048,2.40E+07,"UBS, Stifel, BTIG LLC",Technology,276,0.171092, 
12/15/20,BCAB US,BioAtla Inc,217.35,18,72.33333588,1.05E+07,"UBS, Jefferies, JP Morgan","Consumer, Non-cyclical",559.289,27.1586,NASDAQ CM
12/15/20,2564446D US,Clarus Therapeutics Holdings I,57.5,10,1.5,5.00E+06,Maxim Group LLC,"Consumer, Non-cyclical",57.5,8.17908, 
12/15/20,SCPS US,Scopus Biopharma Inc,5.9125,5.5,7.636363506,500000,Benchmark Co LLC/The,"Consumer, Non-cyclical",80.179,,OTC US
12/14/20,MRACU US,Legacy Enjoy Inc,373.75,10,6,3.25E+07,UBS,Technology,325,5.25422, 
12/14/20,ATA/U US,AMERICAS TECHNOLOGY ACQUISITION CORP,115,10,1.5,1.00E+07,EarlyBirdCapital.com,Diversified,0,10.5077, 
12/11/20,2148 HK,Vesync Co Ltd,230.091,5.52,59.4202919,2.81E+08,"BNP Paribas, Industrial Securities, China Minsheng Banking Corp, Haitong Securities, Innovax Capital Ltd, UOB-Kay Hian Holdings Ltd","Consumer, Cyclical",829.816,88.9922, 
12/10/20,ABNB US,Airbnb Inc,3830,68,112.8088226,5.13E+07,"Morgan Stanley, Goldman Sachs, Allen & Co, BofA Securities, Barclays, Citi, Mizuho Financial, BNP Paribas, Deutsche Bank, Jefferies, UBS, Wells Fargo",Communications,7050.44,86.6789,NASDAQ GS
12/10/20,CERT US,Certara Inc,768.506,23,65.56521606,2.91E+07,"Morgan Stanley, Jefferies, BofA Securities, Barclays, UBS, William Blair & Co LLC","Consumer, Non-cyclical",3518.53,119.511,NASDAQ GS
12/10/20,SNRHU US,Senior Connect Acquisition Corp I,414,10,3,3.60E+07,Citi,Diversified,414,, 
12/10/20,MOTV/U US,Forge Global Holdings Inc,414,10,2.599999905,3.60E+07,"JP Morgan, UBS",Financial,414,, 
12/10/20,CBAH/U US,Altus Power Inc,402.5,10,3.099999905,3.50E+07,Morgan Stanley,Utilities,350,, 
12/10/20,RMGBU US,RMG Acquisition Corp II,345,10,2.700000048,3.00E+07,"BofA Securities, Barclays",Diversified,300,, 
12/10/20,GHVIU US,Matterport Inc,345,10,4.5,3.00E+07,"Deutsche Bank, Morgan Stanley",Technology,345,11.5942, 
12/10/20,FDMT US,4D Molecular Therapeutics Inc,222.18,23,76.08695984,8.40E+06,"Goldman Sachs, BofA Securities, Evercore","Consumer, Non-cyclical",609.355,112.853,NASDAQ GS
12/10/20,DWIN/U US,FOXO Technologies Inc,201.25,10,0.600000024,1.75E+07,"Cantor Fitzgerald, RBC Capital Markets","Consumer, Non-cyclical",201.25,, 
12/10/20,2551275D US,Inspirato Inc,172.5,10,3.799999952,1.50E+07,"Stifel, Oppenheimer & Co",Communications,172.5,27.6725, 
12/10/20,GLAQU US,Globis Acquisition Corp,115,10,1.5,1.00E+07,Chardan Capital Markets LLC,Diversified,115.958,16.9426, 
12/10/20,ROCCU US,Reservoir Media Inc,115,10,2,1.00E+07,"Craig-Hallum Capital Group Ltd, Roth Capital Partners Inc","Consumer, Cyclical",0,5.11945, 
12/10/20,VVOS US,Vivos Therapeutics Inc,24.15,6,49.83333206,3.50E+06,Roth Capital Partners Inc,"Consumer, Non-cyclical",109.15,21.0691,NASDAQ CM
12/9/20,PCPC/U US,Periphas Capital Partnering Corp,414,25,1.802399993,1.44E+07,Evercore,Diversified,414,, 
12/9/20,CTAQU US,Carney Technology Acquisition Corp II,402.5,10,1.5,3.50E+07,"Morgan Stanley, Cantor Fitzgerald, Mizuho Financial",Diversified,411.5,0.0157789, 
12/9/20,HYFM US,Hydrofarm Holdings Group Inc,199.334,20,159.9499969,8.67E+06,"JP Morgan, Stifel, Deutsche Bank, Truist Securities Inc, William Blair & Co LLC",Industrial,660.42,16.3325,NASDAQ CM
12/9/20,FLACU US,Frazier Lifesciences Acquisition Corp,138,10,2.799999952,1.20E+07,UBS,Diversified,0,10.4958, 
12/9/20,CYTH US,Cyclo Therapeutics Inc,14.375,5,-16,2.50E+06,Maxim Group LLC,"Consumer, Non-cyclical",22.874,39.4852, 
12/8/20,DASH US,DoorDash Inc,3366,102,85.79412079,3.30E+07,"UBS, RBC Capital Markets, Deutsche Bank, Barclays, JP Morgan, Goldman Sachs",Communications,29207,99.3728,NASDAQ GS
12/8/20,AI US,C3.ai Inc,748.65,42,120.2142868,1.55E+07,"JP Morgan, Morgan Stanley, BofA Securities, Deutsche Bank",Technology,3996.54,61.1512,New York
12/8/20,ALTUU US,Altitude Acquisition Corp,300,10,2.099999905,2.61E+07,Cantor Fitzgerald,Diversified,300,, 
12/8/20,HMCOU US,HumanCo Acquisition Corp,287.5,10,7.5,2.50E+07,Citi,Diversified,287.5,, 
12/8/20,NEBCU US,Rover Group Inc,275,10,3,2.50E+07,"Deutsche Bank, William Blair & Co LLC, Stifel",Communications,275,11.1848, 
12/8/20,PUBM US,PubMatic Inc,135.7,20,47.25,5.90E+06,"Jefferies, RBC Capital Markets",Technology,118,64.7513,NASDAQ GM
12/7/20,MUDSU US,Mudrick Capital Acquisition Corp II,316.25,10,0.5,2.75E+07,Jefferies,Diversified,316.25,, 
12/7/20,RAACU US,Berkshire Grey Inc,287.5,10,3.5,2.50E+07,UBS,Industrial,287.5,6.22923, 
12/7/20,CND/U US,Concord Acquisition Corp,276,10,1,2.40E+07,TD Securities,Diversified,293,, 
12/3/20,SPRY US,ARS Pharmaceuticals Inc,277.725,21,19.04761887,1.15E+07,"Goldman Sachs, SVB Financial Group, Stifel","Consumer, Non-cyclical",662.901,93.9617,NASDAQ GM
12/3/20,FTCVU US,Fintech Acquisition Corp V,250,10,2.5,2.18E+07,Cantor Fitzgerald,Diversified,256.4,7.02028, 
12/3/20,PTICU US,Appreciate Holdings Inc,230,10,1.700000048,2.00E+07,Cantor Fitzgerald,Financial,230,6.08696, 
12/3/20,SEER US,Seer Inc,201.25,19,197.1578979,9.21E+06,"BofA Securities, TD Securities, Morgan Stanley, JP Morgan","Consumer, Non-cyclical",1023.4,36.8617,NASDAQ GS
12/3/20,SGTX US,Sigilon Therapeutics Inc,144.9,18,93.22222137,7.00E+06,"Morgan Stanley, Jefferies, Barclays, Canaccord Genuity","Consumer, Non-cyclical",562.325,, 
12/3/20,ONDS US,Ondas Inc,34.5,6,-100,5.00E+06,Oppenheimer & Co,Industrial,159.153,36.0161,NASDAQ CM
12/2/20,FPAC/U US,Far Peak Acquisition Corp,600,10,0,5.50E+07,Wells Fargo,Diversified,600,8.25, 
12/2/20,CAP/U US,Doma Holdings Inc,345,10,0.5,3.00E+07,"Deutsche Bank, Morgan Stanley, Citi",Financial,345,5.37681, 
12/2/20,SPFR/U US,Velo3D Inc,345,10,4.699999809,3.00E+07,UBS,Technology,345,0.0144928, 
12/2/20,HTPA/U US,Highland Transcend Partners I Corp,300,10,2.900000095,2.75E+07,"Goldman Sachs, JP Morgan",Diversified,275,6.85027, 
12/2/20,KNTE US,Kinnate Biopharma Inc,276,20,95.15000153,1.20E+07,"Goldman Sachs, SVB Financial Group, Piper Sandler & Co","Consumer, Non-cyclical",820.544,10.4417, 
12/2/20,LOKB/U US,Navitas Semiconductor Corp,253,10,1.5,2.20E+07,"Jefferies, BofA Securities",Technology,220,6.52174, 
12/2/20,RSVAU US,Enovix Corp,230,10,12.19999981,2.00E+07,Oppenheimer & Co,Industrial,230,21.1979, 
12/1/20,TACA/U US,Trepont Acquisition Corp I,230,10,1.5,2.00E+07,UBS,Diversified,230,5.38899, 
12/1/20,POWW US,Outdoor Holding Co,20.6827,2.1,9.523814201,500000,"Alexander Capital LP, EF Hutton",Industrial,126.927,52.7881,NASDAQ CM
11/30/20,SGAMU US,Redbox Entertainment Inc,143.75,10,0,1.25E+07,B Riley Financial Inc,"Consumer, Non-cyclical",143.75,5.56522, 
11/25/20,SDHY US,PGIM Short Duration High Yield Opportunities Fund,475,20,0,2.38E+07,"Wells Fargo, Morgan Stanley",Financial,0,58.075,New York
11/25/20,1855877D US,Lixte Biotechnology Holdings Inc,5.7,4.75,,1.20E+06,"Westpark Capital Inc, Wallachbeth Capital LLC","Consumer, Non-cyclical",60.2029,, 
11/24/20,SPRQ/U US,Sunlight Financial Holdings In,345,10,3,3.00E+07,"Citi, TD Securities, UBS, Morgan Stanley, Barclays, RBC Capital Markets",Financial,345,7.82609, 
11/24/20,FRX/U US,Beachbody Co Inc/The,300,10,2,2.61E+07,Cantor Fitzgerald,"Consumer, Non-cyclical",300,, 
11/24/20,VCVCU US,10X Capital Venture Acquisition Corp,201.25,10,0.100000002,1.75E+07,Wells Fargo,Diversified,201.25,1.80744, 
11/24/20,AEI US,Alset Inc,15.12,7,-0.285714299,2.16E+06,Aegis Capital Corp,Financial,59.92,17.2286,NASDAQ CM
11/23/20,TINV/U US,Grindr Inc,276,10,1.600000024,2.40E+07,"UBS, Goldman Sachs",Communications,276,, 
11/23/20,SVSVU US,NuScale Power Corp,230,10,0,2.00E+07,"TD Securities, Wells Fargo",Industrial,230,7.82609, 
11/23/20,GNPK/U US,Redwire Corp,163.776,10,0.100000002,1.50E+07,Jefferies,Industrial,163.776,33.3769, 
11/23/20,2608351D US,Breeze Holdings Acquisition Corp,115,10,0.300000012,1.00E+07,I-Bankers Securities Inc,Diversified,115,6.7623, 
11/20/20,SNCE US,Science 37 Holdings Inc,80.09,10,0.449999988,7.50E+06,"Ladenburg Thalmann & Co, Lifesci Capital LLC","Consumer, Non-cyclical",98.84,10.1605, 
11/19/20,MRVI US,Maravai LifeSciences Holdings Inc,1863,27,10.55555534,6.00E+07,"KeyBanc Capital Markets, Stifel, William Blair & Co LLC, Robert W Baird & Co, UBS, BofA Securities, Jefferies, Goldman Sachs, Morgan Stanley","Consumer, Non-cyclical",2440.25,94.8721,NASDAQ GS
11/19/20,SHC US,Sotera Health Co,1232.57,23,9.13043499,4.66E+07,"RBC Capital Markets, Citi, Barclays, Jefferies, Goldman Sachs, UBS, JP Morgan","Consumer, Non-cyclical",6541.71,87.0585,NASDAQ GS
11/19/20,TLS US,Telos Corp,292.641,17,19.35294151,1.50E+07,"B Riley Financial Inc, BMO Capital Markets, Needham Group Inc/The",Technology,1055.45,60.4784,NASDAQ GM
11/19/20,ARBGU US,Aequi Acquisition Corp,230,10,-1.5,2.00E+07,"BofA Securities, RBC Capital Markets",Diversified,230,9.71157, 
11/19/20,CAS/U US,Cascade Acquisition Corp,230,10,0,2.00E+07,"Morgan Stanley, UBS",Diversified,230,, 
11/19/20,OCA/U US,Omnichannel Acquisition Corp,206.5,10,-0.600000024,2.00E+07,Citi,Diversified,206.5,11.0584, 
11/19/20,KWACU US,Kingswood Acquisition Corp,115,10,0.300000012,1.00E+07,Oppenheimer & Co,Financial,115.8,103.752, 
11/18/20,OLMA US,Olema Pharmaceuticals Inc,240.35,19,157.8947296,1.10E+07,"JP Morgan, Jefferies, TD Securities, Canaccord Genuity","Consumer, Non-cyclical",744.224,99.8785,NASDAQ GS
11/18/20,RTPZ/U US,Hippo Holdings Inc,230,10,7,2.00E+07,Morgan Stanley,Financial,230,, 
11/18/20,LNFA/U US,ZeroFox Holdings Inc,172.5,10,0,1.50E+07,Jefferies,Technology,150,0.0123246, 
11/18/20,PHICU US,Population Health Investment Co Inc,172.5,10,0.600000024,1.50E+07,JP Morgan,Diversified,172.5,6.87107, 
11/18/20,JYAC US,Jiya Acquisition Corp,103.52,10,0,1.00E+07,Citi,Diversified,133.52,18.7334, 
11/18/20,CHFW/U US,Surrozen Inc,92,10,-0.400000006,8.00E+06,JP Morgan,"Consumer, Non-cyclical",92,12.4559, 
11/17/20,OTRAU US,OTR Acquisition Corp,104.474,10,-0.5,1.00E+07,Maxim Group LLC,Diversified,100,15.5955, 
11/16/20,CVT US,Cvent Holding Corp,276,10,9.199999809,2.40E+07,"UBS, Morgan Stanley, Citi",Technology,342.8,0.152963, 
11/16/20,ZNTEU US,Eve Holding Inc,230,10,0.200000003,2.00E+07,BTIG LLC,Industrial,230,0.00217391, 
11/16/20,PIPP/U US,Pine Island Acquisition Corp,218.388,10,-0.699999988,2.00E+07,Citi,Diversified,218.388,, 
11/12/20,HAACU US,Health Assurance Acquisition Corp,525,10,2,5.00E+07,Morgan Stanley,Diversified,500,9.36056, 
11/12/20,DMYI/U US,IonQ Inc,300,10,0.600000024,2.75E+07,Goldman Sachs,Technology,0,, 
11/12/20,2596517D US,AEye Inc,230,10,1.200000048,2.00E+07,Cantor Fitzgerald,"Consumer, Cyclical",235,6.53, 
11/12/20,BWACU US,Better World Acquisition Corp,126.186,10,0,1.10E+07,EarlyBirdCapital.com,Diversified,126.186,48.6298, 
11/12/20,IVF US,INVO Fertility Inc,11.6,3.2,27.81249809,3.63E+06,Roth Capital Partners Inc,"Consumer, Non-cyclical",0,12.1871,NASDAQ CM
11/10/20,STIC/U US,BARK Inc,254.35,10,-0.899999976,2.50E+07,Citi,Communications,250,, 
11/10/20,NOACU US,Natural Order Acquisition Corp,230,10,1.100000024,2.00E+07,"Chardan Capital Markets LLC, Barclays",Diversified,230,24.8696, 
11/9/20,TSIAU US,Latch Inc,300,10,0,3.00E+07,"Allen & Co, BofA Securities",Technology,0,15.413, 
11/9/20,ADOCU US,Edoc Acquisition Corp,90,10,1,9.00E+06,I-Bankers Securities Inc,Diversified,0,9.3678, 
11/6/20,DBDRU US,GPGI Inc,231.56,10,-0.100000002,2.20E+07,B Riley Financial Inc,"Consumer, Non-cyclical",231.56,, 
11/3/20,XYBN CN,Xybion Digital Inc,0.76,0.2,19.99999809,5.00E+06,"Canaccord Genuity, Gravitas Securities Inc",Technology,1.3224,, 
10/30/20,CONXU US,Conx Corp,750,10,-0.800000012,7.50E+07,Deutsche Bank,Financial,750,170.622, 
10/29/20,ALGM US,Allegro MicroSystems Inc,402.5,14,26.4285717,2.50E+07,"UBS, Barclays, Wells Fargo, Jefferies, Mizuho Financial, Needham Group Inc/The, Sumitomo Mitsui Financial",Technology,2652.05,84.0817,NASDAQ GS
10/29/20,AVIR US,Atea Pharmaceuticals Inc,345,24,26.41666603,1.25E+07,"JP Morgan, Morgan Stanley, Evercore, William Blair & Co LLC","Consumer, Non-cyclical",1982.81,81.1841,NASDAQ GS
10/29/20,NBA/U US,Airspan Networks Holdings Inc,115,10,-0.100000002,1.00E+07,"Ladenburg Thalmann & Co, EarlyBirdCapital.com",Communications,105,27.9452, 
10/29/20,SQZB US,SQZ Biotechnologies Co,81.1776,16,-17.1875,4.41E+06,"BofA Securities, Evercore, Stifel","Consumer, Non-cyclical",383.555,4.30943,OTC US
10/29/20,BHSEU US,Coeptis Therapeutics Holdings,75,10,-1.200000048,7.50E+06,"Imperial Capital LLC, I-Bankers Securities Inc","Consumer, Non-cyclical",0,38.9055, 
10/29/20,1855893D US,Bonk Inc,6.9998,7.5,,933300,,"Consumer, Non-cyclical",0,, 
10/28/20,LESL US,Leslie's Inc,782,17,27.64705849,4.00E+07,"BofA Securities, Jefferies, Morgan Stanley, Nomura, Goldman Sachs","Consumer, Cyclical",3172.31,64.8464,NASDAQ GS
10/28/20,2594216D US,FiscalNote Holdings Inc,175,10,-1.799999952,1.75E+07,"BofA Securities, BTIG LLC","Consumer, Non-cyclical",175,5.71429, 
10/28/20,BDSX US,Biodesix Inc,72,18,-28.83333397,4.00E+06,"Morgan Stanley, William Blair & Co LLC","Consumer, Non-cyclical",472.574,23.4537,NASDAQ GM
10/27/20,9930825D US,Ajax I,804.991,10,0.699999988,7.50E+07,"Goldman Sachs, JP Morgan, Citi",Diversified,804.991,6.21125, 
10/27/20,ROOT US,Root Inc/OH,724.432,27,0,2.68E+07,"Barclays, Citi, UBS, Deutsche Bank, Evercore, Morgan Stanley, Truist Securities Inc, Wells Fargo, Goldman Sachs",Financial,1618.46,83.1436,NASDAQ GS
10/27/20,BOAC/U US,Bluescape Opportunities Acquisition Corp,607.5,10,-1.5,5.75E+07,"Citi, Barclays",Diversified,575,, 
10/27/20,ACIC/U US,Archer Aviation Inc,500,10,-0.100000002,5.00E+07,Cantor Fitzgerald,Industrial,500,21.6179, 
10/27/20,MAX US,MediaAlpha Inc,202.113,19,67.68421173,9.25E+06,"JP Morgan, Citi, UBS, RBC Capital Markets, Canaccord Genuity, William Blair & Co LLC",Communications,630.906,88.2375,New York
10/27/20,GATO CN,Gatos Silver Inc,172.512,7,-1.537463903,2.14E+07,"Goldman Sachs, RBC Capital Markets, BMO Capital Markets",Basic Materials,0,14.0697, 
10/27/20,GATO US,Gatos Silver Inc,172.512,7,-5.714285851,2.14E+07,"BMO Capital Markets, Goldman Sachs, RBC Capital Markets",Basic Materials,414.282,14.0697, 
10/27/20,MACUU US,Mallard Acquisition Corp,110,10,-0.899999976,1.10E+07,Chardan Capital Markets LLC,Diversified,110,27.1484, 
10/26/20,LUXAU US,Lux Health Tech Acquisition Corp,345,10,0.100000002,3.00E+07,UBS,Diversified,345,, 
10/23/20,EUCRU US,Eucrates Biomedical Acquisition Corp,104.796,10,0,1.00E+07,"Stifel, HC Wainwright & Co",Diversified,128.5,101.066, 
10/22/20,ATAC/U US,Blue Owl Capital Inc,275,10,-1.200000048,2.50E+07,Goldman Sachs,Financial,250,, 
10/22/20,2079474D US,Playstudios Inc,215.25,10,-1,2.00E+07,"Morgan Stanley, JP Morgan, Oppenheimer & Co",Technology,200,2.54355, 
10/22/20,FHTX US,Foghorn Therapeutics Inc,135.229,16,13.25,7.50E+06,"Goldman Sachs, Morgan Stanley, TD Securities","Consumer, Non-cyclical",586.346,75.4163,NASDAQ GM
10/21/20,MCFE US,McAfee Corp,740,20,-6.5,3.70E+07,"BofA Securities, Citi, Deutsche Bank, HSBC, Mizuho Financial, Morgan Stanley, RBC Capital Markets, TPG Partners LP, UBS, Goldman Sachs",Technology,3261.45,, 
10/21/20,XPOA/U US,DPCM Capital Inc,300,10,-0.300000012,3.00E+07,UBS,Technology,300,4.94786, 
10/21/20,CTAC/U US,Cerberus Telecom Acquisition Corp,265.25,10,-0.600000024,2.50E+07,"Deutsche Bank, Morgan Stanley",Diversified,309,5.57814, 
10/21/20,TEKKU US,Tekkorp Digital Acquisition Corp,250,10,-0.699999988,2.50E+07,Jefferies,Diversified,0,, 
10/21/20,RICE/U US,Archaea Energy Inc,237.25,10,-0.300000012,2.15E+07,Barclays,Industrial,237.25,17.1257, 
10/21/20,BLSA US,BCLS Acquisition Corp,143.75,10,1.799999952,1.25E+07,"Jefferies, Goldman Sachs",Diversified,179.5,, 
10/21/20,YSAC/U US,Sky Harbour Group Corp,135.989,10,0,1.25E+07,Wells Fargo,Financial,160.989,5.57723, 
10/21/20,GHLD US,Guild Holdings Co,97.5,15,0,6.50E+06,"Wells Fargo, BofA Securities, JP Morgan, Citizens Financial Group Inc",Financial,295.005,19.9599, 
10/20/20,MSP US,Datto Holding Corp,683.1,27,0.370370358,2.20E+07,"Macquarie, BMO Capital Markets, Evercore, RBC Capital Markets, Jefferies, Citi, UBS, Barclays, BofA Securities, Morgan Stanley",Technology,4342.92,, 
10/20/20,SPNV/U US,Offerpad Solutions Inc,402.5,10,0.600000024,3.50E+07,"JP Morgan, Jefferies",Financial,402.5,, 
10/20/20,HIGA/U US,HIG Acquisition Corp,363.945,10,-0.699999988,3.25E+07,"UBS, BofA Securities, Morgan Stanley",Diversified,363.945,0.00706425, 
10/20/20,LFTRU US,Lefteris Acquisition Corp,207.099,10,-1.200000048,2.00E+07,Morgan Stanley,Diversified,225,15.203, 
10/20/20,SRSAU US,Sarissa Capital Acquisition Corp,200,10,2.299999952,1.75E+07,Cantor Fitzgerald,Diversified,200,, 
10/20/20,GWACU US,Cipher Digital Inc,150,10,-1,1.50E+07,I-Bankers Securities Inc,Financial,152.28,18.9915, 
10/19/20,HZON/U US,Horizon Acquisition Corp II,525,10,0,5.00E+07,"Deutsche Bank, UBS, RBC Capital Markets",Diversified,525,87.6708, 
10/19/20,DCRBU US,Hyzon Motors Inc,225.725,10,-1.200000048,2.00E+07,"UBS, Citi","Consumer, Cyclical",225.725,14.3537, 
10/15/20,PRAX US,Praxis Precision Medicines Inc,218.5,19,46.31578827,1.00E+07,"TD Securities, Evercore, Piper Sandler & Co","Consumer, Non-cyclical",726.744,120.733,NASDAQ GS
10/15/20,2617489D US,Spartacus Acquisition Corp,200,10,0,2.00E+07,B Riley Financial Inc,Technology,200,, 
10/15/20,EAR US,Eargo Inc,162.535,18,87.1111145,7.85E+06,"JP Morgan, BofA Securities","Consumer, Non-cyclical",653.783,6.33683, 
10/15/20,ALGS US,Aligos Therapeutics Inc,150,15,-1,1.00E+07,"JP Morgan, Jefferies, Piper Sandler & Co","Consumer, Non-cyclical",506.967,60.8858,NASDAQ CM
10/15/20,TARS US,Tarsus Pharmaceuticals Inc,101.2,16,28.625,5.50E+06,"Jefferies, BofA Securities, Raymond James & Associates","Consumer, Non-cyclical",321.344,108.808,NASDAQ GS
10/15/20,TMPMU US,Turmeric Acquisition Corp,97.75,10,0.400000006,8.50E+06,"UBS, Citizens Financial Group Inc",Diversified,101.65,, 
10/15/20,KRBPQ US,Kiromic BioPharma Inc,15,12,-4.166666508,1.25E+06,ThinkEquity LLC,"Consumer, Non-cyclical",87.996,0.000150746,OTC US
10/14/20,ARRY US,Array Technologies Inc,1201.75,22,65.6818161,4.75E+07,"Goldman Sachs, JP Morgan, Guggenheim Capital, Morgan Stanley, UBS, Barclays",Energy,2793.87,133.321,NASDAQ GM
10/14/20,MOTNU US,DocGo Inc,115,10,-1.200000048,1.15E+07,Barclays,"Consumer, Non-cyclical",130,13.8465, 
10/14/20,FVAM US,5:01 Acquisition Corp,82.563,10,0,8.00E+06,BofA Securities,Diversified,103.6,4.23512, 
10/13/20,CDAKQ US,Codiak Biosciences Inc,82.5,15,-19.20000076,5.50E+06,"Goldman Sachs, Evercore, William Blair & Co LLC","Consumer, Non-cyclical",278.913,46.3616, 
10/13/20,ZBT AU,Zebit Inc,25.06,1.58,-33.86075974,2.22E+07,Shaw & Partners Ltd,Financial,106.665,10.639, 
10/9/20,EBC US,Eastern Bankshares Inc,1792.88,10,21.5,1.79E+08,Stifel,Financial,0,84.1862,NASDAQ GS
10/9/20,INTZ US,Intrusion Inc,28.52,8,16.375,1.90E+06,B Riley Financial Inc,Technology,139.154,12.8634,NASDAQ CM
10/8/20,IPOF/U US,Social Capital Hedosophia Holdings Corp VI,1150,10,2.5,1.00E+08,UBS,Diversified,1150,, 
10/8/20,IPOE/U US,SoFi Technologies Inc,805,10,5.900000095,7.00E+07,UBS,Financial,805,, 
10/8/20,LCYAU US,Hillman Solutions Corp,500,10,-1.100000024,5.00E+07,Jefferies,Industrial,500,3.0064, 
10/8/20,IPOD/U US,Social Capital Hedosophia Holdings Corp IV,460,10,10.10000038,4.00E+07,UBS,Diversified,460,, 
10/8/20,KRON US,Kronos Bio Inc,287.5,19,42.4736824,1.32E+07,"Goldman Sachs, Jefferies, TD Securities, Piper Sandler & Co","Consumer, Non-cyclical",1067.25,0.256926, 
10/8/20,STTK US,Shattuck Labs Inc,232.302,17,13.82352924,1.19E+07,"Citi, TD Securities, Evercore","Consumer, Non-cyclical",709.653,75.1858,NASDAQ GS
10/8/20,SPRB US,Spruce Biosciences Inc,103.5,15,13.33333302,6.00E+06,"SVB Financial Group, TD Securities, UBS, RBC Capital Markets","Consumer, Non-cyclical",332.454,70.1127,NASDAQ CM
10/8/20,REVBU US,Revelation Biosciences Inc,72.782,10,-0.5,7.00E+06,"Ladenburg Thalmann & Co, Lifesci Capital LLC","Consumer, Non-cyclical",77.782,0.0323185, 
10/7/20,EMPW/U US,Holley Inc,250,10,-1.299999952,2.50E+07,"JP Morgan, Jefferies","Consumer, Cyclical",250,7.62535, 
10/7/20,ELUT US,Elutia Inc,50.0004,17,-14.70588207,2.94E+06,"Piper Sandler & Co, TD Securities","Consumer, Non-cyclical",133.059,49.0467,NASDAQ CM
10/7/20,SQFT US,Presidio Property Trust Inc,2.5,5,-8,,EF Hutton,Financial,47.11,16.9512,NASDAQ CM
10/6/20,PACE/U US,Nerdy Inc,450,10,0.600000024,4.50E+07,"Deutsche Bank, JP Morgan, Barclays",Communications,0,, 
10/6/20,MAACU US,Montes Archimedes Acquisition Corp,410.718,10,-1.600000024,4.00E+07,"Citi, Jefferies",Diversified,410.718,, 
10/6/20,NGACU US,Xos Inc,375,10,-1.299999952,3.50E+07,"UBS, Goldman Sachs","Consumer, Cyclical",375,2.85333, 
10/6/20,TPGY/U US,TPG Pace Beneficial Finance Corp,350,10,0.100000002,3.50E+07,"Deutsche Bank, JP Morgan, Barclays",Diversified,350,, 
10/5/20,FMAC/U US,FirstMark Horizon Acquisition Corp,414,10,0.5,3.60E+07,UBS,Diversified,414,, 
10/2/20,PCSA US,Processa Pharmaceuticals Inc,19.2,4,-1.25,2.15E+06,"Craig-Hallum Capital Group Ltd, Benchmark Co LLC/The","Consumer, Non-cyclical",41.2616,15.9473,NASDAQ CM
10/1/20,APSG/U US,Global Business Travel Group I,816.81,10,-0.300000012,7.50E+07,"Citi, UBS, Goldman Sachs, Apollo Global Management LLC, Deutsche Bank, Siebert Williams Shank & Co LLC","Consumer, Cyclical",816.81,0.00296519, 
10/1/20,VGAC/U US,Chrome Holding Co,508.55,10,-0.899999976,4.80E+07,UBS,"Consumer, Non-cyclical",508.55,0.00238128, 
10/1/20,SEAH/U US,Sports Entertainment Acquisition Corp,450,10,-0.400000006,4.00E+07,"Goldman Sachs, PJT Partners Inc",Diversified,450,, 
10/1/20,ASAQ/U US,Atlantic Avenue Acquisition Co,250,10,-1.399999976,2.50E+07,TD Securities,Diversified,250,0.18, 
10/1/20,ASO US,Academy Sports & Outdoors Inc,226.622,13,-0.07692308,1.56E+07,"Wells Fargo, UBS, Guggenheim Capital, Evercore, BofA Securities, JP Morgan, Kohlberg Kravis Roberts & Co","Consumer, Cyclical",1168.84,121.91,NASDAQ GS
10/1/20,CCCC US,C4 Therapeutics Inc,209.76,19,34.15789413,9.60E+06,"Jefferies, Evercore, BMO Capital Markets, UBS","Consumer, Non-cyclical",816.719,83.8443,NASDAQ GS
10/1/20,ONCR US,Oncorus Inc,87,15,6.666666508,5.80E+06,"Jefferies, Evercore, Piper Sandler & Co","Consumer, Non-cyclical",327.688,31.8509, 
10/1/20,IMNM US,Immunome Inc,44.85,12,12.08333302,3.25E+06,"Ladenburg Thalmann & Co, Chardan Capital Markets LLC","Consumer, Non-cyclical",117.241,104.578,NASDAQ CM
9/30/20,AGCUU US,Altimeter Growth Corp,500,10,21.5,4.50E+07,"Goldman Sachs, Citi, Morgan Stanley",Diversified,500,5.35995, 
9/30/20,QELLU US,Qell Acquisition Corp,349.5,10,1.600000024,3.30E+07,"JP Morgan, Barclays",Diversified,349.5,6.58762, 
9/30/20,2584352D US,IG Acquisition Corp,300,10,0,3.00E+07,Cantor Fitzgerald,Diversified,300,0.00793667, 
9/30/20,LUNG US,Pulmonx Corp,218.5,19,106.8947372,1.00E+07,"Morgan Stanley, BofA Securities","Consumer, Non-cyclical",673.083,79.3972,NASDAQ GS
9/30/20,RCHGU US,Recharge Acquisition Corp,200.4,10,-1,2.00E+07,"EarlyBirdCapital.com, Raymond James & Associates",Diversified,200,0.0118812, 
9/30/20,AVO US,Mission Produce Inc,110.4,12,15,8.00E+06,"BofA Securities, JP Morgan, Citi","Consumer, Non-cyclical",846.611,43.0026,NASDAQ GS
9/29/20,VSPRU US,Beauty Health Co/The,460,10,2.599999905,4.00E+07,"Goldman Sachs, JP Morgan","Consumer, Non-cyclical",460,7.82609, 
9/29/20,FGNA/U US,OppFi Inc,237.75,10,0.100000002,2.25E+07,"Piper Sandler & Co, ThinkEquity LLC",Financial,243.5,, 
9/29/20,CLII/U US,EVgo Inc,230,10,0.5,2.00E+07,"Citi, BofA Securities, Barclays","Consumer, Cyclical",230,0.0311896, 
9/28/20,MHC/U CN,Flagship Communities REIT,107.812,15,2.533333302,6.25E+06,"BMO Capital Markets, Canaccord Genuity",Financial,0,56.9112,Toronto
9/25/20,BCAT US,BlackRock Capital Allocation Term Trust,2000,20,0,1.00E+08,"Oppenheimer & Co, RBC Capital Markets, Ameriprise Financial Inc, Stifel, Wells Fargo, UBS, Morgan Stanley, BofA Securities",Financial,0,21.9058,New York
9/25/20,AMST US,Amesite Inc,15,5,4.400000095,3.00E+06,Laidlaw & Co UK Ltd,Technology,102.115,9.07473,NASDAQ CM
9/24/20,VACQU US,Rocket Lab USA Inc,320,10,0.100000002,3.00E+07,"BofA Securities, Deutsche Bank",Industrial,320,0.707853, 
9/24/20,PMVP US,PMV Pharmaceuticals Inc,243.536,18,108.3888855,1.18E+07,"Goldman Sachs, BofA Securities, TD Securities, Evercore","Consumer, Non-cyclical",805.754,57.9675,NASDAQ GS
9/24/20,FTIVU US,Perella Weinberg Partners,230,10,3.400000095,2.00E+07,"Cantor Fitzgerald, Wells Fargo",Financial,236.1,, 
9/24/20,PRLD US,Prelude Therapeutics Inc,181.902,19,37.89473724,8.33E+06,"Morgan Stanley, Goldman Sachs, BofA Securities","Consumer, Non-cyclical",830.365,45.3764,NASDAQ GS
9/24/20,CALC US,CalciMedica Inc,90,16,3.125,5.63E+06,"SVB Financial Group, Piper Sandler & Co","Consumer, Non-cyclical",321.49,57.1289,NASDAQ CM
9/24/20,GLSI US,Greenwich Lifesciences Inc,7.2502,5.75,-13.04347801,1.26E+06,Aegis Capital Corp,"Consumer, Non-cyclical",68.8286,10.3992,NASDAQ CM
9/23/20,GDRX US,GoodRx Holdings Inc,1313.65,33,53.03030396,3.46E+07,"Evercore, Deutsche Bank, TD Securities, UBS, RBC Capital Markets, Citi, BofA Securities, Barclays, JP Morgan, Goldman Sachs, Morgan Stanley","Consumer, Non-cyclical",1413.65,62.9851,NASDAQ GS
9/23/20,PDAC/U US,Peridot Acquisition Corp,300,10,-0.5,3.00E+07,"UBS, Barclays",Diversified,300,, 
9/23/20,ASPL/U US,Wheels Up Experience Inc,239.746,10,0,2.25E+07,UBS,"Consumer, Cyclical",239.746,0.124669, 
9/23/20,TSHA US,Taysha Gene Therapies Inc,181,20,20.29999924,7.87E+06,"Goldman Sachs, Morgan Stanley, Jefferies","Consumer, Non-cyclical",714.036,102.302,NASDAQ GS
9/22/20,ACTCU US,Proterra Inc,277.5,10,0,2.50E+07,"Citi, Barclays","Consumer, Cyclical",277.5,0.148097, 
9/22/20,BSY US,Bentley Systems Inc,271.942,22,52.22727203,1.08E+07,"Goldman Sachs, BofA Securities, RBC Capital Markets",Technology,5491.93,51.442,NASDAQ GS
9/22/20,CRSR US,Corsair Gaming Inc,257.302,17,-16.1764698,1.40E+07,"Goldman Sachs, Barclays, UBS, Macquarie, TD Securities, Robert W Baird & Co, Stifel",Technology,1561.44,89.3631,NASDAQ GS
9/22/20,VIHAU US,Bakkt Holdings Inc,207.372,10,0,2.00E+07,Jefferies,Financial,207.372,, 
9/22/20,LSF US,Laird Superfood Inc,67.045,22,85.45454407,2.65E+06,"Canaccord Genuity, Craig-Hallum Capital Group Ltd","Consumer, Non-cyclical",193.017,16.8915,NYSEAmerican
9/21/20,FCACU US,Sharecare Inc,345,10,3.599999905,3.00E+07,Goldman Sachs,Technology,345,6.42393, 
9/21/20,PMVCU US,PMV Consumer Acquisition Corp,175,10,-0.699999988,1.75E+07,"UBS, BTIG LLC",Diversified,175,, 
9/18/20,NMMCU US,North Mountain Merger Corp,132.25,10,1.200000048,1.15E+07,Citi,Diversified,132.25,8.6087, 
9/18/20,BIVI US,BioVie Inc,18,10,-0.100000002,5.00E+06,"EF Hutton, ThinkEquity LLC","Consumer, Non-cyclical",138.197,16.2526,NASDAQ CM
9/17/20,U US,Unity Software Inc,1495,52,31.44230843,2.50E+07,"Goldman Sachs, UBS, Barclays, BofA Securities, William Blair & Co LLC",Technology,13890.1,80.2697,New York
9/17/20,AMWL US,American Well Corp,853.301,18,28.16666603,4.12E+07,"Goldman Sachs, Morgan Stanley, Piper Sandler & Co, UBS, TD Securities, Joh Berenberg Gossler & Co KG","Consumer, Non-cyclical",3566.96,43.9724,New York
9/17/20,STWOU US,ESS Tech Inc,250,10,0.200000003,2.50E+07,"Deutsche Bank, TD Securities, Stifel",Industrial,250,0.17932, 
9/17/20,LONA US,LeonaBio Inc,204,17,0.647058845,1.20E+07,"Goldman Sachs, Jefferies, Stifel","Consumer, Non-cyclical",489.848,74.9898,NASDAQ CM
9/17/20,AHACU US,Humacyte Inc,100,10,0,1.00E+07,Oppenheimer & Co,"Consumer, Non-cyclical",103.55,0.00869145, 
9/16/20,RTP/U US,Joby Aviation Inc,690,10,11,6.00E+07,Morgan Stanley,Industrial,690,0.0554041, 
9/16/20,BNL US,Broadstone Net Lease Inc,629,17,-4.117647171,3.35E+07,"JP Morgan, Goldman Sachs, BMO Capital Markets, Morgan Stanley, Capital One Financial, Truist Securities Inc",Financial,0,92.815,New York
9/16/20,PTVE US,Pactiv Evergreen Inc,598.496,14,-21.9285717,4.10E+07,"HSBC, RBC Capital Markets, Robert W Baird & Co, Deutsche Bank, BMO Capital Markets, Goldman Sachs, BofA Securities, UBS, Citi",Industrial,2456.08,0.600346, 
9/16/20,ENPC/U US,Executive Network Partnering Corp,414,25,0.800000012,1.44E+07,Evercore,Diversified,354,2.63008, 
9/16/20,EQD/U US,Equity Distribution Acquisition Corp,414,10,3.400000095,3.60E+07,UBS,Diversified,414,, 
9/16/20,SUMO US,Sumo Logic Inc,374.44,22,22.18181801,1.48E+07,"Morgan Stanley, JP Morgan, Jefferies, RBC Capital Markets",Technology,2220.02,, 
9/16/20,STEP US,StepStone Group Inc,362.25,18,38.88888931,1.75E+07,"JP Morgan, Goldman Sachs, Morgan Stanley, Barclays, UBS",Financial,526.275,110.381,NASDAQ GS
9/16/20,DYN US,Dyne Therapeutics Inc,267.697,19,25.78947449,1.23E+07,"Jefferies, Piper Sandler & Co, Stifel, JP Morgan","Consumer, Non-cyclical",863.035,114.448,NASDAQ GS
9/16/20,OACB/U US,Oaktree Acquisition Corp II,250,10,4,2.25E+07,"Citi, Deutsche Bank",Diversified,250,1.11538, 
9/15/20,SNOW US,Snowflake Inc,3864,120,111.6083298,2.80E+07,"Truist Securities Inc, Mizuho Financial, Deutsche Bank, Barclays, UBS, Citi, Allen & Co, JP Morgan, Morgan Stanley, Goldman Sachs",Technology,4849.04,79.8022,New York
9/15/20,SBG/U US,Owlet Inc,230,10,0.5,2.00E+07,"UBS, Citi","Consumer, Non-cyclical",230,14.3043, 
9/15/20,MTCR US,Metacrine Inc,85.02,13,-9.538461685,6.54E+06,"Jefferies, Evercore, RBC Capital Markets","Consumer, Non-cyclical",336.979,44.7151, 
9/14/20,OM US,Outset Medical Inc,277.933,27,124.7407379,8.95E+06,"Morgan Stanley, BofA Securities, Goldman Sachs","Consumer, Non-cyclical",1142.86,92.7876,NASDAQ GS
9/14/20,SAIIU US,Software Acquisition Group Inc II,172.5,10,0,1.50E+07,B Riley Financial Inc,Diversified,172.5,, 
9/11/20,CRTD US,Creatd Inc,7.7625,4.5,-30.88888931,1.73E+06,Benchmark Co LLC/The,Technology,0,,OTC US
9/10/20,TWCTU US,TWC Tech Holdings II Corp,600,10,0.699999988,5.25E+07,"Citi, Deutsche Bank",Diversified,603.75,0.189302, 
9/10/20,2587272D US,Cyxtera Technologies Inc,404.235,10,0,3.60E+07,"UBS, Stifel, TD Securities",Communications,404.235,0.187317, 
9/10/20,LEAP/U US,Ribbit LEAP Ltd,402.5,10,15.30000019,3.50E+07,JP Morgan,Diversified,402.5,0.0109223, 
9/10/20,SNPR/U US,Volta Inc,345,10,5.099999905,3.00E+07,"Goldman Sachs, Barclays","Consumer, Cyclical",345,, 
9/10/20,PRIUF US,Prime Impact Acquisition I,345,10,0,3.00E+07,"Goldman Sachs, BofA Securities",Diversified,345,120.966, 
9/9/20,NSH/U US,Spire Global Inc,230,10,0.100000002,2.00E+07,UBS,"Consumer, Non-cyclical",230,, 
9/8/20,CRHUF US,Cohn Robbins Holdings Corp,828,10,0.100000002,7.20E+07,UBS,Diversified,828,1.22074, 
9/8/20,ITACU US,Industrial Tech Acquisitions Inc,76.236,10,-0.300000012,7.50E+06,Maxim Group LLC,Diversified,76.236,, 
9/3/20,TWND/U US,Nuburu Inc,300,10,0,3.00E+07,Jefferies,Industrial,300,, 
9/3/20,TNGX US,Tango Therapeutics Inc,166.75,10,2.299999952,1.45E+07,SVB Financial Group,"Consumer, Non-cyclical",207.9,123.969,NASDAQ GM
9/3/20,CAPAU US,Quantum-Si Inc,115,10,1.5,1.00E+07,Cantor Fitzgerald,"Consumer, Non-cyclical",118.75,, 
9/2/20,2257873D US,MetroMile Inc,230,10,2.599999905,2.00E+07,Cantor Fitzgerald,Financial,230,, 
9/1/20,CMLFU US,GeneDx Holdings Corp,442.75,10,2.5,3.85E+07,Jefferies,"Consumer, Non-cyclical",442.75,6.54598, 
8/31/20,AUVI US,Applied UV Inc,5,5,132,1.00E+06,Network 1 Financial,Technology,31.9655,,OTC US
8/28/20,HCDIQ US,Harbor Custom Development Inc,12.1902,6,25,1.77E+06,ThinkEquity LLC,Financial,33.768,6.53652, 
8/27/20,NDMO US,Nuveen Dynamic Municipal Opportunities Fund,780,15,0.933333337,5.20E+07,"Nuveen Investments Inc, Morgan Stanley, BofA Securities, UBS, Wells Fargo",Financial,0,16.5758,New York
8/27/20,CFIIU US,View Inc,500,10,-0.600000024,5.00E+07,Cantor Fitzgerald,Industrial,511,, 
8/26/20,BTAQU US,Burgundy Technology Acquisition Corp,345,10,-0.200000003,3.00E+07,Mizuho Financial,Diversified,455,6.79916, 
8/25/20,FTOCU US,FTAC Olympus Acquisition Corp,754.744,10,-0.699999988,7.50E+07,"Citi, Cantor Fitzgerald",Diversified,771.7,8.46456, 
8/20/20,HZAC/U US,Horizon Acquisition Corp,543.984,10,0,5.00E+07,"UBS, Deutsche Bank, RBC Capital Markets",Diversified,543.984,28.4935, 
8/20/20,CLA/U US,Ouster Inc,200,10,-0.800000012,2.00E+07,BTIG LLC,Technology,200,12.4995, 
8/20/20,FST/U US,Fast Acquisition Corp,200,10,-0.699999988,2.00E+07,"UBS, Citi",Diversified,200,, 
8/20/20,KYMR US,Kymera Therapeutics Inc,199.75,20,66.30000305,8.68E+06,"Morgan Stanley, BofA Securities, TD Securities, Guggenheim Capital","Consumer, Non-cyclical",890.59,110.32,NASDAQ GM
8/18/20,BFT/U US,Foley Trasimene Acquisition Corp II,1467,10,0,1.30E+08,"UBS, BofA Securities",Diversified,1300,0.0117462, 
8/18/20,FIIIU US,Electric Last Mile Solutions I,250,10,0,2.50E+07,Jefferies,"Consumer, Cyclical",257.413,, 
8/18/20,HRMY US,Harmony Biosciences Holdings Inc,147.626,24,54.20833206,5.35E+06,"Goldman Sachs, Jefferies, Piper Sandler & Co","Consumer, Non-cyclical",1547.53,100.209,NASDAQ GM
8/18/20,2450449D US,Inhibrx Inc,136.85,17,21.35294151,7.00E+06,"Jefferies, Evercore, UBS","Consumer, Non-cyclical",641.067,22.3588, 
8/17/20,STPK/U US,Stem Inc,383.585,10,0,3.50E+07,"Goldman Sachs, UBS",Energy,383.585,0.0158984, 
8/17/20,NGA/U US,Northern Genesis Acquisition Corp,300,10,0,3.00E+07,"EarlyBirdCapital.com, Raymond James & Associates",Diversified,300,, 
8/17/20,AONE/U US,Markforged Holding Corp,215,10,1,2.00E+07,Goldman Sachs,Technology,200,0.855818, 
8/14/20,FLUX US,Flux Power Holdings Inc,12.3972,4,5,2.70E+06,"National Securities Corp, Roth Capital Partners Inc",Energy,45.6792,36.8044,NASDAQ CM
8/13/20,DGNR/U US,CCC Intelligent Solutions Hold,690,10,6.800000191,6.00E+07,"Goldman Sachs, Citi, JP Morgan",Technology,600,0.0144928, 
8/13/20,DCT US,Duck Creek Technologies Inc,465.75,27,48.14814758,1.50E+07,"JP Morgan, Goldman Sachs, BofA Securities, Barclays, RBC Capital Markets",Technology,3528.58,, 
8/13/20,DMYD/U US,dMY Technology Group Inc II,276,10,1,2.40E+07,Goldman Sachs,Diversified,276,, 
8/13/20,NTST US,NETSTREIT Corp,250.862,18,-1.388888836,1.25E+07,"Jefferies, Wells Fargo, Stifel, Citi, BofA Securities",Financial,463.219,135.638,New York
8/13/20,LCAPU US,MSP Recovery Inc,230,10,-0.300000012,2.00E+07,"Nomura, Cantor Fitzgerald",Financial,236.5,, 
8/12/20,RBAC/U US,RedBall Acquisition Corp,575,10,1,5.00E+07,Goldman Sachs,Diversified,575,, 
8/12/20,IRON US,Disc Medicine Inc,120.75,10,3,1.05E+07,Jefferies,"Consumer, Non-cyclical",151.1,107.978,NASDAQ GM
8/11/20,FAII/U US,ATI Physical Therapy Inc,345,10,1.700000048,3.00E+07,"Deutsche Bank, Morgan Stanley, BofA Securities","Consumer, Non-cyclical",345,, 
8/11/20,KBNT US,Kubient Inc,14.375,5,-17,2.50E+06,"Joseph Gunnar & Co, Maxim Group LLC",Technology,0,19.5296,OTC US
8/7/20,VMACU US,Vistas Media Acquisition Co Inc,100,10,-0.5,1.00E+07,I-Bankers Securities Inc,Communications,102.95,, 
8/6/20,NAUT US,Nautilus Biotechnology Inc,149.5,10,4.400000095,1.30E+07,"Goldman Sachs, Jefferies","Consumer, Non-cyclical",186.6,36.771,NASDAQ CM
8/6/20,IBEX US,IBEX Holdings Ltd,90.4761,19,-18.94736862,4.76E+06,"Piper Sandler & Co, RBC Capital Markets, Robert W Baird & Co, Truist Securities Inc, Citi",Technology,332.895,96.4484,NASDAQ GM
8/6/20,CMPI US,Checkmate Pharmaceuticals Inc,76.6485,15,-6.666666508,5.00E+06,"BofA Securities, Jefferies, BMO Capital Markets, BTIG LLC","Consumer, Non-cyclical",332.8,9.78269, 
8/6/20,OLB US,OLB Group Inc/The,7.245,9,-35.55555725,700000,Aegis Capital Corp,Communications,56.1519,2.33261,NASDAQ CM
8/5/20,RKT US,Rocket Cos Inc,2070,18,19.5,1.00E+08,"UBS, Citi, BofA Securities, Barclays, Allen & Co, RBC Capital Markets, JP Morgan, Goldman Sachs, Morgan Stanley",Financial,2076.71,88.9051,New York
8/5/20,GRSVU US,Gores Holdings V Inc,525,10,0.800000012,4.75E+07,"Deutsche Bank, Morgan Stanley",Diversified,525,, 
8/5/20,OSH US,Oak Street Health Inc,377.345,21,90.47618866,1.56E+07,"JP Morgan, Goldman Sachs, Morgan Stanley, William Blair & Co LLC, Piper Sandler & Co","Consumer, Non-cyclical",5058.27,, 
8/5/20,AFIB US,Acutus Medical Inc,182.646,18,47.22222137,8.82E+06,"JP Morgan, BofA Securities, William Blair & Co LLC","Consumer, Non-cyclical",469.931,17.708,OTC US
8/4/20,RXT US,Rackspace Technology Inc,703.5,21,-21.95238113,3.35E+07,"HSBC, Barclays, BMO Capital Markets, UBS, Deutsche Bank, Evercore, RBC Capital Markets, JP Morgan, Citi, Goldman Sachs",Technology,4285.73,72.3385,NASDAQ GS
8/4/20,GOAC/U US,GO Acquisition Corp,575,10,0,5.00E+07,"UBS, Citi, Morgan Stanley",Diversified,575,, 
8/4/20,BOWXU US,WeWork Inc,483,10,0.300000012,4.20E+07,UBS,Financial,483,0.00726294, 
8/4/20,YAC/U US,Yucaipa Acquisition Corp,345,10,0.100000002,3.00E+07,Citi,Diversified,300,3.74812, 
8/4/20,HOLUU US,Astra Space Inc,300,10,0.100000002,2.75E+07,"Deutsche Bank, BofA Securities",Industrial,300,, 
8/4/20,CMRC US,Commerce.com Inc,248.94,24,201.125,9.02E+06,"Morgan Stanley, Barclays, Jefferies, KeyBanc Capital Markets",Technology,1483.69,70.2122,NASDAQ GM
8/4/20,OBIO US,Orchestra BioMed Holdings Inc,160,10,14,1.39E+07,"Chardan Capital Markets LLC, Barclays","Consumer, Non-cyclical",199.283,63.5111,NASDAQ GM
7/30/20,CCIV/U US,Lucid Group Inc,2070,10,0,1.80E+08,"Citi, Goldman Sachs, JP Morgan","Consumer, Cyclical",2070,, 
7/30/20,PRPB/U US,CC Neuberger Principal Holdings II,828,10,0.699999988,7.20E+07,"UBS, Citi, Morgan Stanley",Communications,828,, 
7/30/20,ETACU US,E.Merge Technology Acquisition Corp,600,10,0,5.22E+07,"Cantor Fitzgerald, Mizuho Financial",Diversified,600,, 
7/30/20,KLRS US,Kalaris Therapeutics Inc,317.688,17,49.35293961,1.63E+07,"JP Morgan, Morgan Stanley, SVB Financial Group, Piper Sandler & Co","Consumer, Non-cyclical",1081.32,81.2461,NASDAQ GM
7/30/20,VITL US,Vital Farms Inc,235.391,22,60.27272797,9.30E+06,"Morgan Stanley, Goldman Sachs, UBS","Consumer, Non-cyclical",861.868,111.034,NASDAQ GM
7/30/20,EVLVU US,Evolv Technologies Holdings In,172.5,10,-0.899999976,1.50E+07,Stifel,Industrial,172.5,, 
7/30/20,FTHM US,Fathom Holdings Inc,34.3,10,0.300000012,3.43E+06,Roth Capital Partners Inc,Financial,132.232,19.0789,NASDAQ CM
7/30/20,POLCQ US,Polished.com Inc,10.0008,9,-1.111111164,1.11E+06,ThinkEquity LLC,"Consumer, Cyclical",52.7508,4.73357,OTC US
7/29/20,ASGI US,abrdn Global Infrastructure Income Fund,177,20,-5.25,8.85E+06,"Oppenheimer & Co, RBC Capital Markets, Stifel, Wells Fargo, UBS",Financial,0,26.8145,New York
7/28/20,VERX US,Vertex Inc,462.128,19,25.94736862,2.12E+07,"Morgan Stanley, Goldman Sachs, BofA Securities, Citi, Jefferies",Technology,482.917,114.193,NASDAQ GM
7/27/20,ACEVU US,Tempo Automation Holdings Inc,230,10,2.400000095,2.00E+07,Cantor Fitzgerald,Industrial,200,, 
7/23/20,ACND/U US,MarketWise Inc,414,10,3.099999905,3.60E+07,UBS,"Consumer, Non-cyclical",414,, 
7/23/20,ERESU US,Abacus Global Management Inc,345,10,0,3.00E+07,Wells Fargo,Financial,300,, 
7/23/20,ANNX US,Annexon Inc,288.362,17,4.470588207,1.48E+07,"JP Morgan, BofA Securities, TD Securities","Consumer, Non-cyclical",611.51,94.9466,NASDAQ GS
7/23/20,ITOS US,iTeos Therapeutics Inc,229.742,19,0.263157904,1.06E+07,"JP Morgan, SVB Financial Group, Piper Sandler & Co","Consumer, Non-cyclical",663.864,35.4548, 
7/23/20,NRIX US,Nurix Therapeutics Inc,209,19,0.052631579,1.10E+07,"JP Morgan, Piper Sandler & Co, Stifel","Consumer, Non-cyclical",703.722,112.451,NASDAQ GM
7/23/20,INZY US,Inozyme Pharma Inc,128.8,16,9.625,7.00E+06,"BofA Securities, TD Securities, Piper Sandler & Co","Consumer, Non-cyclical",365.838,6.49689, 
7/22/20,PSTH/U US,Pershing Square Tontine Holdings Ltd,4000,20,6.5,2.00E+08,"UBS, Jefferies, Citi",Diversified,4000,, 
7/22/20,MEG US,Montrose Environmental Group Inc,172.5,15,46.66666794,1.00E+07,"William Blair & Co LLC, BofA Securities, BNP Paribas, Capital One Financial, Stifel",Industrial,327.48,103.472,New York
7/21/20,JAMF US,Jamf Holding Corp,538.2,26,50.76922989,1.80E+07,"HSBC, Mizuho Financial, RBC Capital Markets, BofA Securities, Barclays, JP Morgan, Goldman Sachs",Technology,3025.41,64.0047, 
7/21/20,PSACU US,Faraday Future Intelligent Ele,230,10,0.300000012,2.00E+07,EarlyBirdCapital.com,"Consumer, Cyclical",235.35,, 
7/20/20,NAC/V CN,NextPoint Financial Inc,147.78,10,32.20722198,2.00E+07,Canaccord Genuity,Financial,147.78,, 
7/16/20,CELL US,Bruker Cellular Analysis Inc,204.93,22,197.5,8.10E+06,"JP Morgan, Morgan Stanley, TD Securities","Consumer, Non-cyclical",1356.17,, 
7/16/20,ALXO US,ALX Oncology Holdings Inc,185.725,19,57.89473724,8.50E+06,"Jefferies, UBS, Piper Sandler & Co, Cantor Fitzgerald","Consumer, Non-cyclical",683.745,41.8435,NASDAQ GS
7/16/20,PAND US,Pandion Therapeutics Inc,152.896,18,0.555555582,7.50E+06,"Morgan Stanley, Goldman Sachs, SVB Financial Group, BMO Capital Markets","Consumer, Non-cyclical",531.36,, 
7/16/20,DFHTU US,CareMax Inc,143.75,10,6.300000191,1.25E+07,"Deutsche Bank, UBS","Consumer, Non-cyclical",143.75,, 
7/16/20,RNLXY US,Renalytix PLC,84.9393,13.5,0,5.49E+06,"Stifel, JP Morgan","Consumer, Non-cyclical",0,5.56196,OTC US
7/15/20,RLAY US,Relay Therapeutics Inc,460,20,75.25,2.00E+07,"Goldman Sachs, JP Morgan, TD Securities, Guggenheim Capital","Consumer, Non-cyclical",1797.51,106.412,NASDAQ GM
7/15/20,HPX/U US,HPX Corp,253,10,1.700000048,2.20E+07,UBS,Diversified,220,, 
7/15/20,TIG US,Trean Insurance Group Inc,178.821,15,3.400000095,1.07E+07,"JP Morgan, William Blair & Co LLC, Evercore",Financial,767.144,6.92842, 
7/14/20,GOCO US,GoHealth Inc,913.5,21,-7.333333492,4.35E+07,"Goldman Sachs, BofA Securities, Morgan Stanley, Barclays, UBS, Evercore, RBC Capital Markets, William Blair & Co LLC",Financial,1767.84,69.853,NASDAQ CM
7/14/20,DEH/U US,Vicarious Surgical Inc,345,10,0.300000012,3.00E+07,UBS,"Consumer, Non-cyclical",345,, 
7/13/20,AACQU US,Origin Materials Inc,724.5,10,3.5,6.30E+07,"UBS, Goldman Sachs",Basic Materials,724.5,, 
7/13/20,NCNO US,nCino Inc,249.86,31,195.4516144,8.06E+06,"Barclays, KeyBanc Capital Markets, Macquarie, Piper Sandler & Co, Raymond James & Associates, Truist Securities Inc, BofA Securities",Technology,0,124.376,NASDAQ GS
7/13/20,PTK/U US,PTK Acquisition Corp,115,10,1.100000024,1.00E+07,Chardan Capital Markets LLC,Diversified,115,, 
7/10/20,NKTX US,Nkarta Inc,289.8,18,166.1111145,1.40E+07,"TD Securities, Evercore, Stifel, Mizuho Financial","Consumer, Non-cyclical",585.495,80.1229,NASDAQ GS
7/9/20,PSTX US,Poseida Therapeutics Inc,224,16,-4.0625,1.40E+07,"BofA Securities, Piper Sandler & Co, William Blair & Co LLC","Consumer, Non-cyclical",989.054,0.272816, 
7/8/20,PNT US,Point Biopharma Global Inc,135.7,10,20.20000076,1.18E+07,Jefferies,"Consumer, Non-cyclical",169.56,7.40687, 
7/2/20,AURA33 BZ,Aura Minerals Inc,162.749,820,-6.121951103,963600,"Banco Itau BBA, Banco Safra SA, UBS, XP Investimentos CCTVM SA",Basic Materials,0,110.07,B3 Day
7/1/20,LMND US,Lemonade Inc,366.85,29,139.3448334,1.10E+07,"Goldman Sachs, Morgan Stanley, Allen & Co, Barclays",Financial,1639.84,64.8366,New York
7/1/20,CPSR/U US,Gelesis Holdings Inc,276,10,2.200000048,2.40E+07,"UBS, Citi, BTIG LLC","Consumer, Non-cyclical",276,, 
7/1/20,ACCD US,Accolade Inc,253.574,22,35,1.00E+07,"Goldman Sachs, Morgan Stanley, BofA Securities, Piper Sandler & Co, UBS, William Blair & Co LLC","Consumer, Non-cyclical",1073.35,18.9097, 
6/30/20,DNB US,Dun & Bradstreet Holdings Inc,1981.05,22,15.22727299,7.83E+07,"BMO Capital Markets, TD Securities, Truist Securities Inc, Deutsche Bank, UBS, HSBC, Jefferies, RBC Capital Markets, Wells Fargo, Citi, Barclays, JP Morgan, BofA Securities, Goldman Sachs","Consumer, Non-cyclical",9306.03,10.2498, 
6/30/20,PANA/U US,Nuvation Bio Inc,143.75,10,13,1.25E+07,TD Securities,"Consumer, Non-cyclical",148.25,, 
6/30/20,ADTX US,Aditxt Inc,11.0403,9,-43.77777863,1.23E+06,Dawson James Securities,"Consumer, Non-cyclical",46.5525,0.8134,NASDAQ CM
6/29/20,GSAH/U US,Mirion Technologies Inc,750,10,5.099999905,7.00E+07,"Goldman Sachs, Citi",Industrial,750,0.0177773, 
6/26/20,DYFN US,Angel Oak Dynamic Financial Strategies Income Term Trust,85,20,-1.75,4.25E+06,"Stifel, Oppenheimer & Co, RBC Capital Markets, Wells Fargo, UBS",Financial,0,0.123305, 
6/25/20,ACI US,Albertsons Cos Inc,800,16,-3.4375,5.00E+07,"Deutsche Bank, Barclays, Wells Fargo, Morgan Stanley, UBS, Citi, BofA Securities, JP Morgan, Goldman Sachs","Consumer, Non-cyclical",7664.43,97.3138,New York
6/25/20,FTHY US,First Trust High Yield Opportunities 2027 Term Fund,665,20,0,3.33E+07,Morgan Stanley,Financial,0,44.2532,New York
6/25/20,FUSE/U US,Moneylion Inc,350,10,1.600000024,3.05E+07,Cantor Fitzgerald,"Consumer, Non-cyclical",350,0.0392857, 
6/25/20,AKUS US,Akouos Inc,244.375,17,29.41176414,1.25E+07,"BofA Securities, TD Securities, Piper Sandler & Co","Consumer, Non-cyclical",552.189,41.4365, 
6/25/20,1861474D US,QuantumScape Corp,230,10,0.5,2.00E+07,"UBS, Stifel","Consumer, Cyclical",230,0.521739, 
6/25/20,950200 KS,Psomagen Inc,38.1889,11000,37.27272797,4.20E+06,Shinhan Financial Group,"Consumer, Non-cyclical",154.185,2.60E-05,KOSDAQ
6/23/20,BRLIU US,T3 Defense Inc,46,10,0.5,4.00E+06,EarlyBirdCapital.com,Industrial,0,, 
6/19/20,BIORQ US,Biora Therapeutics Inc,100.001,15,-12.53333378,6.67E+06,"Wells Fargo, Piper Sandler & Co","Consumer, Non-cyclical",677.457,56.8979,OTC US
6/18/20,FMTX US,Forma Therapeutics Holdings Inc,319.296,20,95,1.39E+07,"Jefferies, SVB Financial Group, UBS","Consumer, Non-cyclical",771.59,20.3987, 
6/18/20,VRME US,VerifyMe Inc,10.2299,4.6,-15.21738911,2.17E+06,"Joseph Gunnar & Co, Maxim Group LLC",Technology,0,9.53146,NASDAQ CM
6/18/20,CIMG US,CIMG Inc,7.245,9,2.222222328,4.00E+06,Benchmark Co LLC/The,"Consumer, Non-cyclical",129.862,0.0970152,OTC US
6/16/20,TREB/U US,System1 Inc,517.5,10,3.400000095,4.50E+07,"UBS, BofA Securities",Technology,517.5,0.115942, 
6/15/20,RPRX US,Royalty Pharma PLC,2501.35,28,58.92856979,7.77E+07,"BofA Securities, Citi, TD Securities, Evercore, Goldman Sachs, Morgan Stanley, Truist Securities Inc, UBS, JP Morgan","Consumer, Non-cyclical",10141.8,97.4687,NASDAQ GS
6/11/20,AZEK US,AZEK Co Inc/The,879.463,23,18.04347801,3.33E+07,"RBC Capital Markets, Deutsche Bank, UBS, Citi, Jefferies, Goldman Sachs, Barclays, BofA Securities",Industrial,2668.7,0.729306, 
6/11/20,RNAM US,Avidity Biosciences Inc,298.08,18,58.33333206,1.44E+07,"SVB Financial Group, TD Securities, UBS, Wells Fargo","Consumer, Non-cyclical",675.194,95.9104, 
6/11/20,PCVX US,Vaxcyte Inc,287.501,16,63.4375,1.56E+07,"BofA Securities, Jefferies, Evercore","Consumer, Non-cyclical",811.672,111.371,NASDAQ GS
6/11/20,GBIO US,Generation Bio Co,229.999,19,29.94736862,1.05E+07,"JP Morgan, Jefferies, TD Securities","Consumer, Non-cyclical",838.054,52.024, 
6/10/20,LTRN US,Lantern Pharma Inc,26.25,15,-0.333333343,1.75E+06,ThinkEquity LLC,"Consumer, Non-cyclical",93.264,20.7547,NASDAQ CM
6/9/20,HECCU US,Talkspace Inc,414,10,2.5,3.60E+07,"Citi, JP Morgan",Technology,414,1.04884, 
6/8/20,VRMMQ US,Vroom Inc,537.625,22,117.727272,2.13E+07,"Goldman Sachs, BofA Securities, Allen & Co, Wells Fargo",Financial,2675.47,, 
6/5/20,LEGN US,Legend Biotech Corp,487.342,23,60.86956406,1.84E+07,"JP Morgan, Morgan Stanley, Jefferies","Consumer, Non-cyclical",487.342,63.007,NASDAQ GS
6/4/20,GTM US,ZoomInfo Technologies Inc,1074.68,21,61.90476227,4.45E+07,"Wells Fargo, UBS, RBC Capital Markets, Deutsche Bank, BofA Securities, Barclays, JP Morgan, Morgan Stanley",Technology,1092.49,105.899,NASDAQ GS
6/4/20,FOUR US,Shift4 Payments Inc,396.75,23,45.82608795,1.50E+07,"Evercore, RBC Capital Markets, Morgan Stanley, BofA Securities, Citi, Goldman Sachs, UBS","Consumer, Non-cyclical",536.475,105.248,New York
6/4/20,AMTI US,Applied Molecular Transport Inc,177.1,14,28.4285717,1.10E+07,"BofA Securities, Jefferies, SVB Financial Group","Consumer, Non-cyclical",453.608,10.0975, 
6/4/20,ARYBU US,Cerevel Therapeutics Holdings,149.5,10,7.900000095,1.30E+07,"Goldman Sachs, Jefferies","Consumer, Non-cyclical",134.6,0.208495, 
6/4/20,2041013D US,Playboy Inc,57.498,10,0.400000006,5.00E+06,Chardan Capital Markets LLC,"Consumer, Cyclical",60.713,8.75021, 
6/3/20,WMG US,Warner Music Group Corp,2213.75,25,20.47999954,7.70E+07,"Morgan Stanley, Goldman Sachs, UBS, BofA Securities, Citi, JP Morgan","Consumer, Cyclical",2213.75,111.683,NASDAQ GS
6/2/20,PLRX US,Pliant Therapeutics Inc,165.6,16,33.125,9.00E+06,"Citi, TD Securities, Piper Sandler & Co","Consumer, Non-cyclical",547.221,76.4597,NASDAQ GS
5/26/20,WPF/U US,Foley Trasimene Acquisition Corp,1035,10,1.799999952,9.00E+07,"BofA Securities, UBS",Diversified,0,0.173016, 
5/21/20,NARI US,Inari Medical Inc,179.227,19,123.7368393,8.20E+06,"Morgan Stanley, BofA Securities","Consumer, Non-cyclical",0,0.573911, 
5/20/20,SLQT US,Selectquote Inc,655.5,20,35,2.85E+07,"Morgan Stanley, UBS, Evercore, RBC Capital Markets, Barclays, Citi, Jefferies",Financial,3236.34,56.9166,New York
5/20/20,LGVW/U US,Butterfly Network Inc,404,10,0,3.60E+07,"UBS, TD Securities","Consumer, Non-cyclical",404,0.157935, 
5/20/20,WINT US,Windtree Therapeutics Inc,22.9999,7.25,-2.758620739,2.76E+06,Ladenburg Thalmann & Co,"Consumer, Non-cyclical",122.306,,OTC US
5/19/20,BMRG/U US,Eos Energy Enterprises Inc,175,10,0,1.75E+07,B Riley Financial Inc,Energy,0,0.0562524, 
5/14/20,NOVSU US,AppHarvest Inc,100,10,-0.5,1.00E+07,EarlyBirdCapital.com,"Consumer, Non-cyclical",100,0.0403478, 
5/13/20,JWS/U US,Cano Health Inc,690,10,2.5,6.00E+07,"UBS, Citi, Morgan Stanley","Consumer, Non-cyclical",690,0.113805, 
5/13/20,GIK/U US,Lightning eMotors Inc,200,10,-0.899999976,2.00E+07,"Nomura, Oppenheimer & Co","Consumer, Cyclical",208.935,0.0451851, 
5/5/20,LOAK/U US,Danimer Scientific Inc,200,10,-1.200000048,2.00E+07,Jefferies,Basic Materials,200,12.5, 
5/5/20,GAN US,GAN Ltd,62.3645,8.5,55.88235474,6.38E+06,B Riley Financial Inc,"Consumer, Cyclical",245.998,1.05607, 
5/4/20,ROCHU US,Purecycle Technologies Holding,76.5,10,-0.600000024,7.50E+06,"Craig-Hallum Capital Group Ltd, Roth Capital Partners Inc",Industrial,0,, 
5/1/20,DCTH US,Delcath Systems Inc,22,10,-23.39999962,2.20E+06,Roth Capital Partners Inc,"Consumer, Non-cyclical",22.728,53.3624,NASDAQ CM
4/30/20,CGROU US,Collective Growth Corp,150,10,-0.400000006,1.50E+07,Cantor Fitzgerald,Diversified,152.625,, 
4/30/20,LYRA US,Lyra Therapeutics Inc,64.4,16,16,3.50E+06,"BofA Securities, Jefferies, William Blair & Co LLC","Consumer, Non-cyclical",206.794,20.3061,OTC US
4/29/20,FVAC/U US,MP Materials Corp,345,10,0.600000024,3.00E+07,"Deutsche Bank, Morgan Stanley, RBC Capital Markets",Basic Materials,345,0.0591328, 
4/27/20,IPOB/U US,Opendoor Technologies Inc,414,10,1.200000048,3.60E+07,UBS,Communications,414,0.0679179, 
4/23/20,PCPL/U US,E2open Parent Holdings Inc,414,10,0.600000024,3.60E+07,"BofA Securities, Goldman Sachs, UBS",Technology,414,, 
4/23/20,ORIC US,ORIC Pharmaceuticals Inc,138,16,61.0625,7.50E+06,"JP Morgan, Citi, Jefferies, Guggenheim Capital","Consumer, Non-cyclical",478.678,120.053,NASDAQ GS
4/23/20,CHAQ/U US,Renovacor Inc,86.226,10,-0.200000003,8.50E+06,Chardan Capital Markets LLC,"Consumer, Non-cyclical",106.25,, 
4/21/20,IPOC/U US,Clover Health Investments Corp,828,10,0.699999988,7.20E+07,UBS,"Consumer, Non-cyclical",828,0.0416242, 
4/7/20,KROS US,Keros Therapeutics Inc,110.4,16,25.5,6.00E+06,"Jefferies, SVB Financial Group, Piper Sandler & Co","Consumer, Non-cyclical",321.43,106.778,NASDAQ GM
4/2/20,ZNTL US,Zentalis Pharmaceuticals Inc,190.026,18,28.88888931,9.18E+06,"Morgan Stanley, Jefferies, SVB Financial Group, Guggenheim Capital","Consumer, Non-cyclical",645.813,86.9699,NASDAQ GM
3/26/20,RFM US,RiverNorth Flexible Municipal Income Fund Inc,110,20,0,5.50E+06,"Stifel, RBC Capital Markets, UBS, Wells Fargo",Financial,0,19.008,New York
3/11/20,ELVN US,Enliven Therapeutics Inc,86.48,16,-6.25,4.70E+06,"Morgan Stanley, Citi, SVB Financial Group","Consumer, Non-cyclical",276.488,101.305,NASDAQ GS
3/10/20,DFPHU US,Oncology Institute Inc/The,230,10,2,2.00E+07,"Deutsche Bank, Jefferies, UBS","Consumer, Non-cyclical",230,0.0851826, 
3/5/20,FEAC/U US,Skillz Inc,690,10,4,6.00E+07,"Goldman Sachs, Deutsche Bank",Technology,690,0.0396333, 
3/5/20,VINCU US,Vincerx Pharma Inc,65.638,10,2.5,6.00E+06,Chardan Capital Markets LLC,"Consumer, Non-cyclical",75,, 
2/27/20,PASG US,Passage Bio Inc,248.4,18,23.33333397,1.20E+07,"Goldman Sachs, JP Morgan, TD Securities","Consumer, Non-cyclical",824.369,49.9307,NASDAQ CM
2/26/20,DLY US,DoubleLine Yield Opportunities Fund,920,20,1.200000048,4.60E+07,"RBC Capital Markets, Stifel, BofA Securities, Wells Fargo, UBS, Morgan Stanley",Financial,0,29.4407,New York
2/25/20,UHU SP,United Hampshire US REIT,310.264,0.8,-20.00000191,3.88E+08,"UBS, HSBC, United Overseas Bank, UOB-Kay Hian Holdings Ltd",Financial,394.622,20.7028,Singapore
2/20/20,DMYT/U US,Rush Street Interactive Inc,230,10,3.400000095,2.00E+07,"Goldman Sachs, UBS","Consumer, Cyclical",230,, 
2/19/20,ESSCU US,East Stone Acquisition Corp,138,10,0.100000002,1.20E+07,I-Bankers Securities Inc,Diversified,172.4,0.099048, 
2/13/20,CCXX/U US,Claritev Corp,1100,10,5.099999905,1.00E+08,"Goldman Sachs, Citi",Technology,1100,7.27273, 
2/13/20,SDOT US,Sadot Group Inc,7.7,5,-22.79999924,1.54E+06,Alexander Capital LP,"Consumer, Non-cyclical",15.975,4.05786,NASDAQ CM
2/13/20,SCNX US,Scienture Holdings Inc,5.995,6.5,0,806500,"Colliers Securities, Dawson James Securities","Consumer, Non-cyclical",48.501,7.85068,NASDAQ CM
2/12/20,RVMD US,REVOLUTION Medicines Inc,273.7,17,70,1.40E+07,"JP Morgan, TD Securities, SVB Financial Group, Guggenheim Capital","Consumer, Non-cyclical",1003.04,106.666,NASDAQ GS
2/12/20,DUOT US,Duos Technologies Group Inc,9.2532,6,16.66666603,1.35E+06,ThinkEquity LLC,Technology,19.9896,26.1099,NASDAQ CM
2/11/20,GNRUQ US,Greenrose Holding Co Inc/The,172.5,10,0.699999988,1.50E+07,Imperial Capital LLC,"Consumer, Non-cyclical",175.5,0.0538312,OTC US
2/10/20,CCAC/U US,Quanergy Systems Inc,276,10,2,2.40E+07,UBS,Technology,240,0.0596123, 
2/7/20,PFHD US,Professional Holding Corp,57.35,18.5,5.675675869,3.10E+06,"Stephens Inc, Stifel",Diversified,151.983,15.8262, 
2/6/20,NREF US,Nexpoint Real Estate Finance Inc,101.65,19,-1.052631617,5.00E+06,"Raymond James & Associates, Stifel, Robert W Baird & Co",Financial,101.65,69.984,New York
2/6/20,ONEW US,OneWater Marine Inc,63.6924,12,26.16666603,4.62E+06,"Raymond James & Associates, Robert W Baird & Co, Truist Securities Inc","Consumer, Cyclical",73.0548,88.6098,NASDAQ GM
2/5/20,PPD US,PPD Inc,1863,27,11.11111069,6.00E+07,"Citi, Mizuho Financial, Deutsche Bank, Evercore, HSBC, BofA Securities, UBS, Jefferies, Goldman Sachs, JP Morgan, Morgan Stanley, Barclays","Consumer, Non-cyclical",9407.48,, 
2/5/20,SDGR US,Schrodinger Inc/United States,232.302,17,68.47058868,1.19E+07,"Morgan Stanley, BofA Securities, Jefferies, BMO Capital Markets",Technology,851.112,111.203,NASDAQ GS
2/5/20,BEAM US,Beam Therapeutics Inc,206.999,17,10.29411793,1.06E+07,"JP Morgan, Jefferies, Barclays","Consumer, Non-cyclical",871.272,107.756,NASDAQ GS
2/5/20,CEREu CN,Ceres Acquisition Corp,120,10,0,1.20E+07,Canaccord Genuity,Diversified,0,, 
2/5/20,CSPR US,Casper Sleep Inc,100.2,12,12.5,8.35E+06,"Goldman Sachs, Morgan Stanley, Jefferies, BofA Securities, UBS, Citi, Piper Sandler & Co, Guggenheim Capital","Consumer, Cyclical",476.075,, 
2/3/20,IPV/U US,Aeva Technologies Inc,241.5,10,1,2.10E+07,EarlyBirdCapital.com,"Consumer, Cyclical",215.55,0.0531307, 
1/30/20,REYN US,Reynolds Consumer Products Inc,1410.38,26,9.807692528,4.72E+07,"HSBC, RBC Capital Markets, Evercore, Citi, Barclays, JP Morgan, Goldman Sachs, UBS","Consumer, Non-cyclical",5452.23,33.7377,NASDAQ GS
1/30/20,ONEM US,1Life Healthcare Inc,281.75,14,57.6428566,1.75E+07,"Morgan Stanley, JP Morgan",Technology,1750.5,12.4368, 
1/30/20,ARQT US,Arcutis Biotherapeutics Inc,183.282,17,28.23529434,9.38E+06,"Goldman Sachs, TD Securities, Guggenheim Capital","Consumer, Non-cyclical",646.564,108.436,NASDAQ GS
1/29/20,BMEZ US,BlackRock Health Sciences Term Trust,2250,20,0.200000003,1.05E+08,"Wells Fargo, Raymond James & Associates, UBS, Morgan Stanley, BofA Securities",Financial,0,20.9082,New York
1/29/20,BDTX US,Black Diamond Therapeutics Inc,231.31,19,107.7894745,1.06E+07,"JP Morgan, Jefferies, TD Securities","Consumer, Non-cyclical",682.303,88.9636,NASDAQ GS
1/28/20,ANVS US,Annovis Bio Inc,13.8,6,59.83333206,2.00E+06,ThinkEquity LLC,"Consumer, Non-cyclical",40.9092,19.2142,New York
1/23/20,GHIVU US,UWM Holdings Corp,425,10,4.5,4.00E+07,"Deutsche Bank, Morgan Stanley",Financial,425,0.0490965, 
1/23/20,SCVXU US,SCVX Corp,230,10,3.200000048,2.00E+07,UBS,Diversified,230,0.0730913, 
1/16/20,VEL US,Velocity Financial Inc,94.25,13,3.923076868,7.25E+06,"Wells Fargo, Citi, Citizens Financial Group Inc",Financial,247,97.1892,New York
1/14/20,BSBK US,Bogota Financial Corp,56.577,10,15.89999962,5.66E+06,Sandler O'Neill & Partners,Financial,131.753,73.6624,NASDAQ CM
12/18/19,MNPR US,Monopar Therapeutics Inc,10.2224,8,231.25,1.11E+06,JonesTrading Institutional Services LLC,"Consumer, Non-cyclical",84.7016,90.4227,NASDAQ CM
12/12/19,CIICU US,CIIG Merger Corp,258.75,10,1.799999952,2.25E+07,"UBS, Barclays",Diversified,258.75,, 
12/12/19,HCCOU US,Access Telecare Holdings Inc,250,10,3,2.20E+07,Cantor Fitzgerald,"Consumer, Non-cyclical",256.4,18.2879, 
12/12/19,SVXu CN,Subversive Acquisition LP,225,10,0.100000002,2.00E+07,Canaccord Genuity,Diversified,0,10.4923, 
12/12/19,SPT US,Sprout Social Inc,160.703,17,-2.352941275,8.82E+06,"Goldman Sachs, Morgan Stanley, KeyBanc Capital Markets, William Blair & Co LLC",Technology,0,100.878,NASDAQ CM
12/11/19,BILL US,BILL Holdings Inc,248.534,22,61.36363602,9.82E+06,"Goldman Sachs, BofA Securities, Jefferies, KeyBanc Capital Markets",Technology,1562.61,112.061,New York
12/10/19,LIVKU US,AgileThought Inc,80.5,10,0.100000002,7.00E+06,EarlyBirdCapital.com,Technology,80.5,0.13513, 
12/5/19,LMPX US,LMP Automotive Holdings Inc,13.225,5,7.199999809,2.30E+06,ThinkEquity LLC,"Consumer, Cyclical",43.233,,OTC US
11/26/19,CPZ US,Calamos Long/Short Equity & Dynamic Income Trust,365,20,-0.100000002,1.83E+07,"RBC Capital Markets, Wells Fargo, Morgan Stanley, UBS",Financial,0,33.2261,NASDAQ GS
11/21/19,CHPMU US,CHP Merger Corp,300,10,0.5,2.75E+07,"UBS, JP Morgan, Morgan Stanley",Diversified,275,7.9, 
11/21/19,2635424D US,Porch Group Inc,172.5,10,1.100000024,1.50E+07,Cantor Fitzgerald,Technology,172.5,5.7971, 
11/21/19,PINE US,Alpine Income Property Trust Inc,142.5,19,0,7.50E+06,"Raymond James & Associates, Robert W Baird & Co, B Riley Financial Inc, BMO Capital Markets",Financial,149.777,60.6716,New York
11/20/19,LME AU,Limeade Inc,67.9501,1.85,-1.29E-06,5.41E+07,"Macquarie, Moelis & Co",Technology,307.736,24.03, 
11/20/19,SITM US,SiTime Corp,64.285,13,43.46154022,4.30E+06,"Barclays, Stifel",Technology,194.285,94.8954,NASDAQ GM
11/19/19,SAQNU US,CuriosityStream Inc,149.5,10,0.699999988,1.30E+07,B Riley Financial Inc,Communications,149.5,, 
11/19/19,AMHCU US,Jasper Therapeutics Inc,100,10,0,1.00E+07,"BMO Capital Markets, SVB Financial Group","Consumer, Non-cyclical",100,0.06577, 
11/18/19,GRNVU US,Micromobility.com Inc,57.5,10,0.300000012,5.00E+06,I-Bankers Securities Inc,"Consumer, Non-cyclical",50,, 
11/13/19,YAYO US,Evmo Inc,10.5,4,-11.25,2.63E+06,"Westpark Capital Inc, Aegis Capital Corp",Communications,117.712,14.0247,OTC US
11/11/19,ETNB US,89bio Inc,97.6064,16,30,5.30E+06,"BofA Securities, SVB Financial Group, RBC Capital Markets","Consumer, Non-cyclical",220.624,12.3815, 
11/7/19,JIH/U US,Juniper Industrial Holdings Inc,345,10,0.050000001,3.00E+07,UBS,Industrial,345,0.000513043, 
11/7/19,SRACU US,Momentus Inc,172.5,10,0.5,1.50E+07,Cantor Fitzgerald,Industrial,177.5,0.010087, 
11/7/19,DFNS/U US,IronNet Inc,172.5,10,0.400000006,1.50E+07,Jefferies,Technology,172.5,8.4058, 
11/7/19,TELA US,Tela Bio Inc,52,13,2.692307711,4.00E+06,"Piper Sandler & Co, Jefferies","Consumer, Non-cyclical",143.088,76.9337,NASDAQ GM
11/7/19,CNSP US,CNS Pharmaceuticals Inc,9.7752,4,14.25,2.13E+06,Benchmark Co LLC/The,"Consumer, Non-cyclical",64.1232,17.8804,NASDAQ CM
11/6/19,GRTX US,Galera Therapeutics Inc,65.3484,12,0,5.00E+06,"BofA Securities, Citi, UBS","Consumer, Non-cyclical",297.694,21.8266,OTC US
11/6/19,SICP US,Silvergate Capital Corp,45.9996,12,4.333333492,3.33E+06,"Stifel, Barclays, Sandler O'Neill & Partners, Compass Point Research & Trading LLC",Financial,213.221,5.59895,OTC US
11/4/19,MCMJU US,Leafly Holdings Inc,120,10,0,1.20E+07,EarlyBirdCapital.com,"Consumer, Non-cyclical",120,20.268, 
10/31/19,SFTW/U US,BlackSky Technology Inc,316.25,10,0,2.75E+07,UBS,Communications,316.25,5.13106, 
10/31/19,FSRVU US,Katapult Holdings Inc,250,10,0.5,2.20E+07,"Cantor Fitzgerald, Barclays","Consumer, Non-cyclical",256.65,, 
10/30/19,OYST US,Oyster Point Pharma Inc,92,16,17.375,5.00E+06,"JP Morgan, TD Securities, Piper Sandler & Co","Consumer, Non-cyclical",341.797,5.44837, 
10/30/19,RAPT US,RAPT Therapeutics Inc,38.7288,12,8.333333015,3.00E+06,"Wells Fargo, BMO Capital Markets, UBS","Consumer, Non-cyclical",258.088,118.009, 
10/29/19,AIO US,Virtus Artificial Intelligence & Technology Opportunities Fund,686.362,20,0,3.08E+07,"UBS, Wells Fargo, Morgan Stanley, BofA Securities",Financial,0,18.6744,New York
10/25/19,CABA US,Cabaletta Bio Inc,80.0305,11,-9.090909004,6.80E+06,"Morgan Stanley, TD Securities, Evercore","Consumer, Non-cyclical",253.312,90.866,NASDAQ GS
10/24/19,PHAT US,Phathom Pharmaceuticals Inc,208.956,19,29.47368431,9.56E+06,"Goldman Sachs, Jefferies, Evercore","Consumer, Non-cyclical",550.66,80.8736,NASDAQ GS
10/24/19,PGNY US,Progyny Inc,149.5,13,22.61538506,1.00E+07,"JP Morgan, BofA Securities, Goldman Sachs, Citi","Consumer, Non-cyclical",1068.27,117.345,NASDAQ GS
10/24/19,TFFP US,TFF Pharmaceuticals Inc,22,5,1.399999976,4.40E+06,National Securities Corp,"Consumer, Non-cyclical",89.127,9.26208, 
10/23/19,BWIN US,Baldwin Insurance Group Inc/Th,229.6,14,16.9285717,1.64E+07,"JP Morgan, BofA Securities, Jefferies, Wells Fargo",Financial,229.6,101.561,NASDAQ GS
10/17/19,LATNU US,Union Acquisition Corp II,200,10,1,1.75E+07,Cantor Fitzgerald,Diversified,200,, 
10/17/19,GLEO/U US,Shapeways Holdings Inc,138,10,0.400000006,1.20E+07,EarlyBirdCapital.com,Technology,0,, 
10/16/19,1998018D US,Bellring Intermediate Holdings,552,14,17.8571434,3.43E+07,"Wells Fargo, Truist Securities Inc, Stifel, Evercore, UBS, BofA Securities, BMO Capital Markets, Barclays, Goldman Sachs, JP Morgan, Citi, Morgan Stanley","Consumer, Non-cyclical",552,0.000164576, 
10/11/19,DCSI CN,Direct Communication Solutions Inc,2.0148,2,-3,1.33E+06,Industrial Alliance Insurance & Financial,Technology,20.5875,,Canadian Sec
10/10/19,HBT US,HBT Financial Inc,150.877,16,-2.875,8.30E+06,"JP Morgan, Stifel",Financial,421.24,21.1063,NASDAQ GS
10/10/19,VIR US,Vir Biotechnology Inc,142.858,20,-29.89999962,7.14E+06,"JP Morgan, Goldman Sachs, TD Securities, Barclays","Consumer, Non-cyclical",2187.94,68.869,NASDAQ GS
10/2/19,VIE US,Viela Bio Inc,172.615,19,23.21052551,7.90E+06,"Goldman Sachs, Morgan Stanley, TD Securities","Consumer, Non-cyclical",966.201,5.07393, 
10/2/19,APRE US,Aprea Therapeutics Inc,97.7505,15,36.66666794,5.67E+06,"JP Morgan, Morgan Stanley, RBC Capital Markets","Consumer, Non-cyclical",310.897,21.9463,NASDAQ CM
10/2/19,KRRO US,Korro Bio Inc,88.55,14,-2.142857075,6.00E+06,"Goldman Sachs, JP Morgan, TD Securities","Consumer, Non-cyclical",426.36,66.5075,NASDAQ CM
10/2/19,MCBS US,Metrocity Bankshares Inc,29.2073,13.5,-100,1.94E+06,"Stifel, Raymond James & Associates",Financial,344.654,23.1462,NASDAQ GS
9/25/19,PTON US,Peloton Interactive Inc,1334,29,-11.17241383,4.00E+07,"TD Securities, UBS, Barclays, BofA Securities, Goldman Sachs, JP Morgan","Consumer, Cyclical",1260,92.9499,NASDAQ GS
9/25/19,OPRT US,Oportun Financial Corp,107.812,15,7.800000191,6.25E+06,"JP Morgan, Barclays, Jefferies, Stifel",Financial,403.398,91.631,NASDAQ GS
9/18/19,DDOG US,Datadog Inc,745.2,27,39.07407379,2.40E+07,"RBC Capital Markets, Jefferies, Barclays, UBS, JP Morgan, Goldman Sachs, Morgan Stanley",Technology,745.2,92.5866,NASDAQ GS
9/18/19,PING US,Ping Identity Holding Corp,215.625,15,34.06666565,1.25E+07,"Wells Fargo, Deutsche Bank, UBS, Barclays, Citi, RBC Capital Markets, BofA Securities, Goldman Sachs",Technology,1192.75,5.01305, 
9/18/19,XGN US,Exagen Inc,57.96,14,32.7142868,3.60E+06,"TD Securities, Cantor Fitzgerald, William Blair & Co LLC","Consumer, Non-cyclical",168.487,73.6849,NASDAQ GM
9/17/19,NMCO US,Nuveen Municipal Credit Opportunities Fund,705,15,1.933333278,4.70E+07,"Nuveen Investments Inc, Wells Fargo, UBS, Morgan Stanley",Financial,0,18.9343,New York
9/17/19,NVST US,Envista Holdings Corp,677.23,22,27.04545403,2.68E+07,"JP Morgan, Goldman Sachs, Morgan Stanley, Evercore, Jefferies, Robert W Baird & Co","Consumer, Non-cyclical",3490.33,118.502,New York
9/17/19,IGMS US,IGM Biosciences Inc,201.25,16,51.875,1.09E+07,"Jefferies, Piper Sandler & Co, Stifel, Guggenheim Capital","Consumer, Non-cyclical",488.52,9.15912, 
9/16/19,2588009D US,AvePoint Inc,350,10,1.5,3.05E+07,Cantor Fitzgerald,Technology,358.1,0.0245462, 
9/12/19,NET US,Cloudflare Inc,603.75,15,20,3.50E+07,"RBC Capital Markets, Wells Fargo, Jefferies, JP Morgan, Morgan Stanley, Goldman Sachs",Technology,1299.16,105.663,New York
9/12/19,EXPCU US,Strata Critical Medical Inc,275,10,0.100000002,2.50E+07,"Deutsche Bank, Citi, JP Morgan","Consumer, Non-cyclical",275,3.64E-06, 
9/12/19,SWTX US,SpringWorks Therapeutics Inc,186.3,18,25.72222137,9.00E+06,"Goldman Sachs, JP Morgan, TD Securities","Consumer, Non-cyclical",778.194,2.0069, 
9/12/19,STSA US,Satsuma Pharmaceuticals Inc,82.5,15,12.66666698,5.50E+06,"SVB Financial Group, UBS, Evercore","Consumer, Non-cyclical",249.083,, 
9/12/19,ALRS US,Alerus Financial Corp,60.06,21,4.761904716,2.86E+06,"Raymond James & Associates, Davidson & Co",Financial,350.198,67.1738,NASDAQ CM
9/11/19,SDCCQ US,SmileDirectClub Inc,1346.35,23,-27.52173996,5.85E+07,"JP Morgan, Citi, BofA Securities, Jefferies, UBS","Consumer, Non-cyclical",0,0.00746357,OTC US
9/11/19,TXG US,10X Genomics Inc,448.5,39,35.25640869,1.00E+07,"Goldman Sachs, JP Morgan, BofA Securities, TD Securities","Consumer, Non-cyclical",764.221,117.158,NASDAQ GS
9/10/19,NPAUU US,AST SpaceMobile Inc,230,10,0.400000006,2.00E+07,BTIG LLC,Communications,230,, 
8/14/19,CFB US,CrossFirst Bankshares Inc,101.668,14.5,0.689655185,7.01E+06,"Stifel, Raymond James & Associates, Stephens Inc",Financial,741.205,19.598, 
8/13/19,HONE US,HarborOne Bancorp Inc,310.368,10,5.825999737,3.10E+07,Sandler O'Neill & Partners,Financial,0,17.3693, 
8/8/19,INDI US,indie Semiconductor Inc,345,10,-2,3.00E+07,,"Consumer, Cyclical",345,110.468,NASDAQ CM
8/8/19,VERY US,Vericity Inc,201.25,10,20,2.01E+07,Raymond James & Associates,Financial,0,, 
8/7/19,SSPKU US,WM Technology Inc,250,10,0,2.50E+07,UBS,Technology,250,, 
8/7/19,IMR AU,Imricor Medical Systems Inc,8.7893,0.83,74.69879913,1.57E+07,Moelis & Co,"Consumer, Non-cyclical",52.1503,,ASE
8/2/19,ORSNU US,Orisun Acquisition Corp,44.4,10,0,4.00E+06,Chardan Capital Markets LLC,Diversified,0,, 
8/2/19,BCDA US,BioCardia Inc,10.0002,6,-16.66666603,1.67E+06,Maxim Group LLC,"Consumer, Non-cyclical",0,19.6812,NASDAQ CM
7/31/19,DT US,Dynatrace Inc,655.218,16,49.0625,3.56E+07,"UBS, Jefferies, Barclays, RBC Capital Markets, Citi, JP Morgan, Goldman Sachs",Technology,4486.58,104.25,New York
7/31/19,NFINU US,Netfin Acquisition Corp,253,10,0.200000003,2.20E+07,B Riley Financial Inc,Diversified,259.15,7.62269, 
7/31/19,KRUS US,Kura Sushi USA Inc,46.69,14,40.07143021,2.90E+06,"BMO Capital Markets, Stephens Inc","Consumer, Cyclical",102.69,83.5517,NASDAQ GM
7/25/19,RMM US,RiverNorth Managed Duration Municipal Income Fund Inc,365,20,-0.050000001,1.83E+07,"Stifel, RBC Capital Markets, Wells Fargo, UBS",Financial,0,,New York
7/25/19,SBE/U US,ChargePoint Holdings Inc,314.118,10,0,3.00E+07,"Goldman Sachs, Citi, UBS",Industrial,314.118,0.00272676, 
7/24/19,LVGO US,Livongo Health Inc,408.523,28,36.07143021,1.27E+07,"Morgan Stanley, Goldman Sachs, JP Morgan","Consumer, Non-cyclical",2599.06,6.92603, 
7/24/19,HCAT US,Health Catalyst Inc,209.3,26,50.65384674,7.00E+06,"JP Morgan, Goldman Sachs, William Blair & Co LLC",Technology,939.333,83.3616,NASDAQ GS
7/24/19,NOVAQ US,Sunnova Energy International Inc,168,12,-6.25,1.40E+07,"BofA Securities, JP Morgan, Goldman Sachs, UBS",Energy,997.387,19.9195, 
7/24/19,PROS US,Coaction Global Inc,126.5,14,21.9285717,7.86E+06,"Goldman Sachs, Barclays, BofA Securities",Financial,601.987,, 
7/24/19,CSTL US,Castle Biosciences Inc,73.6,16,33.75,4.00E+06,"SVB Financial Group, Robert W Baird & Co","Consumer, Non-cyclical",266.384,94.2741,NASDAQ GM
7/23/19,EIC US,Eagle Point Income Co Inc,27.0922,19.89,-1.709398746,1.20E+06,"National Securities Corp, B Riley Financial Inc",Financial,119.704,42.2853,New York
7/18/19,MDLA US,Medallia Inc,374.325,21,76.42857361,1.55E+07,"BofA Securities, Citi, Wells Fargo, UBS",Technology,2611.12,, 
7/17/19,1901329D US,Advantage Solutions Inc,450,10,2.299999952,4.00E+07,"Goldman Sachs, Deutsche Bank",Communications,450,19.4264, 
7/17/19,BC/V CN,Vintage Wine Estates Inc,360,10,0.100000002,3.50E+07,"Citi, Canaccord Genuity","Consumer, Non-cyclical",360,6.77203, 
7/17/19,AMK US,AssetMark Financial Holdings Inc,316.25,22,22.90909004,1.25E+07,"JP Morgan, Goldman Sachs, UBS, Huatai Securities",Financial,1592.8,, 
7/17/19,OAC/U US,Hims & Hers Health Inc,201.25,10,1.299999952,1.75E+07,"Deutsche Bank, UBS",Communications,201.25,0.0478559, 
7/17/19,PHR US,Phreesia Inc,192.265,18,39.33333206,9.29E+06,"JP Morgan, Wells Fargo, William Blair & Co LLC, Allen & Co, Piper Sandler & Co",Technology,639.122,117.181,New York
7/17/19,OBDC US,Blue Owl Capital Corp,175.95,15.3,1.241828799,1.00E+07,"Raymond James & Associates, Morgan Stanley, Stifel, Citizens Financial Group Inc, UBS, Societe Generale, Deutsche Bank, Truist Securities Inc, RBC Capital Markets, Wells Fargo, Goldman Sachs, BofA Securities",Financial,5893.45,52.8781,New York
7/17/19,PBFS US,Pioneer Bancorp Inc/NY,111.704,10,47.5,1.12E+07,Sandler O'Neill & Partners,Financial,225.893,79.9939,NASDAQ CM
7/17/19,MIRM US,Mirum Pharmaceuticals Inc,75,15,-11.9333334,5.00E+06,"Citi, Evercore, Guggenheim Capital","Consumer, Non-cyclical",345.237,102.616,NASDAQ GM
7/17/19,FULC US,Fulcrum Therapeutics Inc,72,16,-15.625,4.50E+06,"Morgan Stanley, BofA Securities, SVB Financial Group","Consumer, Non-cyclical",373.44,113.955,NASDAQ GM
7/16/19,9990119D US,First Seacoast Bancorp,24.383,10,-2.5,2.44E+06,Stifel,Financial,60.835,, 
7/11/19,PIC/U US,Spruce Power Holding Corp,230,10,1.100000024,2.00E+07,"Cantor Fitzgerald, BTIG LLC",Energy,230,9.32688, 
7/11/19,THCAU US,Tuscan Holdings Corp II,172.5,10,0.400000006,1.50E+07,EarlyBirdCapital.com,Diversified,172.5,61.3266, 
7/1/19,RMBI US,Richmond Mutual BanCorp Inc,130.266,10,36.5,1.30E+07,Stifel,Financial,0,36.4451,NASDAQ CM
6/27/19,REAL US,RealReal Inc/The,345,20,44.5,1.50E+07,"UBS, BofA Securities, KeyBanc Capital Markets, Stifel",Communications,1699.01,101.699,NASDAQ GS
6/27/19,KRTX US,Karuna Therapeutics Inc,102.637,16,25.125,5.58E+06,"Goldman Sachs, Citi, Wells Fargo","Consumer, Non-cyclical",355.354,44.9333, 
6/26/19,CCX/U US,Skillsoft Corp,690,10,1.399999976,6.00E+07,Citi,Technology,690,7.24638, 
6/26/19,CHNG US,Change Healthcare Inc,640.714,13,15.38461494,4.29E+07,"RBC Capital Markets, Morgan Stanley, Deutsche Bank, UBS, Citi, BofA Securities, Barclays, JP Morgan, Goldman Sachs",Technology,1621.89,5.75269, 
6/26/19,BBIO US,Bridgebio Pharma Inc,399.5,17,62.05882263,2.05E+07,"JP Morgan, Goldman Sachs, Jefferies, Kohlberg Kravis Roberts & Co, SVB Financial Group, BMO Capital Markets, Mizuho Financial, Piper Sandler & Co, Raymond James & Associates","Consumer, Non-cyclical",2099.5,101.452,NASDAQ GS
6/26/19,ADPT US,Adaptive Biotechnologies Corp,345,20,101.5,1.50E+07,"JP Morgan, Goldman Sachs, BofA Securities, TD Securities, Guggenheim Capital, William Blair & Co LLC, BTIG LLC","Consumer, Non-cyclical",2464.48,102.097,NASDAQ GS
6/26/19,MORF US,Morphic Holding Inc,103.5,15,20,6.00E+06,"Jefferies, TD Securities, BMO Capital Markets, Wells Fargo","Consumer, Non-cyclical",457.446,15.3649, 
6/25/19,BSTZ US,BlackRock Science and Technology Term Trust,1500,20,0.100000002,7.00E+07,"Wells Fargo, Raymond James & Associates, UBS, BofA Securities, Morgan Stanley",Financial,0,29.065,New York
6/25/19,CMBMF US,Cambium Networks Corp,69.6,12,-19.16666603,5.80E+06,"Goldman Sachs, JP Morgan, Deutsche Bank",Communications,307.267,60.3524,OTC US
6/24/19,SZL AU,Sezzle Inc,30.3475,1.22,80.3278656,3.57E+07,Ord Minnett Ltd,"Consumer, Non-cyclical",168.857,, 
6/19/19,SVCu/U CN,Gold Flora Corp,575,10,-0.100000002,5.00E+07,Canaccord Genuity,"Consumer, Non-cyclical",575,, 
6/19/19,GO US,Grocery Outlet Holding Corp,434.843,22,29.59090996,1.72E+07,"TD Securities, UBS, Guggenheim Capital, Goldman Sachs, Barclays, Jefferies, Deutsche Bank, BofA Securities, Morgan Stanley","Consumer, Non-cyclical",1885.48,123.744,NASDAQ GS
6/19/19,SMMCU US,BTRS Holdings Inc,250,10,0,2.25E+07,Citi,Technology,250,0.022124, 
6/19/19,PSNL US,Personalis Inc,154.865,17,67.58823395,7.92E+06,"BofA Securities, Morgan Stanley, TD Securities","Consumer, Non-cyclical",525.97,64.8331,NASDAQ GM
6/19/19,PRVL US,Prevail Therapeutics Inc,125.001,17,-20,7.35E+06,"Morgan Stanley, BofA Securities, TD Securities","Consumer, Non-cyclical",577.951,, 
6/19/19,BCEL US,Atreca Inc,124.95,17,6.176470757,7.35E+06,"TD Securities, Evercore, Stifel","Consumer, Non-cyclical",354.455,11.3945, 
6/19/19,AKRO US,Akero Therapeutics Inc,105.8,16,14.5,5.75E+06,"JP Morgan, Jefferies, Evercore","Consumer, Non-cyclical",446.522,9.95831, 
6/18/19,STOK US,Stoke Therapeutics Inc,163.346,18,42.05555725,7.89E+06,"JP Morgan, TD Securities, UBS","Consumer, Non-cyclical",587.603,116.66,NASDAQ GS
6/13/19,CHWY US,Chewy Inc,1023,22,59.04545593,4.65E+07,"Wells Fargo, UBS, RBC Capital Markets, Jefferies, BC Partners, Barclays, BofA Securities, Allen & Co, JP Morgan, Morgan Stanley",Communications,1023,97.899,New York
6/12/19,ATER US,Aterian Inc,36,10,0,3.60E+06,"Roth Capital Partners Inc, AGP / Alliance Global Partners Corp","Consumer, Cyclical",175.408,4.90308,NASDAQ CM
6/11/19,CRWD US,Crowdstrike Holdings Inc,703.8,34,70.58823395,1.80E+07,"Truist Securities Inc, Piper Sandler & Co, Macquarie, HSBC, Stifel, RBC Capital Markets, Jefferies, UBS, BofA Securities, Barclays, JP Morgan, Goldman Sachs",Technology,703.8,76.7634,NASDAQ GS
6/6/19,1866284D US,Haymaker Acquisition Corp II,400,10,1,,Cantor Fitzgerald,Diversified,400,0.00281564, 
6/6/19,RVLV US,Revolve Group Inc,243.529,18,88.8888855,1.18E+07,"Morgan Stanley, UBS, BofA Securities, Barclays, Jefferies",Communications,219.706,122.924,New York
6/6/19,GIX/U US,UpHealth Inc,172.5,10,0.200000003,1.50E+07,"Northland Securities Group LLC, EarlyBirdCapital.com","Consumer, Non-cyclical",177.425,, 
5/29/19,2615875D US,Lion Group North America Corp,115,10,0.400000006,1.00E+07,I-Bankers Securities Inc,Diversified,125.8,, 
5/28/19,FINS US,Angel Oak Financial Strategies Income Term Trust,215,20,0,1.08E+07,"Stifel, Oppenheimer & Co, RBC Capital Markets, Wells Fargo, UBS",Financial,0,66.9639,New York
5/23/19,1521 HK,Frontage Holdings Corp,204.603,3.2,4.687498569,5.02E+08,"CITIC Securities, Goldman Sachs, Haitong Securities, BofA Securities","Consumer, Non-cyclical",818.475,28.5107,Hong Kong
5/22/19,RTLR US,Rattler Midstream LP,764.75,17.5,9.942856789,3.80E+07,"Wells Fargo, Goldman Sachs, Citi, Barclays, JP Morgan, BofA Securities, UBS",Energy,764.75,8.02763, 
5/22/19,IDYA US,Ideaya Biosciences Inc,57.5,10,11.89999962,5.00E+06,"JP Morgan, Citi, Jefferies","Consumer, Non-cyclical",202.287,120.48,NASDAQ GS
5/20/19,GXGXU US,Celularity Inc,287.5,10,0.600000024,2.50E+07,Cantor Fitzgerald,"Consumer, Non-cyclical",287.5,, 
5/17/19,EAGLEHT SP,Eagle Hospitality Trust,565.834,0.78,-6.410253048,7.25E+08,"BofA Securities, BNP Paribas, DBS Group, Deutsche Bank, Jefferies, UBS",Financial,676.953,9.3093,Singapore
5/16/19,AVTR US,Avantor Inc,3332.7,14,3.571428537,2.07E+08,"Piper Sandler & Co, RBC Capital Markets, Citi, TD Securities, UBS, Morgan Stanley, Guggenheim Capital, Evercore, Deutsche Bank, BofA Securities, Barclays, Jefferies, JP Morgan, Goldman Sachs","Consumer, Non-cyclical",8349.46,109.344,New York
5/16/19,FSLY US,Fastly Inc,207,16,49.9375,1.13E+07,"BofA Securities, Citi, UBS",Technology,207,78.3842,NASDAQ GS
5/15/19,PSTL US,Postal Realty Trust Inc,76.5,17,0,4.50E+06,"Stifel, Janney Montgomery Scott LLC, BMO Capital Markets, Height Securities LLC",Financial,89.8552,72.9343,New York
5/13/19,APLT US,Applied Therapeutics Inc,40,10,-6,4.00E+06,"Citi, TD Securities, UBS","Consumer, Non-cyclical",170.522,52.8205, 
5/10/19,DEACU US,Diamond Eagle Acquisition Corp,400,10,0.300000012,3.50E+07,"Goldman Sachs, Deutsche Bank","Consumer, Cyclical",400,5, 
5/9/19,UBER US,Uber Technologies Inc,8100,45,-7.622222424,1.80E+08,"Morgan Stanley, Goldman Sachs, BofA Securities, Barclays, Citi, Allen & Co, RBC Capital Markets, Deutsche Bank, Truist Securities Inc, HSBC",Communications,75713.4,93.5234,New York
5/9/19,IMVTU US,Immunovant Inc,115,10,2.599999905,1.00E+07,"Chardan Capital Markets LLC, UBS","Consumer, Non-cyclical",115,5.41011, 
5/9/19,SONM US,DNA X Inc,45.1781,11,-0.090909094,3.57E+06,"Oppenheimer & Co, Lake Street Capital Markets LLC",Communications,220.168,29.0137,NASDAQ CM
5/8/19,MEC US,Mayville Engineering Co Inc,106.25,17,-3.117647171,6.25E+06,"Citi, Robert W Baird & Co, Jefferies, UBS, William Blair & Co LLC",Industrial,334.789,76.2007,New York
5/8/19,QNCX US,Quince Therapeutics Inc,86.2546,17,93.47058868,4.41E+06,"BofA Securities, UBS","Consumer, Non-cyclical",453.477,52.7092,NASDAQ GS
5/8/19,NXTC US,NextCure Inc,86.25,15,32.66666794,5.00E+06,"Morgan Stanley, BofA Securities, Piper Sandler & Co","Consumer, Non-cyclical",340.281,63.8748,NASDAQ GS
5/8/19,AXLA US,Axcella Health Inc,71.428,20,-31,3.57E+06,"JP Morgan, Goldman Sachs, SVB Financial Group","Consumer, Non-cyclical",459.768,50.3732, 
5/8/19,SPFI US,South Plains Financial Inc,68.0225,17.5,1.200000048,3.38E+06,"Stifel, Sandler O'Neill & Partners",Financial,314.624,39.1372,NASDAQ GS
5/7/19,PSN US,Parsons Corp,575,27,11.37036991,1.85E+07,"BofA Securities, Goldman Sachs, Morgan Stanley",Technology,2684.75,104.542,New York
5/7/19,TRVI US,Trevi Therapeutics Inc,55,10,-21.10000038,5.50E+06,"SVB Financial Group, Stifel, BMO Capital Markets","Consumer, Non-cyclical",177.718,101.456,NASDAQ GM
5/6/19,1866419D US,Golden Nugget Online Gaming In,316.25,10,0.100000002,2.75E+07,Jefferies,"Consumer, Cyclical",316.25,12.0652, 
5/3/19,RRBI US,Red River Bancshares Inc,31.05,45,11.66666698,600000,"FIG Partners LLC, Stephens Inc",Financial,328.509,40.7767,NASDAQ GS
5/2/19,SCPL US,Sciplay Corp,363.52,16,-4.6875,2.20E+07,"Deutsche Bank, JP Morgan, BofA Securities, Goldman Sachs, Morgan Stanley, Macquarie, RBC Capital Markets",Technology,363.52,34.3288, 
5/1/19,BYND US,Beyond Meat Inc,276.72,25,163,9.63E+06,"JP Morgan, Goldman Sachs, UBS, Jefferies, BofA Securities","Consumer, Non-cyclical",1493.8,36.7336,NASDAQ GS
5/1/19,TMDX US,TransMedics Group Inc,104.696,16,39.75,5.69E+06,"JP Morgan, Morgan Stanley","Consumer, Non-cyclical",321.594,115.974,NASDAQ GM
4/29/19,LOWL CN,Lowell Farms Inc,39.9997,15.65,-4.153352261,3.44E+06,Beacon Securities,"Consumer, Non-cyclical",0,9.76562,Canadian Sec
4/25/19,ACTTU US,Whole Earth Brands Inc,300,10,1,2.61E+07,Cantor Fitzgerald,"Consumer, Non-cyclical",300,, 
4/24/19,ARAUS SP,Acrophyte Hospitality Trust,450.7,0.88,5.42E-07,5.12E+08,"UBS, DBS Group, Oversea-Chinese Banking Corp, United Overseas Bank, Mizuho Financial",Financial,498,8.16956,Singapore
4/18/19,BRND/U CN,Glass House Brands Inc,402.5,10,3.700000048,3.50E+07,Canaccord Genuity,"Consumer, Non-cyclical",0,, 
4/18/19,360 AU,Life360 Inc,104.287,4.79,10.85595036,3.04E+07,"Bell Potter Securities Ltd, UBS",Technology,491.977,24.4287,ASE
4/17/19,PINS US,Pinterest Inc,1638.75,19,28.42105293,7.50E+07,"RBC Capital Markets, Deutsche Bank, UBS, Citi, Barclays, BofA Securities, Allen & Co, JP Morgan, Goldman Sachs",Communications,1638.75,99.992,New York
4/17/19,ZM US,Zoom Communications Inc,864,36,72.22222137,2.09E+07,"Wells Fargo, RBC Capital Markets, BofA Securities, UBS, JP Morgan, Goldman Sachs, Morgan Stanley",Technology,985.997,85.5567,NASDAQ GS
4/17/19,MNRL US,Brigham Minerals Inc,300.15,18,10.66666698,1.45E+07,"UBS, Goldman Sachs, Barclays, RBC Capital Markets, Wells Fargo",Energy,378.571,17.7776, 
4/17/19,GNLN US,Greenlane Holdings Inc,109.65,17,24.11764717,6.00E+06,"Canaccord Genuity, TD Securities","Consumer, Non-cyclical",159.021,9.00784,NASDAQ CM
4/17/19,HOOK US,Hookipa Pharma Inc,84,14,0,6.00E+06,"BofA Securities, SVB Financial Group, RBC Capital Markets","Consumer, Non-cyclical",302.243,17.6596,OTC US
4/16/19,TPTX US,Turning Point Therapeutics Inc,191.475,18,60.55555725,9.25E+06,"Goldman Sachs, SVB Financial Group, Wells Fargo","Consumer, Non-cyclical",558.76,7.55543, 
4/16/19,PLMR US,Palomar Holdings Inc,84.375,15,26.60000038,5.63E+06,"JP Morgan, Barclays, Stifel, Evercore, William Blair & Co LLC, Sandler O'Neill & Partners, Truist Securities Inc",Financial,339.375,97.8108,NASDAQ GS
4/16/19,BEEM US,Beam Global,13.8,6,-9.333333015,2.00E+06,Maxim Group LLC,Energy,25.9062,18.2844,NASDAQ CM
4/10/19,PD US,PagerDuty Inc,250.332,24,59.375,9.07E+06,"Morgan Stanley, JP Morgan, RBC Capital Markets, Allen & Co",Technology,1799.32,84.1728,New York
4/9/19,1858847D US,Alta Equipment Group Inc,143.75,10,0,1.25E+07,B Riley Financial Inc,"Consumer, Non-cyclical",148,13.5652, 
4/5/19,GHSI US,Guardion Health Sciences Inc,5,4,-8,1.25E+06,Wallachbeth Capital LLC,"Consumer, Non-cyclical",87.6936,16.2833, 
4/3/19,TW US,Tradeweb Markets Inc,1242,27,32.62963104,4.00E+07,"JP Morgan, Wells Fargo, UBS, Deutsche Bank, BofA Securities, Barclays, Morgan Stanley, Goldman Sachs, Citi",Financial,1242,107.351,NASDAQ GS
4/3/19,RPLA/U US,Replay Acquisition Corp,287.5,10,0.5,2.50E+07,"UBS, BofA Securities",Financial,287.5,0.0113809, 
4/3/19,SILK US,Silk Road Medical Inc,138,20,80.90000153,6.00E+06,"JP Morgan, BofA Securities","Consumer, Non-cyclical",622.158,, 
4/3/19,NGM US,NGM Biopharmaceuticals Inc,120.342,16,-8.125,6.67E+06,"Goldman Sachs, Citi, TD Securities","Consumer, Non-cyclical",1053.57,0.00119814, 
4/1/19,PPHI US,Positive Physicians Holdings Inc,48.3,0,,4.83E+06,Griffin Financial Group,Financial,0,0.00553174,OTC US
3/28/19,LYFT US,Lyft Inc,2340,72,8.736110687,3.25E+07,"JP Morgan, UBS, Jefferies, KeyBanc Capital Markets, RBC Capital Markets, Stifel",Communications,19663,120.876,NASDAQ GS
3/27/19,TEAF US,Tortoise Sustainable and Social Impact Term Fund,260,20,0,1.30E+07,"Wells Fargo, UBS, BofA Securities, Morgan Stanley",Financial,0,, 
3/27/19,DTIL US,Precision BioSciences Inc,145.36,16,9,7.90E+06,"JP Morgan, Goldman Sachs, Jefferies, Barclays","Consumer, Non-cyclical",803.445,63.1739,NASDAQ CM
3/20/19,LEVI US,Levi Strauss & Co,716.834,17,31.8235302,3.67E+07,"Evercore, Morgan Stanley, BofA Securities, JP Morgan, Goldman Sachs","Consumer, Cyclical",716.834,97.284,New York
3/19/19,INSUU US,Shift Technologies Inc,150.65,10,1,1.31E+07,Cantor Fitzgerald,"Consumer, Cyclical",134.25,0.00778567, 
3/14/19,TRNE/U US,Desktop Metal Inc,300.15,10,0,2.61E+07,"Cantor Fitzgerald, BTIG LLC",Technology,300.15,0.0152404, 
3/7/19,LVOXU US,LiveVox Holdings Inc,250,10,0,2.50E+07,"UBS, BofA Securities",Technology,250,, 
3/6/19,SWAV US,Shockwave Medical Inc,111.435,17,79.41176605,5.70E+06,"BofA Securities, Morgan Stanley, Canaccord Genuity, Wells Fargo","Consumer, Non-cyclical",471.951,6.66052, 
3/5/19,THCBU US,Microvast Holdings Inc,276,10,1.299999952,2.40E+07,EarlyBirdCapital.com,"Consumer, Cyclical",241.35,, 
2/28/19,2587357D US,Canoo Inc,300.15,10,0.200000003,2.61E+07,"Nomura, Stifel","Consumer, Cyclical",300.15,11.3631, 
2/27/19,DPHCU US,Nu Ride Inc,280,10,0,2.50E+07,Deutsche Bank,"Consumer, Cyclical",280,, 
2/27/19,SHLL/U US,Hyliion Holdings Corp,233.009,10,0,2.25E+07,"Barclays, Goldman Sachs, UBS","Consumer, Cyclical",233.009,, 
2/27/19,KLDO US,Kaleido Biosciences Inc,75,15,-5.133333206,5.00E+06,"JP Morgan, Morgan Stanley, Goldman Sachs","Consumer, Non-cyclical",444.493,0.0307513,OTC US
2/26/19,SLE US,Super League Enterprise Inc,24.9997,11,-22.72727203,2.27E+06,"Northland Securities Group LLC, Lake Street Capital Markets LLC","Consumer, Cyclical",91.718,11.004,NASDAQ CM
2/21/19,1870437D US,CarLotz Inc,305.573,10,0,3.00E+07,"Goldman Sachs, Deutsche Bank","Consumer, Cyclical",305.573,0.328448, 
2/15/19,HOTH US,Hoth Therapeutics Inc,7,5.6,52.32143021,1.25E+06,Laidlaw & Co UK Ltd,"Consumer, Non-cyclical",52.7778,5.95814,NASDAQ CM
2/14/19,2269232D US,Cibus Corp,106.667,0,,,"BofA Securities, Morgan Stanley","Consumer, Non-cyclical",0,, 
2/14/19,MITO US,Stealth BioTherapeutics Corp,85.0584,12,-0.833333314,6.50E+06,"Jefferies, Evercore, BMO Capital Markets","Consumer, Non-cyclical",0,, 
2/14/19,SOLY US,Soliton Inc,10.432,5,-2.599999905,2.09E+06,Boustead Securities LLC,"Consumer, Non-cyclical",0,0.000390833, 
2/13/19,TCRR US,TCR2 Therapeutics Inc,86.25,15,0.466666669,5.00E+06,"Leerink Partners LLC, Jefferies, BMO Capital Markets","Consumer, Non-cyclical",359.099,, 
2/13/19,1855568D US,Avedro Inc,70,14,-12.21428585,5.00E+06,"JP Morgan, BofA Securities","Consumer, Non-cyclical",238.848,0.000582001, 
2/13/19,BACK US,Imac Holdings Inc,4.3562,5.125,-28.19512177,850000,"Cuttone & Co Inc, Dawson James Securities","Consumer, Non-cyclical",37.1204,,OTC US
2/11/19,FNT/U CN,Fluent Corp,53.0722,2,-5,2.60E+07,"Canaccord Genuity, Paradigm Capital Inc","Consumer, Non-cyclical",0,1.85363,Canadian Sec
2/8/19,RMG/U US,Romeo Power Inc,230,10,0,2.00E+07,Deutsche Bank,"Consumer, Cyclical",230,, 
2/7/19,GOSS US,Gossamer Bio Inc,317.4,16,12.125,1.73E+07,"BofA Securities, Leerink Partners LLC, Barclays, Evercore","Consumer, Non-cyclical",1053.83,80.5613,NASDAQ GS
2/7/19,HARP US,Harpoon Therapeutics Inc,80.7688,14,-3.571428537,5.40E+06,"Citi, SVB Financial Group","Consumer, Non-cyclical",339.895,16.0625, 
2/6/19,ALEC US,Alector Inc,185.051,19,-5.263157845,9.25E+06,"Morgan Stanley, BofA Securities, TD Securities, Barclays","Consumer, Non-cyclical",1308.24,80.229,NASDAQ GS
2/6/19,MNCLU US,Monocle Acquisition Corp,172.5,10,0.050000001,1.50E+07,"TD Securities, Chardan Capital Markets LLC",Diversified,179,, 
2/1/19,INMB US,Inmune Bio Inc,8.1648,8,-0.125,1.02E+06,Univest Securities LLC,"Consumer, Non-cyclical",89.7552,28.2235,NASDAQ CM
1/31/19,GMHIU US,Luminar Technologies Inc,400,10,1.200000048,3.75E+07,"Deutsche Bank, UBS, Goldman Sachs","Consumer, Cyclical",400,0.02226, 
1/31/19,PVT/U US,KLDiscovery Inc,230,10,1,2.00E+07,Cantor Fitzgerald,Technology,230,45.927, 
1/30/19,PDX US,PIMCO Dynamic Income Strategy Fund,800,20,1,4.00E+07,"Wells Fargo, UBS, BofA Securities, Morgan Stanley",Financial,0,47.5966,New York
1/30/19,NFE US,New Fortress Energy Inc,291.722,14,-6.642857075,2.00E+07,"Morgan Stanley, Barclays, Citi, UBS, Evercore, Allen & Co",Energy,280,64.2276,NASDAQ GS
1/28/19,ANDAU US,Stryve Foods Inc,108,10,0,1.00E+07,"TD Securities, Craig-Hallum Capital Group Ltd","Consumer, Non-cyclical",136.75,, 
1/21/19,GCSH LX,GCS Holdings Inc,13.12,8.2,,1.60E+06,Luk Fook Securities HK Ltd,Technology,739.452,,Luxembourg
1/16/19,RBKB US,Rhinebeck Bancorp Inc,47.873,10,17.5,4.79E+06,Sandler O'Neill & Partners,Financial,0,77.298,NASDAQ CM
12/19/18,JHAA US,Nuveen Corporate Income 2023 Target Term Fund,70,10,0.071000002,7.00E+06,"Ameriprise Financial Inc, Truist Securities Inc, Nuveen Investments Inc, RBC Capital Markets, Stifel, Wells Fargo, Morgan Stanley",Financial,0,, 
12/18/18,AMTB US,Amerant Bancorp Inc,84.877,13,-7.692307472,6.30E+06,"Raymond James & Associates, Stifel",Financial,342.472,66.6401,New York
12/14/18,LEGH US,Legacy Housing Corp,55.2,12,0.25,4.00E+06,"B Riley Financial Inc, Oak Ridge Financial Services Group Inc/The, National Securities Corp",Financial,295.2,55.3349,NASDAQ GS
12/12/18,CFFAU US,CF Finance Acquisition Corp,275,10,0.100000002,2.50E+07,Cantor Fitzgerald,Diversified,281,0.0108817, 
12/10/18,1872495D US,Schultze Special Purpose Acquisition Corp,130,10,-0.5,1.30E+07,,Diversified,130,, 
12/10/18,SPT AU,Splitit Ltd,8.6256,0.2,90,6.00E+07,Armada Capital Ltd,Technology,37.3281,20.3532, 
12/10/18,BOMH US,Boomer Holdings Inc,0.08,0.01,19900,8.00E+06,,"Consumer, Cyclical",0.16,, 
12/7/18,DMAC US,DiaMedica Therapeutics Inc,16.4,4,-22.5,4.10E+06,Craig-Hallum Capital Group Ltd,"Consumer, Non-cyclical",47.3568,48.8951,NASDAQ CM
12/6/18,MRNA US,Moderna Inc,604.348,23,-19.13043404,2.63E+07,"Goldman Sachs, Morgan Stanley, JP Morgan, BofA Securities, Barclays, Piper Sandler & Co","Consumer, Non-cyclical",7461.45,84.4168,NASDAQ GS
12/6/18,THOR US,Synthorx Inc,150.696,11,14.63636398,1.19E+07,"Jefferies, Leerink Partners LLC, Evercore","Consumer, Non-cyclical",352.189,3.08597, 
12/4/18,FLFG US,Federal Life Group Inc,46,10,49.79999924,4.60E+06,Griffin Financial Group,Financial,46,, 
11/28/18,MDRR US,Medalist Diversified Inc,2.4,10,-6,240000,Maxim Group LLC,Financial,25.566,4.30599,NASDAQ CM
11/15/18,FTACU US,FinTech Acquisition Corp III,345,10,0.400000006,3.00E+07,Cantor Fitzgerald,Diversified,0,15.3091, 
11/15/18,1866425D US,Advent Technologies Holdings I,220.521,10,0,2.00E+07,Jefferies,Energy,220.521,, 
11/15/18,BWMCU US,Atlas Technical Consultants In,200,10,0,2.00E+07,"Morgan Stanley, BofA Securities, Macquarie",Industrial,202.5,0.062716, 
11/14/18,BCSF US,Bain Capital Specialty Finance Inc,151.875,20.25,-11.11111069,7.50E+06,"Morgan Stanley, BofA Securities, Goldman Sachs, Citi, UBS, Wells Fargo, Stifel",Financial,1042.51,53.8684,New York
11/13/18,VAPO US,Vapotherm Inc,64.4,14,14.28571415,4.00E+06,"William Blair & Co LLC, BofA Securities","Consumer, Non-cyclical",241.457,20.9353, 
11/12/18,ETON US,Eton Pharmaceuticals Inc,24.84,6,4.166666508,3.60E+06,National Securities Corp,"Consumer, Non-cyclical",101.15,59.148,NASDAQ GM
11/9/18,RVS AU,Revasum Inc,22.2002,2,-7,1.54E+07,"Moelis & Co, Shaw & Partners Ltd",Technology,133.176,22.1405, 
11/9/18,TBLTU US,Toughbuilt Industries Inc,13.35,5,-3.599999905,2.67E+06,Maxim Group LLC,Industrial,47.104,, 
10/30/18,AXNX US,Axonics Inc,138,15,-0.13333334,8.00E+06,"Morgan Stanley, BofA Securities","Consumer, Non-cyclical",417.579,, 
10/30/18,TWST US,Twist Bioscience Corp,80.5,14,0,5.00E+06,"JP Morgan, TD Securities","Consumer, Non-cyclical",383.04,128.273,NASDAQ GS
10/26/18,RMI US,RiverNorth Opportunistic Municipal Income Fund Inc,119,20,0,5.95E+06,"Morgan Stanley, RBC Capital Markets, Stifel, Wells Fargo, UBS",Financial,0,24.5886,New York
10/24/18,YETI US,YETI Holdings Inc,304.538,18,-5.555555344,1.60E+07,"Goldman Sachs, Citi, Robert W Baird & Co, Piper Sandler & Co, Jefferies, Morgan Stanley, BofA Securities","Consumer, Cyclical",1505.65,123.41,New York
10/19/18,RENX LN,Renalytix PLC,28.8362,121,-0.826446295,1.84E+07,,"Consumer, Non-cyclical",0,73.0384,London
10/19/18,2499613D CN,Plus Products Inc,15.4878,3.25,21.53846169,6.15E+06,"Canaccord Genuity, PI Financial Corp","Consumer, Non-cyclical",59.4074,12.4795, 
10/18/18,SWI US,SolarWinds Corp,375,15,0.200000003,2.50E+07,"Evercore, RBC Capital Markets, Nomura, Macquarie, Jefferies, Barclays, Citi, BofA Securities, UBS, Goldman Sachs, Morgan Stanley, JP Morgan",Technology,4649.13,0.244233, 
10/18/18,2446873D US,LogicBio Therapeutics Inc,80.5,10,15,7.00E+06,"Jefferies, Barclays, William Blair & Co LLC","Consumer, Non-cyclical",229.878,25.6859, 
10/17/18,RVLPQ US,RVL Pharmaceuticals PLC,53.5325,7,16.4285717,6.65E+06,"Jefferies, Barclays, RBC Capital Markets, Wells Fargo","Consumer, Non-cyclical",365.082,21.7362,OTC US
10/17/18,PHASQ US,PhaseBio Pharmaceuticals Inc,49.3235,5,0,9.20E+06,"Citi, TD Securities, Stifel, Needham Group Inc/The","Consumer, Non-cyclical",119.019,22.2189, 
10/16/18,SIBN US,SI-BONE Inc,124.2,15,33.73333359,7.20E+06,"BofA Securities, Morgan Stanley","Consumer, Non-cyclical",343.098,103.714,NASDAQ GM
10/15/18,1868884D US,Velodyne Lidar Inc,243.765,10,0,2.25E+07,"EarlyBirdCapital.com, Oppenheimer & Co","Consumer, Cyclical",243.765,6.84386, 
10/11/18,PLAN US,Anaplan Inc,303.025,17,42.94117737,1.55E+07,"Goldman Sachs, Morgan Stanley",Communications,2108.71,, 
10/11/18,EQ US,Equillium Inc,71.6114,14,0,4.67E+06,"Leerink Partners LLC, Jefferies, Stifel","Consumer, Non-cyclical",239.985,60.3775,NASDAQ CM
10/10/18,LTHM US,Livent Corp,391,17,-0.176470593,2.00E+07,"BofA Securities, Goldman Sachs, UBS",Basic Materials,2482,, 
10/10/18,ALLO US,Allogene Therapeutics Inc,372.6,18,38.88888931,1.80E+07,"JP Morgan, Goldman Sachs, TD Securities, Jefferies","Consumer, Non-cyclical",2122.69,60.7748,NASDAQ GS
10/5/18,OCCI US,OFS Credit Co Inc,50,20,-6.25,2.50E+06,"B Riley Financial Inc, National Securities Corp, Ladenburg Thalmann & Co",Financial,50.1,9.66616,NASDAQ CM
10/4/18,CCH/U US,Utz Brands Inc,440,10,1.5,4.00E+07,"Citi, UBS, BofA Securities","Consumer, Non-cyclical",440,, 
10/4/18,ESTC US,Elastic NV,289.8,36,94.44444275,7.00E+06,"Goldman Sachs, JP Morgan, Barclays, RBC Capital Markets, BofA Securities, Citi, Jefferies",Technology,2539.54,90.8923,New York
10/4/18,CTACU US,Grid Dynamics Holdings Inc,220,10,0.400000006,2.00E+07,Cantor Fitzgerald,Technology,226,23.8102, 
10/4/18,ARYAU US,ARYA Sciences Acquisition Corp,143.75,10,1.700000048,1.25E+07,Jefferies,Diversified,143.75,10.0174, 
10/3/18,GH US,Guardant Health Inc,273.125,19,69.47368622,1.25E+07,"JP Morgan, BofA Securities","Consumer, Non-cyclical",1587.59,103.907,NASDAQ GS
10/3/18,KOD US,Kodiak Sciences Inc,94,10,1.600000024,9.00E+06,"Morgan Stanley, BofA Securities, Barclays","Consumer, Non-cyclical",379.234,94.6557,NASDAQ GM
10/2/18,UPWK US,Upwork Inc,215.223,15,41.20000076,1.25E+07,"Citi, Jefferies, RBC Capital Markets",Communications,1561.18,107.113,NASDAQ GS
9/27/18,GRTSQ US,Gritstone bio Inc,102.813,15,-5.066666603,6.67E+06,"Goldman Sachs, TD Securities, Barclays","Consumer, Non-cyclical",435.241,0.14619, 
9/27/18,CBMB US,CBM Bancorp Inc,42.32,10,28,4.23E+06,Raymond James & Associates,Financial,0,6.45427, 
9/26/18,ARVN US,Arvinas Inc,123.208,16,0.3125,7.50E+06,"Goldman Sachs, Citi, Piper Sandler & Co","Consumer, Non-cyclical",517.747,88.2567,NASDAQ GS
9/26/18,STRO US,Sutro Biopharma Inc,85.005,15,1.333333373,5.67E+06,"TD Securities, US Bancorp","Consumer, Non-cyclical",342.354,40.0744,NASDAQ GM
9/26/18,VTAK US,Catheter Precision Inc,76.245,17,17.64705849,3.90E+06,"Piper Sandler & Co, Cantor Fitzgerald","Consumer, Non-cyclical",215.718,11.1304,NYSEAmerican
9/25/18,MNTV US,Momentive Global Inc,207,12,43.66666794,1.50E+07,"JP Morgan, Allen & Co, BofA Securities, Wells Fargo, UBS",Technology,1493.7,5.28041, 
9/25/18,ETTX US,Entasis Therapeutics Holdings Inc,75,15,-28.93333244,5.00E+06,"UBS, BMO Capital Markets",Financial,196.114,, 
9/25/18,CBNK US,Capital Bancorp Inc,32.0375,12.5,2.400000095,2.23E+06,"Stifel, Stephens Inc",Financial,168.696,53.0673,NASDAQ GS
9/20/18,YMAB US,Y-mAbs Therapeutics Inc,110.4,16,50,6.00E+06,"BofA Securities, TD Securities","Consumer, Non-cyclical",536.432,10.1803, 
9/19/18,ELAN US,Elanco Animal Health Inc,1736.04,24,50,6.29E+07,"TD Securities, Evercore, Deutsche Bank, UBS, Citi, BNP Paribas, Barclays, BofA Securities, Morgan Stanley, Goldman Sachs, JP Morgan","Consumer, Non-cyclical",8775,110.758,New York
9/19/18,EB US,Eventbrite Inc,264.5,23,58.69565201,1.00E+07,"Goldman Sachs, JP Morgan, Allen & Co, RBC Capital Markets",Communications,264.5,90.0292, 
9/19/18,BSVN US,Bank7 Corp,64.6,19,0.473684222,3.40E+06,"Stifel, Stephens Inc",Financial,192.137,49.7136,NASDAQ GS
9/13/18,PRNB US,Principia Biopharma Inc,122.188,17,92.05882263,6.25E+06,"BofA Securities, Leerink Partners LLC, Wells Fargo","Consumer, Non-cyclical",402.315,26.821, 
9/13/18,FVCB US,FVCBankcorp Inc,36.87,20,1.5,1.75E+06,"Sandler O'Neill & Partners, Raymond James & Associates",Financial,258.396,50.103,NASDAQ CM
9/13/18,PIN AU,PINCHme.com Inc,5.75673,0.5,-22,1.60E+07,Sternship Advisers,Communications,42.1447,27.0495, 
9/6/18,CCC/U US,Churchill Capital Corp,690,10,0.5,6.00E+07,Citi,Diversified,690,, 
9/6/18,GRSHU US,PAE Inc,400,10,1.5,3.75E+07,Deutsche Bank,Technology,400,, 
9/5/18,CHS CN,Comprehensive Healthcare Syste,0.37895,0.1,-1.49E-06,5.00E+06,Chippingham Financial Group Ltd,Technology,0.553267,,Venture
8/23/18,MFAC/U US,BM Technologies Inc,169.289,10,0.200000003,1.50E+07,Chardan Capital Markets LLC,Technology,169.289,4.37123, 
8/23/18,CWEB CN,Charlottes Web Holdings Inc,86.4398,7,38.57143021,1.43E+07,Canaccord Genuity,"Consumer, Non-cyclical",497.583,2.22794,Toronto
8/21/18,BNGOU US,Bionano Genomics Inc,23.667,6.125,0.408163279,3.36E+06,Roth Capital Partners Inc,"Consumer, Non-cyclical",0,, 
8/20/18,TZACU US,Reviva Pharmaceuticals Holding,63.25,10,0.300000012,5.50E+06,Maxim Group LLC,"Consumer, Non-cyclical",0,3.52059, 
8/16/18,SIC US,Select Interior Concepts Inc,352.201,0,,2.41E+07,,Industrial,0,, 
8/15/18,CGGCu CN,Cannabist Co Holdings Inc/The,84.3606,3,33.33333206,3.70E+07,"Canaccord Genuity, Cormark Securities Inc","Consumer, Non-cyclical",0,10.7409, 
8/14/18,ALBT US,Avalon GloboCare Corp,2.1139,2.25,20,939500,Boustead Securities LLC,"Consumer, Non-cyclical",159.071,8.69478,NASDAQ CM
8/13/18,ARDS US,Aridis Pharmaceuticals Inc,28.5064,13,0,2.00E+06,Cantor Fitzgerald,"Consumer, Non-cyclical",103.992,11.4332,OTC US
8/9/18,1860591D US,Fisker Inc,552,10,0.699999988,4.80E+07,"UBS, Citi","Consumer, Cyclical",0,0.140399, 
8/9/18,RJET US,Republic Airways Holdings Inc,131.694,12,-2.083333254,9.63E+06,"Raymond James & Associates, BofA Securities, TD Securities, Stifel, Imperial Capital LLC","Consumer, Cyclical",422.413,64.6148,NASDAQ GS
8/9/18,PCB US,PCB Bancorp,50.164,20,2.75,2.39E+06,"Stifel, Raymond James & Associates, Sandler O'Neill & Partners",Financial,318.888,42.5884,NASDAQ GS
8/9/18,VCNX US,Vaccinex Inc,39.9996,12,-5.166666508,3.33E+06,"Oppenheimer & Co, BTIG LLC","Consumer, Non-cyclical",137.696,5.73269,OTC US
8/8/18,9990301D US,Amalgamated Bank,119.761,15.5,6.451612949,6.72E+06,"JP Morgan, Barclays, Stifel",Financial,0,0.000679559, 
8/2/18,6160 HK,BeiGene Ltd,902.674,108,-0.925925911,6.56E+07,"China International Capital Corp, CITIC Securities, UBS, Deutsche Bank, Goldman Sachs, Morgan Stanley","Consumer, Non-cyclical",10519.5,33.2304,Hong Kong
8/2/18,FMCIU US,Tattooed Chef Inc,200,10,-0.5,2.00E+07,Jefferies,"Consumer, Non-cyclical",206.55,5.84786, 
8/2/18,ARLO US,Arlo Technologies Inc,187.957,16,38.125,1.02E+07,"BofA Securities, Deutsche Bank, Guggenheim Capital, Raymond James & Associates, TD Securities, Imperial Capital LLC","Consumer, Non-cyclical",1187.96,103.205,New York
8/1/18,9199067D US,Cushman & Wakefield PLC,879.75,17,4.764705658,4.50E+07,"William Blair & Co LLC, UBS, Citi, Barclays, BofA Securities, Goldman Sachs, Morgan Stanley, JP Morgan",Financial,3657.92,0.000181775, 
8/1/18,SONO US,Sonos Inc,239.583,15,32.73333359,1.39E+07,"Goldman Sachs, Morgan Stanley, Allen & Co, RBC Capital Markets, Jefferies, Kohlberg Kravis Roberts & Co","Consumer, Cyclical",1488.27,99.3596,NASDAQ GS
7/27/18,DVLT US,Datavault AI Inc,12,5,-6.006000042,2.40E+06,"Wallachbeth Capital LLC, Alexander Capital LP",Technology,73.8225,7.06048,NASDAQ CM
7/27/18,ADIL US,Adial Pharmaceuticals Inc,7.32,5,-19,1.46E+06,Joseph Gunnar & Co,"Consumer, Non-cyclical",32.691,12.2594,NASDAQ CM
7/26/18,TENB US,Tenable Holdings Inc,288.305,23,31.52173996,1.09E+07,"Allen & Co, Morgan Stanley, JP Morgan, Deutsche Bank",Technology,2132.43,108.609,NASDAQ GS
7/25/18,FOCS US,Focus Financial Partners Inc,615.404,33,13.78787899,1.62E+07,"Kohlberg Kravis Roberts & Co, Truist Securities Inc, RBC Capital Markets, BMO Capital Markets, Goldman Sachs, BofA Securities",Financial,1411.41,1.70191, 
7/25/18,BE US,Bloom Energy Corp,310.5,15,66.66666412,1.80E+07,"Morgan Stanley, JP Morgan, UBS, KeyBanc Capital Markets, BofA Securities",Industrial,1591,98.8539,New York
7/25/18,BRY US,Berry Corp,182.609,14,3.571428537,1.30E+07,"UBS, Evercore, BMO Capital Markets, Wells Fargo, Goldman Sachs",Energy,1138.72,9.83274, 
7/25/18,LQDA US,Liquidia Corp,53.1641,11,0.909090936,4.55E+06,"Jefferies, TD Securities","Consumer, Non-cyclical",169.426,77.0459,NASDAQ CM
7/24/18,AQST US,Aquestive Therapeutics Inc,73.8855,15,7,4.50E+06,"BMO Capital Markets, RBC Capital Markets","Consumer, Non-cyclical",366.385,61.3942,NASDAQ GM
7/24/18,2307803D US,Greenland Technologies Holding Corp,44,10,1.202000022,4.00E+06,Chardan Capital Markets LLC,Industrial,0,3.41337, 
7/19/18,REPL US,Replimune Group Inc,100.5,15,1.066666722,6.70E+06,"JP Morgan, Leerink Partners LLC, BMO Capital Markets","Consumer, Non-cyclical",462.579,104.314,NASDAQ GS
7/19/18,PRVB US,Provention Bio Inc,63.8784,4,20.25,1.60E+07,MDB Capital Group LLC,"Consumer, Non-cyclical",151.028,5.69611, 
7/18/18,ALLK US,Allakos Inc,147.659,18,73.6111145,7.13E+06,"Goldman Sachs, Jefferies","Consumer, Non-cyclical",747.706,3.74221, 
7/18/18,CNST US,Constellation Pharmaceuticals Inc,60,15,-23.33333397,4.00E+06,"JP Morgan, Jefferies, BMO Capital Markets","Consumer, Non-cyclical",385.491,11.1347, 
7/18/18,MYFW US,First Western Financial Inc,43.1547,19,3.684210539,1.98E+06,"Stifel, Stephens Inc",Financial,143.26,74.0613,NASDAQ GS
7/17/18,RUBY US,Rubius Therapeutics Inc,277.276,23,5.434782505,1.05E+07,"JP Morgan, Morgan Stanley, Jefferies, Leerink Partners LLC","Consumer, Non-cyclical",1814.87,42.5573, 
7/17/18,CRNX US,Crinetics Pharmaceuticals Inc,117.3,17,44.17647171,6.00E+06,"JP Morgan, Leerink Partners LLC, Piper Sandler & Co","Consumer, Non-cyclical",406.436,113.454,NASDAQ GS
7/17/18,CCB US,Coastal Financial Corp/WA,47.5238,14.5,13.10344791,2.85E+06,"Hovde Group LLC, Stifel",Financial,171.547,89.6056,NASDAQ GS
7/11/18,AKOM US,Aerkomm Inc,31.5341,8.5,-47.05882263,5.00E+06,Boustead Securities LLC,Communications,357.411,11.3929,OTC US
7/10/18,MSVB US,Mid-Southern Bancorp Inc,25.599,10,13.3748188,2.56E+06,,Financial,0,27.2254, 
7/10/18,SVRS PW,Silvair Inc,5.56559,17,2.941176414,1.18E+06,,Industrial,0,1.59625,Warsaw
7/2/18,ALGRU US,Allegro Merger Corp,149.5,10,0.5,1.30E+07,Cantor Fitzgerald,Diversified,153.225,7.71249, 
6/28/18,DOMO US,Domo Inc,222.18,21,30,9.20E+06,"Morgan Stanley, Allen & Co, UBS",Technology,484.472,103.188,NASDAQ GM
6/28/18,HCCHU US,HL Acquisitions Corp,55,10,0.699999988,5.00E+06,EarlyBirdCapital.com,Diversified,55,7.14846, 
6/27/18,BJ US,BJ's Wholesale Club Holdings Inc,733.125,17,29.41176414,3.75E+07,"Wells Fargo, Jefferies, Citi, Morgan Stanley, JP Morgan, BofA Securities, Goldman Sachs, Deutsche Bank","Consumer, Cyclical",2242.86,116.382,New York
6/27/18,BV US,BrightView Holdings Inc,538.89,22,-2.727272749,2.13E+07,"Kohlberg Kravis Roberts & Co, RBC Capital Markets, Morgan Stanley, Mizuho Financial, Jefferies, Robert W Baird & Co, Macquarie, UBS, Goldman Sachs, JP Morgan","Consumer, Non-cyclical",2252.27,101.513,New York
6/27/18,TCDAQ US,Tricida Inc,255.645,19,36.84210587,1.17E+07,"JP Morgan, Goldman Sachs, TD Securities","Consumer, Non-cyclical",796.944,22.1854, 
6/27/18,FTSV US,Forty Seven Inc,129.445,16,-5.9375,7.04E+06,"Morgan Stanley, UBS","Consumer, Non-cyclical",496.246,, 
6/27/18,2218484D US,Translate Bio Inc,126.287,13,-11.38461494,9.35E+06,"Citi, Leerink Partners LLC, Evercore","Consumer, Non-cyclical",586.847,, 
6/27/18,STIM US,Neuronetics Inc,107.525,17,63.41176605,5.50E+06,"Piper Sandler & Co, William Blair & Co LLC","Consumer, Non-cyclical",284.675,72.4946,NASDAQ GM
6/27/18,EVER US,EverQuote Inc,84.375,18,0.111111112,4.69E+06,"JP Morgan, BofA Securities",Communications,87.3342,99.3921,NASDAQ GM
6/27/18,HYREQ US,HyreCar Inc,12.6,5,2,2.52E+06,Network 1 Financial,Communications,52.3345,23.0524,OTC US
6/26/18,NTGN US,Neon Therapeutics Inc,100,16,-6.25,6.25E+06,"Morgan Stanley, BofA Securities, Mizuho Financial","Consumer, Non-cyclical",451.189,, 
6/26/18,LOVE US,Lovesac Co/The,64.4,16,49.9375,3.50E+06,Roth Capital Partners Inc,"Consumer, Cyclical",215.23,114.807,NASDAQ GM
6/21/18,ECOR US,ElectroCore Inc,89.7,15,32.33333206,5.20E+06,"Evercore, Cantor Fitzgerald, Citizens Financial Group Inc","Consumer, Non-cyclical",425.121,13.7396,NASDAQ CM
6/20/18,EPRT US,Essential Properties Realty Trust Inc,493.811,14,-2.571428537,3.25E+07,"Citi, Goldman Sachs, Barclays, BofA Securities, UBS",Financial,612.067,116.715,New York
6/20/18,1936047D US,Landsea Homes Corp,155.25,10,0,1.35E+07,"B Riley Financial Inc, Raymond James & Associates","Consumer, Cyclical",155.25,, 
6/20/18,APTX US,Aptinyx Inc,117.76,16,26.25,6.40E+06,"JP Morgan, TD Securities, Leerink Partners LLC, BMO Capital Markets","Consumer, Non-cyclical",535.939,7.9875, 
6/20/18,TECX US,Tectonic Therapeutic Inc,114.669,19,64.21052551,5.25E+06,"Morgan Stanley, TD Securities, Wells Fargo","Consumer, Non-cyclical",454.799,84.8935,NASDAQ GM
6/20/18,DNTH US,Dianthus Therapeutics Inc,100.001,15,-3.200000048,6.67E+06,"JP Morgan, Goldman Sachs, TD Securities","Consumer, Non-cyclical",515.554,99.0973,NASDAQ CM
6/20/18,IIIV US,I3 Verticals Inc,99.4175,13,41.15384674,6.65E+06,"TD Securities, Raymond James & Associates, KeyBanc Capital Markets",Technology,118.42,118.495,NASDAQ GS
6/20/18,9990225D US,Xeris Pharmaceuticals Inc,98.325,15,34.79999924,5.70E+06,"Jefferies, Leerink Partners LLC, RBC Capital Markets, Mizuho Financial","Consumer, Non-cyclical",308.861,, 
6/20/18,KZR US,Kezar Life Sciences Inc,86.25,15,18.33333397,5.00E+06,"Jefferies, TD Securities, Wells Fargo, William Blair & Co LLC","Consumer, Non-cyclical",286.072,64.427,NASDAQ CM
6/19/18,TBRGU US,Repay Holdings Corp,258,10,0.5,2.25E+07,Cantor Fitzgerald,"Consumer, Non-cyclical",258,0.0628295, 
6/19/18,EIDX US,Eidos Therapeutics Inc,122.188,17,36,6.25E+06,"JP Morgan, BofA Securities, Barclays","Consumer, Non-cyclical",624.534,, 
6/14/18,AVLR US,Avalara Inc,207,24,87.25,7.50E+06,"Goldman Sachs, BofA Securities, JP Morgan",Technology,1585.4,7.68868, 
6/14/18,VRCA US,Verrica Pharmaceuticals Inc,86.25,15,16.66666603,5.00E+06,"BofA Securities, Jefferies, TD Securities","Consumer, Non-cyclical",385.446,46.6653,NASDAQ CM
6/13/18,USX US,US Xpress Enterprises Inc,332.23,16,4.25,1.81E+07,"Morgan Stanley, BofA Securities, JP Morgan, Wells Fargo",Industrial,558.405,14.1884, 
6/13/18,CHRA US,Charah Solutions Inc,88.2348,12,0,7.35E+06,"Morgan Stanley, BofA Securities, Stifel",Industrial,359.358,, 
6/12/18,PVS AU,Pivotal Systems Corp,40.6637,1.86,39.24731064,2.88E+07,"Moelis & Co, Shaw & Partners Ltd",Industrial,156.805,12.7237, 
6/11/18,1846987D US,Far Point Acquisition Corp,632.5,10,1.600000024,5.50E+07,"UBS, BofA Securities",Diversified,632.5,12.6482, 
6/7/18,VERT/U US,Vertiv Holdings Co,690,10,1.799999952,6.00E+07,Goldman Sachs,Industrial,690,0.0366667, 
6/7/18,MGTX US,MeiraGTx Holdings plc,75,15,0,5.00E+06,"BofA Securities, Barclays, Evercore","Consumer, Non-cyclical",407.762,61.5833,NASDAQ GS
5/31/18,AMBO US,Ambow Education Holding Ltd,8.7975,4.25,34.11764526,1.07E+07,Benchmark Co LLC/The,"Consumer, Non-cyclical",20.1063,0.172311,NYSEAmerican
5/31/18,NVNO US,enVVeno Medical Corp,8.625,5,4.800000191,1.50E+06,Network 1 Financial,"Consumer, Non-cyclical",0,27.7681,NASDAQ CM
5/29/18,2141487D US,Sports Entertainment Gaming Gl,201.25,10,0.300000012,1.75E+07,Chardan Capital Markets LLC,"Consumer, Cyclical",212.75,, 
5/24/18,GSKY US,GreenSky Inc,1005.1,23,1.565217376,3.80E+07,"JP Morgan, Goldman Sachs, Morgan Stanley, BofA Securities, Citi, UBS, Truist Securities Inc","Consumer, Non-cyclical",1323.33,, 
5/24/18,ITRMF US,Iterum Therapeutics plc,82.55,13,-1.153846145,6.15E+06,"Leerink Partners LLC, RBC Capital Markets","Consumer, Non-cyclical",184.072,3.71521,OTC US
5/24/18,ABWN US,Airborne Wireless Network,8,1000,N/A,5.00E+06,Maxim Group LLC,Communications,0,0.370605,OTC US
5/23/18,KNSA US,Kiniksa Pharmaceuticals International Plc,170.716,18,8.166666985,8.48E+06,"Goldman Sachs, JP Morgan","Consumer, Non-cyclical",283.585,104.727,NASDAQ GS
5/23/18,SRRK US,Scholar Rock Holding Corp,86.296,14,10.71428585,5.36E+06,"Jefferies, TD Securities, BMO Capital Markets","Consumer, Non-cyclical",353.423,116.273,NASDAQ GS
5/22/18,EVOP US,Evo Payments Inc,257.6,16,18.875,1.40E+07,"JP Morgan, BofA Securities, Citi, Deutsche Bank, Truist Securities Inc, Barclays, Goldman Sachs, William Blair & Co LLC, TD Securities, PKO Bank Polski SA, Regions Financial Corp","Consumer, Non-cyclical",1280.35,20.561, 
5/18/18,WRAP US,Wrap Technologies Inc,4.0001,0,,2.67E+06,,Industrial,0,11.3212,NASDAQ CM
5/16/18,2637188D US,Pluralsight Inc,357.075,15,33.33333206,2.07E+07,"Morgan Stanley, JP Morgan, Barclays, BofA Securities","Consumer, Non-cyclical",943.812,, 
5/15/18,TMCXU US,BRMK Management LLC,345,10,0.100000002,3.00E+07,B Riley Financial Inc,Financial,345,, 
5/15/18,1854789D US,Nikola Corp,230,10,0,2.00E+07,"TD Securities, Chardan Capital Markets LLC","Consumer, Cyclical",238,25.8446, 
5/14/18,NOW CN,NowVertical Group Inc,0.172282,0.1,-100,2.20E+06,Haywood Securities Inc,Technology,0.407212,,Venture
5/9/18,EQH US,Equitable Holdings Inc,3156.75,20,1.700000048,1.37E+08,"Credit Agricole CIB, HSBC, RBC Capital Markets, Natixis, ING Groep, Societe Generale, BNP Paribas, Goldman Sachs, Deutsche Bank, UBS, BofA Securities, Citi, Barclays, JP Morgan, Morgan Stanley",Financial,11220,108.021,New York
5/8/18,OBK US,Origin Bancorp Inc,142.174,34,10.29411793,3.64E+06,"Stephens Inc, Raymond James & Associates",Financial,767.411,65.4412,New York
5/8/18,EVLO US,Evelo Biosciences Inc,85,16,1.5625,5.31E+06,"Morgan Stanley, TD Securities, BMO Capital Markets","Consumer, Non-cyclical",509.934,,OTC US
5/4/18,BCML US,BayCom Corp,72.1358,22,4.545454502,2.85E+06,"FIG Partners LLC, DA Davidson & Co",Financial,237.404,59.1958,NASDAQ GS
5/3/18,CBLK US,Carbon Black Inc,174.8,19,26,8.00E+06,"Morgan Stanley, JP Morgan",Technology,1273.48,, 
5/3/18,ROAD US,Construction Partners Inc,143.4,12,0.833333314,1.13E+07,"Robert W Baird & Co, Raymond James & Associates, Stephens Inc",Industrial,614.01,113.827,NASDAQ GS
5/3/18,STXB US,Spirit of Texas Bancshares Inc,48.3,21,4.047618866,2.00E+06,"Stifel, Stephens Inc",Financial,203.524,5.42757, 
5/3/18,JRSH US,Jerash Holdings US Inc,10.01,7,22.7142849,1.43E+06,Network 1 Financial,"Consumer, Cyclical",74.27,8.54813,NASDAQ CM
5/2/18,INSP US,Inspire Medical Systems Inc,124.2,16,56.125,6.75E+06,"Goldman Sachs, BofA Securities","Consumer, Non-cyclical",340.051,124.124,New York
5/2/18,UNBX US,UNITY Biotechnology Inc,85,17,-2.058823586,5.00E+06,"Goldman Sachs, Morgan Stanley, Citi","Consumer, Non-cyclical",712.36,1.697, 
5/1/18,PRT US,PermRock Royalty Trust,106.25,17,-8.823529243,6.25E+06,"Wells Fargo, Goldman Sachs, UBS, Deutsche Bank, Jefferies, Stifel, Oppenheimer & Co",Energy,206.817,42.6384,New York
5/1/18,BBIG US,Vinco Ventures Inc,6.507,5,17.39999962,1.30E+06,Alexander Capital LP,"Consumer, Cyclical",0,4.02E-05,OTC US
4/27/18,FGNV US,Forge Innovation Development Corp,1.2346,0,,4.94E+06,,Financial,0,,OTC US
4/26/18,DOCU US,DocuSign Inc,723.695,29,37,2.17E+07,"Morgan Stanley, JP Morgan, BofA Securities, Citi, Deutsche Bank",Technology,4505.56,92.0784,NASDAQ GS
4/26/18,SMAR US,Smartsheet Inc,200.67,15,30,1.16E+07,"Morgan Stanley, JP Morgan, Jefferies, RBC Capital Markets",Technology,1509.6,14.4939, 
4/26/18,GSHD US,Goosehead Insurance Inc,98.095,10,57.5,8.53E+06,"JP Morgan, BofA Securities",Financial,135.333,124.359,NASDAQ GS
4/25/18,DAY US,Dayforce Inc,531.3,22,41.86363602,2.10E+07,"Wells Fargo, CIBC, Jefferies, Citi, Barclays, Deutsche Bank, UBS, JP Morgan, Goldman Sachs",Technology,3037.17,98.9958, 
4/25/18,DAY CN,Dayforce Inc,531.3,22,43.10385513,2.10E+07,"Barclays, CIBC, Citi, UBS, Deutsche Bank, Goldman Sachs, Jefferies, Wells Fargo, JP Morgan",Technology,0,98.9958, 
4/25/18,LASR US,nLight Inc,110.4,16,68.4375,6.00E+06,"Raymond James & Associates, Stifel",Industrial,552.339,87.0691,NASDAQ GS
4/24/18,REAX CN,Real Brokerage Inc/The,0.23385,0.1,49.99999619,3.00E+06,PI Financial Corp,Financial,0.709345,52.3262, 
4/20/18,PVTL US,Pivotal Software Inc,638.25,15,4.866666794,3.70E+07,"Wells Fargo, UBS, RBC Capital Markets, Barclays, BofA Securities, Citi, Goldman Sachs, Morgan Stanley",Technology,3838.3,, 
4/20/18,LEVL US,Level One Bancorp Inc,38.64,28,4.5,1.20E+06,"Raymond James & Associates, Stifel",Financial,210.963,, 
4/18/18,EAF US,GrafTech International Ltd,571.463,15,-3.666666746,3.50E+07,"JP Morgan, UBS, Citi, RBC Capital Markets, HSBC",Industrial,4533.39,52.3925,New York
4/18/18,SURF US,Surface Oncology Inc,108,15,-11.13333321,7.20E+06,"Goldman Sachs, TD Securities, Evercore","Consumer, Non-cyclical",413.959,20.8931, 
4/17/18,CLBK US,Columbia Financial Inc,498.32,10,54.20000076,4.98E+07,Sandler O'Neill & Partners,Financial,1158.89,85.9093,NASDAQ GS
4/12/18,PACQU US,Pure Acquisition Corp,414,10,1.200000048,3.60E+07,"EarlyBirdCapital.com, Oppenheimer & Co",Diversified,414,, 
4/11/18,ZUO US,Zuora Inc,177.1,14,42.8571434,1.10E+07,"Goldman Sachs, Morgan Stanley, Allen & Co, Jefferies",Technology,1472.22,15.197, 
3/29/18,GNPX US,Genprex Inc,6.4,5,-6,1.28E+06,Network 1 Financial,"Consumer, Non-cyclical",65.175,1.52243,NASDAQ CM
3/28/18,COGT US,Cogent Biosciences Inc,71.82,12,-7.416666508,5.77E+06,"Morgan Stanley, TD Securities","Consumer, Non-cyclical",357.992,109.844,NASDAQ GS
3/27/18,QTTB US,Q32 Bio Inc,165.6,16,16.625,9.00E+06,"BofA Securities, TD Securities, Evercore","Consumer, Non-cyclical",598.893,66.0231,NASDAQ CM
3/27/18,OPBK US,OP Bancorp,25.3,11,8.181818008,2.00E+06,Stifel,Financial,170.395,66.9376,NASDAQ GM
3/26/18,POLX LN,Polarean Imaging PLC,3.9585,15,6.666666508,2.00E+07,,"Consumer, Non-cyclical",15.6598,14.5656, 
3/22/18,DBX US,Dropbox Inc,869.4,21,35.61904907,3.60E+07,"Macquarie, Jefferies, RBC Capital Markets, BofA Securities, Deutsche Bank, Allen & Co, JP Morgan, Goldman Sachs",Technology,7373.96,127.546,NASDAQ GS
3/20/18,BTBT US,Bit Digital Inc,7.13,4,15.5,1.55E+06,Viewtrade Securities Inc,Financial,59.13,53.0035,NASDAQ CM
3/15/18,ZS US,Zscaler Inc,220.8,16,106.25,1.20E+07,"UBS, Deutsche Bank, BofA Securities, Barclays, Goldman Sachs, Morgan Stanley",Technology,1906.1,57.0598,NASDAQ GS
3/15/18,TIBRU US,Tiberius Acquisition Corp,172.5,10,0.200000003,1.50E+07,"Cantor Fitzgerald, Dowling & Partners Securities LLC",Diversified,172.5,, 
3/14/18,RCUS US,Arcus Biosciences Inc,138,15,13.33333302,8.00E+06,"Goldman Sachs, Citi, Leerink Partners LLC","Consumer, Non-cyclical",656.258,71.6746,New York
3/13/18,OPESU US,BurgerFi International Inc,115,10,0.200000003,1.00E+07,EarlyBirdCapital.com,"Consumer, Cyclical",119,, 
3/13/18,BWB US,Bridgewater Bancshares Inc,90.5338,11.75,7.40425539,6.70E+06,"DA Davidson & Co, Sandler O'Neill & Partners",Financial,353.198,68.0055,NASDAQ CM
3/7/18,BTAI US,Bioxcel Therapeutics Inc,59.9995,11,0.272727281,5.45E+06,"Barclays, UBS, BMO Capital Markets","Consumer, Non-cyclical",172.101,14.9528,NASDAQ CM
2/15/18,DFBHU US,AdaptHealth Corp,250,10,0,2.50E+07,"Goldman Sachs, Deutsche Bank","Consumer, Non-cyclical",250,27.4296, 
2/14/18,MOTS US,Motus GI Holdings Inc,17.5,5,-12.39999962,3.50E+06,Piper Sandler & Co,"Consumer, Non-cyclical",77.865,5.25761,OTC US
2/13/18,1857889D US,Digital Media Solutions Inc,200,10,-0.699999988,2.00E+07,Citi,Communications,200,, 
2/13/18,BLNK US,Blink Charging Co,18.5002,4.25,100.2352905,4.35E+06,Joseph Gunnar & Co,"Consumer, Cyclical",0,19.1322,NASDAQ CM
2/13/18,SBIO CN,Sabio Holdings Inc,0.39794,0.1,100,5.02E+06,Canaccord Genuity,Technology,1.31721,,Venture
2/8/18,WHD US,Cactus Inc,502.55,19,6.578947544,2.30E+07,"Citi, UBS, Piper Sandler & Co, JP Morgan, BofA Securities",Industrial,1422.91,103.831,New York
2/8/18,QES US,Quintana Energy Services Inc,96.321,10,-10,9.26E+06,"BofA Securities, Piper Sandler & Co, Citi, Barclays, Tudor Pickering Holt & Co LLC, Evercore",Energy,334.128,9.74182, 
2/8/18,CDLX US,Cardlytics Inc,75.6782,13,2.846153736,5.40E+06,"JP Morgan, BofA Securities, Wells Fargo, Truist Securities Inc",Communications,253.755,39.3624,NASDAQ GM
2/7/18,1838130D US,Hycroft Mining Holding Corp,208,10,0,2.00E+07,Cantor Fitzgerald,Basic Materials,208,, 
2/7/18,VCTR US,Victory Capital Holdings Inc,166.541,13,-10.76923084,1.17E+07,"BofA Securities, Morgan Stanley, JP Morgan, Barclays, Goldman Sachs, RBC Capital Markets",Financial,0,86.2827,NASDAQ GS
2/7/18,EOLS US,Evolus Inc,60.57,12,-4.166666508,5.00E+06,"Cantor Fitzgerald, Mizuho Financial","Consumer, Non-cyclical",283.685,86.6437,NASDAQ GM
2/1/18,HUD US,Hudson Ltd,748.938,19,-7.368421078,3.94E+07,"Goldman Sachs, BofA Securities, UBS, Morgan Stanley","Consumer, Cyclical",1757.7,, 
2/1/18,9992011D US,FTS International Inc,403.65,18,14.5,1.95E+07,"UBS, Morgan Stanley, Wells Fargo, Barclays, Citi, Evercore",Energy,1966.95,50.5472, 
2/1/18,OSS US,One Stop Systems Inc,19.5,5,-2.400000095,3.80E+06,Roth Capital Partners Inc,Technology,57.5945,42.7994,NASDAQ CM
2/1/18,IPIC US,iPic Entertainment Inc,15.1404,18.5,-18.16216278,818400,"Roth Capital Partners Inc, TriPoint Global Equities LLC","Consumer, Cyclical",0,,OTC US
1/31/18,VICI US,VICI Properties Inc,1391.5,20,10,6.05E+07,"Deutsche Bank, Citi, Barclays, BofA Securities, Goldman Sachs, Morgan Stanley",Financial,7187.08,109.194,New York
1/30/18,MTECU US,MTech Acquisition Corp,57.5,10,0.699999988,5.00E+06,EarlyBirdCapital.com,Technology,59.75,, 
1/25/18,AGS US,PlayAGS Inc,188.6,16,15.625,1.03E+07,"Nomura, Truist Securities Inc, Stifel, Citi, BofA Securities, Macquarie, Jefferies, UBS, Deutsche Bank",Technology,562.661,11.0659, 
1/25/18,ARMO US,ARMO BioSciences Inc,147.2,17,74.94117737,7.53E+06,"Jefferies, Leerink Partners LLC, BMO Capital Markets","Consumer, Non-cyclical",516.887,, 
1/25/18,SLDB US,Solid Biosciences Inc,143.75,16,41.375,7.81E+06,"JP Morgan, Goldman Sachs, Leerink Partners LLC","Consumer, Non-cyclical",565.166,86.1152,NASDAQ GS
1/25/18,GPAQU US,Gordon Pointe Acquisition Corp,125,10,0,1.25E+07,B Riley Financial Inc,Diversified,125,67.445, 
1/25/18,ACET US,Adicet Bio Inc,97.7505,15,12.53333378,5.67E+06,"BofA Securities, Leerink Partners LLC, Evercore","Consumer, Non-cyclical",420.695,,NASDAQ CM
1/25/18,HYPD US,Hyperion DeFi Inc,27.3,10,-0.800000012,2.73E+06,"Ladenburg Thalmann & Co, Roth Capital Partners Inc","Consumer, Non-cyclical",99.367,20.3458,NASDAQ CM
1/24/18,GTES US,Gates Industrial Corp PLC,841.225,19,-2.631578922,3.85E+07,"RBC Capital Markets, Goldman Sachs, UBS, Barclays, Citi, Morgan Stanley",Industrial,5505.25,113.99,New York
1/24/18,VYNE US,VYNE Therapeutics Inc,136.85,17,68.88235474,7.00E+06,"Jefferies, Piper Sandler & Co, Guggenheim Capital","Consumer, Non-cyclical",390.626,25.3229,NASDAQ CM
1/24/18,SSBP US,SSB Bancorp Inc,10.117,10,-5.5,1.01E+06,Stifel,Financial,22.483,54.2534,OTC US
1/18/18,ADT US,ADT Inc,1470,14,-11.5,1.05E+08,"UBS, BofA Securities, Citi, RBC Capital Markets, Deutsche Bank, Barclays, Morgan Stanley, Goldman Sachs","Consumer, Non-cyclical",10485.3,103.131,New York
1/18/18,COLD US,Americold Realty Trust Inc,833.52,16,11.0625,4.53E+07,"BofA Securities, JP Morgan, RBC Capital Markets",Financial,2208.61,123.363,New York
1/18/18,NINEQ US,Nine Energy Service Inc,185.15,23,13.47826099,7.00E+06,"UBS, BofA Securities, Wells Fargo, Goldman Sachs, JP Morgan",Energy,557.46,19.9026, 
1/17/18,OMAD/U US,Ranpak Holdings Corp,300,10,0,3.00E+07,"UBS, BofA Securities",Industrial,300,, 
1/12/18,LBRT US,Liberty Energy Inc,248.894,17,27.94117737,1.27E+07,"Evercore, JP Morgan, Citi, Wells Fargo, Goldman Sachs, Morgan Stanley",Energy,1205.04,102.736,New York
1/11/18,ILPT US,Industrial Logistics Properties Trust,480,24,-2.708333254,2.00E+07,"Wells Fargo, Morgan Stanley, BofA Securities, RBC Capital Markets, Citi, UBS",Financial,1560,49.8516,NASDAQ GS
1/11/18,EAGLU US,Target Hospitality Corp,325,10,0.100000002,3.00E+07,"BofA Securities, Deutsche Bank","Consumer, Non-cyclical",325,6.39077, 
1/9/18,NEBUU US,NAC Surviving Corp,275,10,0.200000003,2.50E+07,"Deutsche Bank, Goldman Sachs",Diversified,275,5.81818, 
12/27/17,CUE US,Cue Biopharma Inc,66.1553,7.5,55.06666565,8.82E+06,"MDB Capital Group LLC, Feltl & Co","Consumer, Non-cyclical",144.805,25.5429,NASDAQ CM
12/27/17,OIL CN,Permex Petroleum Corp,3.21684,0.5,20,8.13E+06,"Canaccord Genuity, Gravitas Securities Inc",Energy,19.0126,4.72203,Canadian Sec
12/26/17,QNTA US,Quanta Inc,1.5,0.2,900,7.50E+06,,"Consumer, Non-cyclical",13.0894,, 
12/22/17,LVO US,LiveOne Inc,21.8408,4,0,5.00E+06,Citizens Financial Group Inc,Communications,200.444,15.9193,NASDAQ CM
12/14/17,NMRK US,Newmark Group Inc,322,14,-0.357142866,2.00E+07,"Cantor Fitzgerald, Citi, Goldman Sachs, BofA Securities",Financial,1940.32,79.8544,NASDAQ GS
12/14/17,CASSQ US,Casa Systems Inc,89.7,13,10.76923084,6.00E+06,"Morgan Stanley, Barclays",Communications,1052.97,43.8443, 
12/7/17,DNLI US,Denali Therapeutics Inc,287.5,18,19.16666603,1.39E+07,"Goldman Sachs, JP Morgan, Morgan Stanley","Consumer, Non-cyclical",1583.63,101.048,NASDAQ GS
12/7/17,LBC US,Luther Burbank Corp,150.204,10.75,9.302325249,1.22E+07,"Stifel, Sandler O'Neill & Partners",Financial,601.704,48.5721, 
12/6/17,ODTC US,Odonate Inc,150,24,-4.166666508,6.25E+06,"Goldman Sachs, Jefferies, TD Securities","Consumer, Non-cyclical",645.37,,OTC US
12/6/17,CUROQ US,Curo Group Holdings Corp,107.334,14,1.428571463,6.67E+06,"Jefferies, UBS, Stephens Inc",Financial,637.86,13.595, 
12/6/17,QTRX US,Quanterix Corp,73.7475,15,16.46666718,4.28E+06,"JP Morgan, Leerink Partners LLC, TD Securities","Consumer, Non-cyclical",327.313,86.4287,NASDAQ GM
12/4/17,PBIT CN,POSaBIT Systems Corp,0.16927,0.1,70,2.15E+06,Haywood Securities Inc,Technology,0.334602,,Canadian Sec
12/1/17,LACQU US,Ensysce Biosciences Inc,200,10,-0.400000006,2.00E+07,Morgan Stanley,"Consumer, Non-cyclical",200,, 
11/30/17,RWGE/U US,Regalwood Global Energy Ltd,300,10,0,3.00E+07,"Citi, JP Morgan",Diversified,300,, 
11/30/17,IHTA US,Invesco High Income 2024 Target Term Fund,81,10,0,8.10E+06,"RBC Capital Markets, Wells Fargo, Morgan Stanley",Financial,0,6.34738, 
11/28/17,BOXL US,Boxlight Corp,7,7,14,1.00E+06,Aegis Capital Corp,"Consumer, Cyclical",57.9516,9.85292,NASDAQ CM
11/21/17,2196165D AU,Credible Labs Inc,50.783,1.21,9.09090519,5.54E+07,Bell Potter Securities Ltd,Communications,232.126,1.83034, 
11/20/17,BRPAU US,NRX Therapeutics Inc,69,10,0.100000002,6.00E+06,EarlyBirdCapital.com,"Consumer, Non-cyclical",71.5,, 
11/17/17,ENVB US,Enveric Biosciences Inc,6.0696,4.115,-15.18833065,1.48E+06,Northland Securities Group LLC,"Consumer, Non-cyclical",71.3179,9.22682,NASDAQ CM
11/16/17,LGC/U US,PARTS iD Inc,300,10,0,3.00E+07,"Cantor Fitzgerald, Wells Fargo, Stifel",Communications,300,, 
11/16/17,2542797D US,Sailpoint Technologies Holdings Inc,276,12,8.333333015,2.00E+07,"Morgan Stanley, Citi, Jefferies, RBC Capital Markets",Technology,1044.65,15.1944, 
11/16/17,SBT US,Sterling Bancorp Inc/MI,207,12,1.333333373,1.50E+07,Sandler O'Neill & Partners,Financial,635.56,15.2572, 
11/16/17,SFIX US,Stitch Fix Inc,138,15,1,8.00E+06,"Goldman Sachs, JP Morgan, Barclays, RBC Capital Markets",Communications,138,93.577,NASDAQ GS
11/16/17,BXG US,Bluegreen Vacations Corp,104.628,14,-7.142857075,6.50E+06,"UBS, Stifel, BofA Securities, Truist Securities Inc","Consumer, Cyclical",1046.28,92.7939, 
11/16/17,SCPH US,scPharmaceuticals Inc,102.13,14,0.714285731,6.40E+06,"Jefferies, Leerink Partners LLC, BMO Capital Markets","Consumer, Non-cyclical",259.073,20.7751, 
11/16/17,AKU/U CN,Akumin Inc,28.8033,3.5,35.9163475,1.05E+07,Clarus Securities,"Consumer, Non-cyclical",0,, 
11/16/17,YCBD US,cbdMD Inc,12,6,-7.5,2.00E+06,Joseph Gunnar & Co,"Consumer, Non-cyclical",44.9538,11.1963,NYSEAmerican
11/15/17,1837688D LN,Radius Global Infrastructure I,484,10,-2.5,,"UBS, Goldman Sachs, Morgan Stanley",Financial,0,32.8854, 
11/15/17,XFOR US,X4 Pharmaceuticals Inc,46,10,40.29999924,4.00E+06,"Citi, TD Securities, Piper Sandler & Co","Consumer, Non-cyclical",142.944,106.403,NASDAQ CM
11/14/17,SEND US,SendGrid Inc,150.88,16,12.5,8.20E+06,"Morgan Stanley, JP Morgan",Technology,0,0.0654438, 
11/14/17,BOKU LN,Boku Inc,58.0128,59,24.57627106,7.53E+07,,"Consumer, Non-cyclical",165.999,87.235,London
11/13/17,CSAu CN,Ayr Wellness Inc,105.887,10,-0.200000003,1.25E+07,Canaccord Genuity,"Consumer, Non-cyclical",0,, 
11/9/17,BAND US,Bandwidth Inc,83.26,20,5.949999809,4.00E+06,"Morgan Stanley, KeyBanc Capital Markets, Robert W Baird & Co",Technology,80.696,83.9508,NASDAQ GS
11/8/17,APLS US,Apellis Pharmaceuticals Inc,172.495,14,0.214285716,1.07E+07,"JP Morgan, Citi, Evercore","Consumer, Non-cyclical",712.096,107.238,NASDAQ GS
11/7/17,MCB US,Metropolitan Bank Holding Corp,124.775,35,6.314285755,3.10E+06,"JP Morgan, Stifel",Financial,286.93,78.7399,New York
11/7/17,STEL US,Stellar Bancorp Inc,71.76,26,10.42307663,2.40E+06,"Stephens Inc, Stifel",Financial,645.401,65.4254,New York
11/6/17,1337 HK,Razer Inc,608.456,3.88,18.04123306,1.06E+09,"China International Capital Corp, China Merchants Bank, UBS, Industrial & Commercial Bank of China, UOB-Kay Hian Holdings Ltd",Technology,4486.91,51.9325, 
11/6/17,MRBK US,Meridian Corp,39.9993,17,7.352941036,2.35E+06,Sandler O'Neill & Partners,Financial,0,66.2199,NASDAQ GS
11/3/17,ACMR US,ACM Research Inc,12.5048,5.6,8.035716057,2.00E+06,Roth Capital Partners Inc,Technology,72.4388,85.5987,NASDAQ GM
11/2/17,STNLU US,Sentinel Energy Services Inc,345,10,0.5,3.00E+07,"Citi, Goldman Sachs, UBS",Diversified,345,, 
11/2/17,AQ US,Aquantia Corp,70.5663,9,5.666666508,6.82E+06,"Morgan Stanley, Barclays, Deutsche Bank",Technology,300.094,14.1472, 
11/1/17,AQUA US,Evoqua Water Technologies Corp,575.001,18,16,2.78E+07,"JP Morgan, UBS, RBC Capital Markets, Citi, Goldman Sachs",Industrial,2039.08,9.30194, 
11/1/17,FNKO US,Funko Inc,125,12,-41.08333206,1.04E+07,"Goldman Sachs, JP Morgan, BofA Securities, Jefferies, Piper Sandler & Co","Consumer, Cyclical",280.052,86.2739,NASDAQ GS
11/1/17,SPRO US,Spero Therapeutics Inc,83.601,14,-17.8571434,5.50E+06,"BofA Securities, TD Securities, Stifel","Consumer, Non-cyclical",201.169,17.4818,NASDAQ GS
11/1/17,ALNAQ US,Allena Pharmaceuticals Inc,74.6662,14,-28.7142849,5.33E+06,"UBS, Jefferies, TD Securities","Consumer, Non-cyclical",288.705,, 
11/1/17,FEED US,ENvue Medical Inc,6.0001,4.9,41.83673096,1.22E+06,Dawson James Securities,"Consumer, Non-cyclical",17.1005,3.72433,NASDAQ CM
10/31/17,ALTR US,Altair Engineering Inc,179.4,13,40.84615326,1.20E+07,"JP Morgan, RBC Capital Markets, Deutsche Bank",Technology,301.438,13.3131, 
10/27/17,DCF US,BNY Mellon Alcentra Global Credit Income 2024 Target Term Fund Inc,149.512,10,-0.400000006,1.40E+07,"Morgan Stanley, UBS, Wells Fargo",Financial,0,8.30779, 
10/27/17,MBIN US,Merchants Bancorp/IN,115,16,5,6.25E+06,"Stephens Inc, Sandler O'Neill & Partners, Raymond James & Associates",Financial,458.963,36.1683,NASDAQ CM
10/26/17,FSCT US,Forescout Technologies Inc,133.584,22,15.909091,5.28E+06,"Morgan Stanley, JP Morgan, Citi, BofA Securities, UBS",Technology,831.728,, 
10/25/17,BPMP US,BP Midstream Partners LP,860.299,18,-4.166666508,4.25E+07,"UBS, JP Morgan, Barclays, Morgan Stanley, Goldman Sachs, Citi",Energy,1038.06,, 
10/25/17,EYE US,National Vision Holdings Inc,399.74,22,26.5,1.58E+07,"Kohlberg Kravis Roberts & Co, BofA Securities, Goldman Sachs, Citi, Morgan Stanley, Jefferies, UBS, Wells Fargo","Consumer, Cyclical",1642.38,118.643,NASDAQ GS
10/24/17,1719252D US,Haymaker Acquisition Corp,330,10,0.100000002,3.00E+07,Cantor Fitzgerald,"Consumer, Cyclical",0,0.687215, 
10/20/17,FATAQ US,FAT Brands Inc,24,12,-5.666666508,2.00E+06,TriPoint Global Equities LLC,"Consumer, Cyclical",0,44.6805,OTC US
10/19/17,950160 KS,Kolon TissueGene Inc,178.706,27000,58.14814758,7.50E+06,NH Financial Group,"Consumer, Non-cyclical",1440.64,0.734441,KOSDAQ
10/19/17,RDNW US,RideNow Group Inc,16.005,5.5,-7.454545498,2.91E+06,"Roth Capital Partners Inc, Maxim Group LLC","Consumer, Cyclical",60.6018,43.6266,NASDAQ CM
10/18/17,MOSC/U US,Vivint Smart Home Inc,345,10,1.5,3.00E+07,"Deutsche Bank, RBC Capital Markets, JP Morgan","Consumer, Non-cyclical",345,3.92522, 
10/18/17,MDB US,MongoDB Inc,220.8,24,33.625,8.00E+06,"Goldman Sachs, Morgan Stanley, Allen & Co, Barclays",Technology,1204.04,95.8294,NASDAQ GM
10/12/17,2624776D US,Optinose Inc,138,16,18.75,7.50E+06,"Piper Sandler & Co, Jefferies, BMO Capital Markets, RBC Capital Markets","Consumer, Non-cyclical",604.181,36.1348, 
10/12/17,KIDS US,OrthoPediatrics Corp,59.8,13,47.84615326,4.00E+06,"Piper Sandler & Co, Stifel","Consumer, Non-cyclical",164.377,97.6847,NASDAQ GM
10/11/17,CARG US,Cargurus Inc,172.96,16,72.375,9.40E+06,"Goldman Sachs, Allen & Co, RBC Capital Markets",Communications,1256.88,111.528,NASDAQ GS
10/11/17,VERO US,Venus Concept Inc,28.7791,7,41.7142868,3.58E+06,National Securities Corp,"Consumer, Non-cyclical",203.821,7.20699, 
10/10/17,8989898D US,FFBW Inc/Wisconsin,29.506,10,15.30000019,2.95E+06,FIG Partners LLC,Financial,0,, 
10/5/17,SWCH US,Switch Inc,610.938,17,22.58823586,3.13E+07,"Jefferies, UBS, Citi, Wells Fargo, BMO Capital Markets, Goldman Sachs, JP Morgan",Communications,610.938,1.05672, 
10/4/17,1913362D US,Allied Gaming & Entertainment,138,10,1.5,1.20E+07,EarlyBirdCapital.com,"Consumer, Cyclical",0,4.34955, 
10/4/17,RYTM US,Rhythm Pharmaceuticals Inc,137.827,17,76.47058868,7.05E+06,"Morgan Stanley, BofA Securities, TD Securities","Consumer, Non-cyclical",454.719,110.541,NASDAQ GM
9/29/17,9990825D US,PDL Community Bancorp,83.08,10,49,8.31E+06,Raymond James & Associates,Financial,0,13.7944, 
9/28/17,ECVT US,Ecovyst Inc,507.5,17.5,-1.428571463,2.90E+07,"Morgan Stanley, Goldman Sachs, Citi, UBS, Jefferies, JP Morgan, Deutsche Bank, KeyBanc Capital Markets",Basic Materials,2366.35,111.722,New York
9/27/17,ROKU US,Roku Inc,252.255,14,67.85713959,1.57E+07,"Morgan Stanley, Citi, Allen & Co, RBC Capital Markets",Communications,219.352,88.9336,NASDAQ GS
9/27/17,DCPH US,Deciphera Pharmaceuticals Inc,138.831,17,3.823529482,7.50E+06,"JP Morgan, Piper Sandler & Co","Consumer, Non-cyclical",554.059,38.9674, 
9/27/17,XFLT US,XAI Octagon Floating Rate Alternative Income Trust,72.5,10,0.899999976,7.25E+06,"UBS, National Securities Corp, Wunderlich Securities Inc, Ladenburg Thalmann & Co, Wedbush Securities Inc, Maxim Group LLC, Newbridge Securities Corp, Truist Securities Inc",Financial,0,27.3551,New York
9/26/17,JEMD US,Nuveen Emerging Markets Debt 2022 Target Term Fund,130,10,0,1.30E+07,"Nuveen Investments Inc, BofA Securities, Wells Fargo, Morgan Stanley",Financial,0,6.82824, 
9/25/17,JTWO LN,API Group Corp,1210,10,6.949999809,1.21E+08,"Citi, UBS","Consumer, Non-cyclical",0,0.34278, 
9/21/17,FUVV US,Arcimoto Inc,19.5,6.5,-11.53846169,3.00E+06,WR Hambrecht + Co LLC,"Consumer, Cyclical",0,9.89982,OTC US
9/21/17,SLT/H CN,Specialty Liquid Transportation Corp,0.40555,0.1,19.99999809,5.00E+06,Haywood Securities Inc,Industrial,0.640769,, 
9/20/17,OMP US,Oasis Midstream Partners LP,146.625,17,-1.470588207,7.50E+06,"RBC Capital Markets, JP Morgan, Goldman Sachs, Deutsche Bank, UBS, Wells Fargo, Citi, Morgan Stanley",Energy,252.875,, 
9/20/17,CELC US,Celcuity Inc,26.22,9.5,50.42105103,2.40E+06,Craig-Hallum Capital Group Ltd,"Consumer, Non-cyclical",95.7799,99.8197,NASDAQ CM
9/19/17,KRYS US,Krystal Biotech Inc,45.54,10,6.400000095,3.96E+06,Ladenburg Thalmann & Co,"Consumer, Non-cyclical",102.372,100.838,NASDAQ GS
9/19/17,6697 JP,Techpoint Inc,10.3156,650,111.0769196,1.52E+06,Mizuho Financial,Technology,8.84161,2.0592, 
9/14/17,TRMT US,Tremont Mortgage Trust,50,20,-13.55000019,2.50E+06,"Citi, RBC Capital Markets, UBS",Financial,62.002,0.000950397, 
9/14/17,DOTAU US,Draper Oakwood Technology Acquisition Inc,50,10,1.299999952,5.00E+06,EarlyBirdCapital.com,Communications,52.5,10.014, 
9/13/17,SPCE/U US,Virgin Galactic Holdings Inc,690,10,3.099999905,6.00E+07,UBS,Industrial,690,113.108, 
8/24/17,HGC AU,HyGIeaCare Inc,7.906,0.4,,2.50E+07,Kentgrove Capital Pty Ltd,"Consumer, Non-cyclical",27.671,,ASE
8/17/17,IAMXU US,Simplicity Esports and Gaming Co,50,10,0.600000024,5.00E+06,Maxim Group LLC,Technology,52.545,, 
8/17/17,CSSEQ US,Chicken Soup For The Soul Entertainment Inc,30,12,-22.91666603,2.50E+06,"Benchmark Co Inc/The, Weild & Co, HCFP/Capital Markets LLC",Communications,0,,OTC US
8/15/17,1875234D US,Custom Truck One Source Inc,402.5,10,0.200000003,3.50E+07,"Citi, Deutsche Bank, JP Morgan","Consumer, Non-cyclical",402.5,0.609906, 
8/10/17,RNGR US,Ranger Energy Services Inc,85.0005,14.5,-1.931034446,5.86E+06,"UBS, Piper Sandler & Co, Wells Fargo",Energy,121.991,93.269,New York
8/10/17,YOGAQ US,YogaWorks Inc,40.15,5.5,-11.81818199,7.30E+06,"Stephens Inc, TD Securities, Guggenheim Capital","Consumer, Cyclical",89.15,0.547938, 
8/9/17,ATACU US,HF Foods Group Inc,44.25,10,0.400000006,4.00E+06,Chardan Capital Markets LLC,"Consumer, Non-cyclical",0,13.2028, 
8/7/17,WHWK US,Whitehawk Therapeutics Inc,136.835,0,,2.74E+07,,"Consumer, Non-cyclical",0,81.092,NASDAQ CM
8/3/17,CTXR US,Citius Pharmaceuticals Inc,6.8001,4.125,-24.84848404,8.00E+06,Aegis Capital Corp,"Consumer, Non-cyclical",27.661,15.4051,NASDAQ CM
7/31/17,9991020D US,Bank of Princeton/The,55.2,32,19.53125,1.50E+06,Sandler O'Neill & Partners,Financial,0,, 
7/28/17,FRGT US,Freight Technologies Inc,20.231,10,23,2.02E+06,"Network 1 Financial, Boustead Securities LLC",Technology,230,17.148,NASDAQ CM
7/27/17,WRLSU US,American Virtual Cloud Technol,310.5,10,0.400000006,2.70E+07,EarlyBirdCapital.com,Technology,310.5,, 
7/27/17,EFL US,Eaton Vance Floating-Rate 2022 Target Term Trust,210,10,0.100000002,2.10E+07,"UBS, BofA Securities, Wells Fargo, Morgan Stanley",Financial,0,0.567285, 
7/27/17,RDFN US,Redfin Corp,159.236,15,44.66666794,9.23E+06,"Goldman Sachs, Allen & Co, BofA Securities, RBC Capital Markets",Financial,1213.82,11.4837, 
7/26/17,INDUU US,Industrea Acquisition Corp,230,10,0.300000012,2.00E+07,B Riley Financial Inc,Industrial,230,, 
7/26/17,SNNAQ US,Sienna Biopharmaceuticals Inc,74.7495,15,28.33333397,4.33E+06,"JP Morgan, TD Securities, BMO Capital Markets","Consumer, Non-cyclical",308.075,13.41,OTC US
7/25/17,RBB US,RBB Bancorp,86.25,23,1.521739125,3.75E+06,"Stifel, Sandler O'Neill & Partners, Stephens Inc",Financial,360.769,54.7181,NASDAQ GS
7/20/17,OSPRU US,Str Sub Inc,275,10,0.200000003,2.50E+07,UBS,Energy,275,, 
7/20/17,PETQ US,PetIQ Inc,115,16,45.75,6.25E+06,"Jefferies, William Blair & Co LLC","Consumer, Non-cyclical",202.229,16.7877, 
7/19/17,TRTX US,TPG RE Finance Trust Inc,233,20,-2.099999905,1.10E+07,"Barclays, Morgan Stanley, JP Morgan, Deutsche Bank, Wells Fargo, Goldman Sachs, Citi, BofA Securities",Financial,1202.53,90.164,New York
7/19/17,KALA US,KALA BIO Inc,103.5,15,23.26666641,6.00E+06,"BofA Securities, JP Morgan, Wells Fargo","Consumer, Non-cyclical",362.751,21.7751,NASDAQ CM
7/19/17,CBUS US,Cibus Inc,64.4,8,40.625,7.00E+06,"Citi, Jefferies, Wells Fargo","Consumer, Non-cyclical",221.2,19.3938,NASDAQ CM
7/18/17,FSACU US,Federal Street Acquisition Corp,460,10,1,4.00E+07,"Citi, BofA Securities","Consumer, Non-cyclical",460,1.04391, 
7/14/17,EMMA US,Emmaus Life Sciences Inc,8.7937,5.25,-17.52380943,1.68E+06,"Maxim Group LLC, Aegis Capital Corp","Consumer, Non-cyclical",22.124,,OTC US
7/13/17,AKCA US,Akcea Therapeutics Inc,143.75,8,18.5,1.56E+07,"Stifel, TD Securities, Wells Fargo","Consumer, Non-cyclical",532.334,, 
7/12/17,CODX US,Co-Diagnostics Inc,7.071,6,-3.166666746,1.18E+06,"Network 1 Financial, Wallachbeth Capital LLC","Consumer, Non-cyclical",0,10.3402,NASDAQ CM
6/29/17,BY US,Byline Bancorp Inc,124.545,19,5.526315689,5.70E+06,"BofA Securities, Stifel",Financial,555.691,58.5619,New York
6/29/17,TNTRQ US,Tintri Inc,67.004,7,3.857142925,8.57E+06,"Morgan Stanley, BofA Securities, KeyBanc Capital Markets",Technology,219.717,0.0961617, 
6/29/17,PIXY US,ShiftPixy Inc,12,6,28.33333397,2.00E+06,WR Hambrecht + Co LLC,Technology,171.251,10.4824, 
6/28/17,APRN US,Blue Apron Holdings Inc,300,10,0,3.00E+07,"Stifel, Truist Securities Inc, RBC Capital Markets, Barclays, Citi, Morgan Stanley, Goldman Sachs","Consumer, Non-cyclical",1890.58,10.5579, 
6/28/17,DOVA US,Dova Pharmaceuticals Inc,75.055,17,16.52941132,4.42E+06,"JP Morgan, Jefferies, Leerink Partners LLC","Consumer, Non-cyclical",424.833,, 
6/28/17,RNTX US,Rein Therapeutics Inc,56.25,15,-28,3.75E+06,"BofA Securities, Jefferies","Consumer, Non-cyclical",220.653,40.2347,NASDAQ CM
6/27/17,TPGH/U US,Accel Entertainment Inc,450,10,2.5,4.00E+07,"Deutsche Bank, Goldman Sachs, JP Morgan","Consumer, Cyclical",450,, 
6/27/17,CBH US,Virtus Convertible & Income 2024 Target Term Fund,182.468,10,0,1.65E+07,"Truist Securities Inc, Stifel, Ameriprise Financial Inc, RBC Capital Markets, BofA Securities, UBS, Morgan Stanley, Wells Fargo",Financial,0,6.82794, 
6/27/17,MRSN US,Mersana Therapeutics Inc,75,15,-6.666666508,5.00E+06,"JP Morgan, TD Securities, Leerink Partners LLC","Consumer, Non-cyclical",339.684,43.1271, 
6/26/17,ESQ US,Esquire Financial Holdings Inc,38.059,14,8.928571701,2.36E+06,Sandler O'Neill & Partners,Financial,100.962,69.6636,NASDAQ CM
6/26/17,ATXI US,Avenue Therapeutics Inc,37.95,6,37.5,5.50E+06,Oppenheimer & Co,"Consumer, Non-cyclical",57.999,3.9707,OTC US
6/22/17,HCAC/U US,NRC Group Holdings Corp,256.65,10,0,2.25E+07,"UBS, Stifel",Industrial,256.65,, 
6/22/17,GPMT US,Granite Point Mortgage Trust Inc,195,19.5,-2.56410265,1.00E+07,"Morgan Stanley, JP Morgan, Citi, BofA Securities",Financial,843.001,47.6103,New York
6/22/17,FFI LN,FFI Holdings PLC,75.3121,150,5,3.94E+07,,"Consumer, Cyclical",298.385,42.781, 
6/21/17,OPTU US,Optimum Communications Inc,2151.73,30,9.033333778,6.39E+07,"RBC Capital Markets, Deutsche Bank, Credit Agricole CIB, BNP Paribas, Barclays, BofA Securities, Goldman Sachs, Citi, JP Morgan, Morgan Stanley",Communications,22112.1,108.857,New York
6/21/17,2238067D US,Safehold Inc,205,20,-5,1.03E+07,"BofA Securities, Barclays, JP Morgan, Citi, Raymond James & Associates",Financial,363.8,57.9122, 
6/21/17,OLOX US,Olenox Industries Inc,8.625,5,-1.600000024,1.50E+06,Joseph Gunnar & Co,Industrial,21.036,9.73678,NASDAQ CM
6/19/17,CNACU US,DermTech Inc,143.75,10,0.100000002,1.25E+07,TD Securities,"Consumer, Non-cyclical",180.05,102.513, 
6/16/17,BOC US,Boston Omaha Corp,97.0495,13,1.538461566,6.54E+06,TD Securities,Communications,172.994,68.3888,New York
6/15/17,EVTV US,Envirotech Vehicles Inc,12.5,5,45,2.50E+06,Boustead Management Services Sdn Bhd,"Consumer, Cyclical",0,5.31491,NASDAQ CM
6/15/17,NBVA CN,Nubeva Technologies Ltd,0.252573,0.1,170,3.36E+06,PI Financial Corp,Technology,0.624658,,Venture
6/14/17,ATNXQ US,Athenex Inc,75.9,11,14.18181801,6.00E+06,"Deutsche Bank, JP Morgan, UBS","Consumer, Non-cyclical",626.384,5.91856, 
6/13/17,CGBD US,Carlyle Secured Lending Inc,174.903,18.5,-2.108108044,9.00E+06,"Citi, JP Morgan, Morgan Stanley, BofA Securities, Stifel, Wells Fargo",Financial,1136.28,38.3717,NASDAQ GS
6/13/17,ASA NO,Atlantic Sapphire ASA,70.2421,280,7.142857075,2.12E+06,"Arctic Securities, DNB ASA","Consumer, Non-cyclical",153.59,14.4359,Oslo
6/9/17,MYO US,Myomo Inc,4.9913,7.5,-1.333333373,665500,TriPoint Global Equities LLC,"Consumer, Non-cyclical",0,51.0503,NYSEAmerican
6/8/17,PLYM US,Plymouth Industrial REIT Inc,58.14,19,-3.210526228,2.90E+06,"DA Davidson & Co, Truist Securities Inc, Oppenheimer & Co",Financial,71.9473,95.721, 
6/7/17,SSTI US,SoundThinking Inc,35.42,11,30.72727203,2.80E+06,Roth Capital Partners Inc,"Consumer, Non-cyclical",104.862,93.5116,NASDAQ CM
6/1/17,KBLMU US,Forum Markets Inc,115,10,0,1.00E+07,"Ladenburg Thalmann & Co, B Riley Financial Inc",Financial,119.5,, 
5/24/17,WOW US,WideOpenWest Inc,356.5,17,-2.941176414,1.82E+07,"UBS, RBC Capital Markets, Truist Securities Inc, Evercore, Macquarie",Communications,1486.98,7.12945, 
5/24/17,APPN US,Appian Corp,86.25,12,25.08333397,6.25E+06,"Goldman Sachs, Morgan Stanley, Barclays",Technology,704.255,86.7131,NASDAQ GM
5/23/17,PENG US,Penguin Solutions Inc,58.3,11,22.27272797,5.30E+06,"Barclays, Deutsche Bank, Jefferies, Stifel",Technology,227.78,120.598,NASDAQ GS
5/16/17,MMDMU US,Modern Media Acquisition Corp,207,10,1.100000024,1.80E+07,Macquarie,Communications,207,, 
5/16/17,GTHX US,G1 Therapeutics Inc,116.724,15,0,7.00E+06,"JP Morgan, TD Securities","Consumer, Non-cyclical",422.931,14.1527, 
5/12/17,NESRU US,National Energy Services Reunited Corp,229.217,10,0,2.10E+07,"Maxim Group LLC, National Bank Financial Inc",Energy,229.217,50.851, 
5/12/17,ASV US,ASV Holdings Inc,30.59,7,12.14285755,3.80E+06,Roth Capital Partners Inc,Industrial,70.49,, 
5/11/17,IR US,Ingersoll Rand Inc,949.9,20,5.5,4.13E+07,"Kohlberg Kravis Roberts & Co, Robert W Baird & Co, Morgan Stanley, UBS, Deutsche Bank, Piper Sandler & Co, Citi, Goldman Sachs",Industrial,3918.54,122.961,New York
5/11/17,SEI US,Solaris Energy Infrastructure,121.2,12,-3.75,1.01E+07,"Piper Sandler & Co, Wells Fargo, Tudor Pickering Holt & Co LLC, Evercore, Morgan Stanley, UBS, Goldman Sachs",Energy,121.2,126.529,New York
5/11/17,VERI US,Veritone Inc,37.5,15,-12.86666679,2.50E+06,Wunderlich Securities Inc,Technology,208.194,39.69,NASDAQ GM
5/9/17,FPH US,Five Point Holdings LLC,338.1,14,7.428571224,2.10E+07,"Citi, JP Morgan, RBC Capital Markets, Wells Fargo, Deutsche Bank, Evercore, Zelman Partners LLC, Citizens Financial Group Inc",Financial,3143.38,71.9097,New York
5/9/17,NDRAU US,ENDRA Life Sciences Inc,8.4,5,4,1.68E+06,National Securities Corp,"Consumer, Non-cyclical",22.216,, 
5/8/17,GNTY US,Guaranty Bancshares Inc/TX,54,27,11.48148155,365000,Sandler O'Neill & Partners,Financial,290.355,7.89832, 
5/4/17,TPGE/U US,Magnolia Oil & Gas Corp,650,10,1.399999976,6.00E+07,"Deutsche Bank, Goldman Sachs, Citi, UBS",Energy,650,0.199231, 
5/4/17,KREF US,KKR Real Estate Finance Trust Inc,241.644,20.5,7.951219559,1.03E+07,"Kohlberg Kravis Roberts & Co, Morgan Stanley, Wells Fargo, Barclays, Goldman Sachs, JP Morgan",Financial,1101.09,76.52,New York
5/4/17,OVID US,Ovid therapeutics Inc,75,15,-18.33333397,5.00E+06,"Citi, TD Securities","Consumer, Non-cyclical",369.029,46.005,NASDAQ CM
5/3/17,AM US,Antero Midstream Corp,875.375,23.5,-6.382978916,3.73E+07,"JP Morgan, Barclays, Morgan Stanley",Energy,4375,90.3067,New York
5/3/17,2177859D US,Biohaven Pharmaceutical Holding Co Ltd,193.545,17,2.941176414,9.90E+06,"Morgan Stanley, Piper Sandler & Co, Barclays","Consumer, Non-cyclical",607.165,, 
5/3/17,URGN US,UroGen Pharma Ltd,66.8772,13,7.538461685,4.47E+06,"Jefferies, TD Securities","Consumer, Non-cyclical",164.365,105.817,NASDAQ GM
4/27/17,EEX US,Emerald Holding Inc,303.025,17,14.70588207,1.55E+07,"Barclays, Goldman Sachs, BofA Securities, Citi, UBS, Deutsche Bank, RBC Capital Markets","Consumer, Non-cyclical",1227.44,97.8239,New York
4/27/17,CLDR US,Cloudera Inc,258.75,15,20.66666603,1.50E+07,"Morgan Stanley, JP Morgan, BofA Securities, Citi, Allen & Co, Deutsche Bank",Technology,1954.71,, 
4/27/17,CVNA US,Carvana Co,225,15,-26,1.50E+07,"Wells Fargo, BofA Securities, Citi, Deutsche Bank","Consumer, Cyclical",225,109.78,New York
4/27/17,NCSM US,NCS Multistage Holdings Inc,185.725,17,17.70588303,9.50E+06,"Citi, Wells Fargo, UBS, JP Morgan, Piper Sandler & Co, Raymond James & Associates, RBC Capital Markets, Tudor Pickering Holt & Co LLC",Energy,770.528,72.458,NASDAQ CM
4/26/17,FND US,Floor & Decor Holdings Inc,213.087,21,52.61904907,8.82E+06,"BofA Securities, Barclays, UBS","Consumer, Cyclical",1939.53,120.931,New York
4/21/17,1475663D US,IASO BioMed Inc,6.5,0.5,,1.30E+07,,"Consumer, Non-cyclical",21.7138,, 
4/20/17,PCSB US,PCSB Financial Corp,178.264,10,64.59999847,1.78E+07,,Financial,181.651,28.8935, 
4/20/17,WTTR US,Select Water Solutions Inc,140.07,14,0.142857149,8.70E+06,"B Riley Financial Inc, Wells Fargo, UBS, BofA Securities, Citi, JP Morgan",Energy,197.162,88.6232,New York
4/12/17,HCC US,Warrior Met Coal Inc,316.667,19,-5.263157845,1.67E+07,"UBS, Citi, Morgan Stanley, BMO Capital Markets, RBC Capital Markets",Energy,1016.5,102.885,New York
4/12/17,9966911D US,Cadence BanCorp,172.5,20,7.75,7.50E+06,"Goldman Sachs, JP Morgan",Financial,1672.5,, 
4/12/17,YEXT US,Yext Inc,132.825,11,21.90909004,1.05E+07,"Morgan Stanley, JP Morgan, RBC Capital Markets",Technology,957.71,80.0882,New York
4/12/17,FBRX US,Forte Biosciences Inc,97.75,10,24.5,8.50E+06,"Leerink Partners LLC, Evercore, Stifel","Consumer, Non-cyclical",197.768,92.9846,NASDAQ CM
4/11/17,VEACU US,Vantage Energy Acquisition Corp,552,10,0,4.80E+07,"Citi, UBS, Goldman Sachs",Diversified,472,, 
4/6/17,OKTA US,Okta Inc,215.05,17,38.29411697,1.10E+07,"Goldman Sachs, JP Morgan, Allen & Co",Technology,187,94.7553,NASDAQ GS
4/6/17,1638762D US,ConvergeOne Holdings Inc,150,10,0.200000003,1.50E+07,EarlyBirdCapital.com,Technology,155.55,, 
4/6/17,ELVT US,Elevate Credit Inc,92.69,6.5,19.38461494,1.24E+07,"UBS, Jefferies, Stifel, William Blair & Co LLC",Financial,268.838,5.79201, 
4/5/17,SNDR US,Schneider National Inc,612.75,19,0,2.89E+07,"UBS, Morgan Stanley, BofA Securities, Citi, JP Morgan, Wells Fargo",Industrial,3297.23,68.5099,New York
4/4/17,9876123D US,Hess Midstream Operations LP,390.931,23,11.30434799,1.48E+07,"Wells Fargo, Mitsubishi UFJ Financial Group Inc, JP Morgan, Citi, Goldman Sachs, Morgan Stanley",Energy,678.424,0.0873349, 
3/29/17,KAACU US,Kinetik Holdings Inc,377.321,10,0,3.50E+07,"Citi, UBS, Deutsche Bank",Energy,377.321,36.4268, 
3/29/17,JCO US,Nuveen Credit Opportunities 2022 Target Term Fund,255,10,0.100000002,2.55E+07,"Nuveen Investments Inc, UBS, Wells Fargo, Morgan Stanley",Financial,0,, 
3/28/17,ICCH US,ICC Holdings Inc,36.8,0,,3.68E+06,Griffin Financial Group,Financial,0,10.9161, 
3/23/17,SRUNU US,Alta Mesa Resources Inc,1035,10,3.599999905,9.00E+07,"Citi, UBS, Deutsche Bank, Goldman Sachs",Energy,1035,, 
3/23/17,AYX US,Alteryx Inc,144.9,14,10.71428585,9.00E+06,"Goldman Sachs, JP Morgan",Technology,144.9,13.2957, 
3/23/17,VLRXQ US,Valeritas Holdings Inc,52.5,10,-28.79999924,5.25E+06,"TD Securities, Wedbush Securities Inc","Consumer, Non-cyclical",68.896,0.143984, 
3/16/17,PUMP US,ProPetro Holding Corp,402.5,14,3.571428537,2.50E+07,"JP Morgan, UBS, Barclays, Goldman Sachs",Energy,1162.56,86.0251,New York
3/16/17,MULE US,MuleSoft Inc,254.15,17,45.58823395,1.30E+07,"Goldman Sachs, JP Morgan, BofA Securities, Allen & Co, Barclays, Jefferies",Technology,2141.86,0.100727, 
3/15/17,NODK US,NI Holdings Inc,103.5,10,47.5,1.04E+07,Griffin Financial Group,Financial,230,88.0054,NASDAQ CM
3/9/17,1871321D US,US Well Services Inc,325,10,0.100000002,3.00E+07,Cantor Fitzgerald,Energy,325,, 
3/9/17,PSDO US,Presidio Inc,262.721,14,1.785714269,1.67E+07,"Citi, JP Morgan, Barclays, RBC Capital Markets, UBS, Goldman Sachs, Evercore, Wells Fargo",Technology,1269.95,, 
3/9/17,BYSI US,Beyondspring Inc,3.486,20,-16,174300,Rodman & Renshaw Inc,"Consumer, Non-cyclical",434.158,27.3538,NASDAQ CM
3/8/17,JILL US,J Jill Inc,162.912,13,-2.692307711,1.17E+07,"BofA Securities, Morgan Stanley, Jefferies, Deutsche Bank, RBC Capital Markets, UBS, Wells Fargo","Consumer, Cyclical",568.723,96.2476,New York
3/1/17,SNAP US,Snap Inc,3910,17,44,2.00E+08,"UBS, Barclays, Allen & Co, Deutsche Bank, JP Morgan, Goldman Sachs, Morgan Stanley",Communications,19673.6,71.0959,New York
2/28/17,HLNE US,Hamilton Lane Inc,218.501,16,12.625,1.19E+07,"Morgan Stanley, JP Morgan",Financial,301.629,104.293,NASDAQ GS
2/25/17,BGIO US,BlackRock 2022 Global Income Opportunity Trust,210,10,0,2.10E+07,"BofA Securities, Wells Fargo, UBS, Morgan Stanley",Financial,0,, 
2/16/17,VTI AU,Visioneering Technologies Inc,25.6633,0.42,5.952384472,7.94E+07,Canaccord Genuity,"Consumer, Non-cyclical",64.1419,59.2805, 
2/13/17,NBEVQ US,NewAge Inc,17.2477,3.5,52.57143021,4.29E+06,"Aegis Capital Corp, Maxim Group LLC","Consumer, Non-cyclical",101.54,0.00034057, 
2/10/17,CLPR US,Clipper Realty Inc,86.2663,13.5,0,5.59E+06,"B Riley Financial Inc, Raymond James & Associates",Financial,240.473,32.3649,New York
2/9/17,FBM US,Foundation Building Materials Inc,206.08,14,10.71428585,1.28E+07,"Deutsche Bank, Barclays, RBC Capital Markets, Citi","Consumer, Cyclical",598.839,, 
2/9/17,SACH US,Sachem Capital Corp,13,5,0.800000012,2.60E+06,Joseph Gunnar & Co,Financial,55.666,18.8136,NYSEAmerican
2/2/17,KRP US,Kimbell Royalty Partners LP,90,18,14.66666698,5.00E+06,"Raymond James & Associates, RBC Capital Markets, Stifel",Energy,293.989,33.3151,New York
2/2/17,METC US,Ramaco Resources Inc,81,13.5,0.370370358,6.00E+06,"UBS, BMO Capital Markets, Jefferies, Clarksons, Seaport Group",Energy,527.345,93.1137,NASDAQ GS
1/31/17,INVH US,Invitation Homes Inc,1771,20,0,7.70E+07,"RBC Capital Markets, Morgan Stanley, Wells Fargo, Goldman Sachs, UBS, BofA Securities, Deutsche Bank, JP Morgan",Financial,6273.34,107.978,New York
1/31/17,LAUR US,Laureate Education Inc,490,14,-5.357142925,3.50E+07,"Goldman Sachs, Citi, BMO Capital Markets, Macquarie, JP Morgan, UBS, Morgan Stanley, Barclays","Consumer, Non-cyclical",490,104.123,NASDAQ GS
1/31/17,2609656D LN,Diversified Energy Co PLC,49.1264,65,-13.46153831,6.10E+07,,Energy,86.2733,32.4702, 
1/27/17,JPT US,Nuveen Preferred and Income Fu,162.5,25,-0.400000006,6.50E+06,"Ameriprise Financial Inc, BofA Securities, Truist Securities Inc, Nuveen Investments Inc, Oppenheimer & Co, RBC Capital Markets, Stifel, Wells Fargo",Financial,0,, 
1/26/17,JELD US,JELD-WEN Holding Inc,661.25,23,13.56521702,2.50E+07,"Wells Fargo, Goldman Sachs, BofA Securities, RBC Capital Markets, Deutsche Bank, JP Morgan, UBS, Barclays, Citi",Industrial,2412.29,96.8191,New York
1/26/17,2461881D US,Jagged Peak Energy Inc,473.985,15,-4.466666698,3.16E+07,"Wells Fargo, RBC Capital Markets, Goldman Sachs, JP Morgan, UBS, Citi",Energy,3194.07,, 
1/26/17,REVG US,REV Group Inc,316.25,22,13.63636398,1.25E+07,"Morgan Stanley, Goldman Sachs, Robert W Baird & Co, UBS, Deutsche Bank, Jefferies, Wells Fargo, BMO Capital Markets, Stifel","Consumer, Cyclical",1401.34,88.7536, 
1/26/17,JNCE US,Jounce Therapeutics Inc,117.117,16,7.8125,6.37E+06,"JP Morgan, TD Securities","Consumer, Non-cyclical",513.949,33.3868, 
1/25/17,ANAB US,AnaptysBio Inc,86.25,15,13.33333302,5.00E+06,"UBS, Stifel","Consumer, Non-cyclical",298.639,104.417,NASDAQ GS
1/24/17,ATIS US,Attis Industries Inc,12.39,4.13,-21.73123741,1.00E+06,Joseph Gunnar & Co,Industrial,17.5083,, 
1/20/17,FNTEU US,International Money Express Inc,175,10,0.5,1.53E+07,Cantor Fitzgerald,Financial,231.6,, 
1/19/17,NEX US,NexTier Oilfield Solutions Inc,584.706,19,13.94736862,2.68E+07,"BofA Securities, JP Morgan, Morgan Stanley, Citi",Energy,1959.43,19.4122, 
1/12/17,GSHTU US,Verra Mobility Corp,400,10,2.5,3.75E+07,Deutsche Bank,"Consumer, Non-cyclical",400,0.5625, 
12/22/16,FIV US,First Trust Senior Floating Rate 2022 Target Term Fund,325,10,0,3.25E+07,"Morgan Stanley, Wells Fargo, UBS, BofA Securities",Financial,0,0.0283353, 
12/13/16,2462345D US,WildHorse Resource Development Corp,446.957,15,0.400000006,2.75E+07,"Wells Fargo, Citi, BMO Capital Markets, BofA Securities, Barclays",Energy,1404.36,, 
12/8/16,ATH US,Athene Holding Ltd,1242,40,10.125,2.70E+07,"BTIG LLC, BNP Paribas, Truist Securities Inc, UBS, Evercore, BMO Capital Markets, BofA Securities, Deutsche Bank, JP Morgan, Morgan Stanley, RBC Capital Markets, Citi, Wells Fargo, Barclays, Goldman Sachs",Financial,2116.05,0.00618188, 
12/8/16,ICHR US,Ichor Holdings Ltd,52.9002,9,8.555555344,5.88E+06,"Deutsche Bank, Stifel, RBC Capital Markets, TD Securities, Needham Group Inc/The",Industrial,213.55,107.493,NASDAQ GS
12/8/16,SNES US,Senestech Inc,15,8,2,1.88E+06,Roth Capital Partners Inc,"Consumer, Non-cyclical",81.0288,38.6476,NASDAQ CM
12/6/16,POLA US,Polar Power Inc,19.32,7,28.5714283,2.40E+06,"Joseph Gunnar & Co, Roth Capital Partners Inc",Industrial,71.0024,4.20635,NASDAQ CM
12/1/16,IIPR US,Innovative Industrial Properties Inc,67,20,-4.25,3.35E+06,"Ladenburg Thalmann & Co, Compass Point Research & Trading LLC",Financial,67,72.6066,New York
11/23/16,IHIT US,Invesco High Income 2023 Target Term Fund,216,10,0,2.16E+07,,Financial,0,, 
11/3/16,SND US,Smart Sand Inc,148.005,11,-0.090909094,1.17E+07,"Goldman Sachs, UBS, Jefferies, Piper Sandler & Co, Tudor Pickering Holt & Co LLC, Deutsche Bank",Energy,386.278,54.0411,NASDAQ GS
10/28/16,BL US,Blackline Inc,168.13,17,39.41176605,8.60E+06,"Goldman Sachs, JP Morgan",Technology,860.559,115.53,NASDAQ GS
10/28/16,QTNA US,Quantenna Communications Inc,108.408,16,-3.125,6.70E+06,"Morgan Stanley, Barclays, Deutsche Bank",Technology,525.706,1.6912, 
10/27/16,GOLF US,Acushnet Holdings Corp,377.966,17,5.588235378,1.93E+07,"Wells Fargo, Jefferies, Deutsche Bank, Daiwa Securities, UBS, Nomura, JP Morgan, Morgan Stanley","Consumer, Cyclical",1259.59,62.0207,New York
10/26/16,GTYHU US,GTY Technology Holdings Inc/Cayman Islands,552,10,0.5,4.80E+07,Citi,Technology,552,, 
10/26/16,RARX US,Ra Pharmaceuticals Inc,105.386,13,0,7.05E+06,"UBS, Jefferies, BMO Capital Markets","Consumer, Non-cyclical",293.101,, 
10/26/16,GSW AU,GetSwift Ltd,3.824,0.2,49.99999619,2.50E+07,Cygnet Capital Pty Ltd,Technology,19.2812,13.745, 
10/19/16,FRTA US,Forterra Inc,331.56,18,-8.333333015,1.84E+07,"Goldman Sachs, Citi, UBS, Barclays, Deutsche Bank, RBC Capital Markets",Industrial,1148.21,, 
10/19/16,2620668D US,iRhythm Technologies Inc,123.049,17,53.23529434,,"Morgan Stanley, JP Morgan","Consumer, Non-cyclical",375.142,, 
10/14/16,VTR AU,Viatar CTC Solutions Inc,5.3333,0.25,,,Sequoia Capital LP,"Consumer, Non-cyclical",0,, 
10/13/16,TUSK US,Mammoth Energy Services Inc,116.25,15,-11.60000038,7.75E+06,"UBS, Barclays, Piper Sandler & Co",Energy,562.5,72.3457,NASDAQ GS
10/12/16,GRDX US,GridAI Technologies Corp,5.28,5.5,-0.363636375,960000,"Network 1 Financial, Wallachbeth Capital LLC","Consumer, Non-cyclical",54.291,12.0143,NASDAQ CM
10/11/16,XOGAQ US,Extraction Oil & Gas Inc,728.333,19,15,3.33E+07,"Wells Fargo, Truist Securities Inc, RBC Capital Markets, KeyBanc Capital Markets, Goldman Sachs, Citi, Barclays, UBS",Energy,2789.09,12.7933, 
10/11/16,OTTW US,Ottawa Bancorp Inc,23.84,10,13.24553299,2.38E+06,Sandler O'Neill & Partners,Financial,0,14.3369,OTC US
10/11/16,BCTF US,Bancorp 34 Inc,18.795,10,12.58730984,1.88E+06,Stifel,Financial,0,8.87308,OTC US
10/10/16,1910505D US,Organogenesis Holdings Inc,310,10,-1.399999976,3.00E+07,UBS,"Consumer, Non-cyclical",310,10.7874, 
10/7/16,MRAM US,Everspin Technologies Inc,40,8,0.25,5.00E+06,"Needham Group Inc/The, Stifel",Technology,99.936,69.2203,NASDAQ GM
10/6/16,CWH US,Camping World Holdings Inc,261.188,22,2.272727251,1.14E+07,"JP Morgan, Goldman Sachs, BofA Securities, UBS","Consumer, Cyclical",405.403,111.64,New York
10/5/16,ADSW US,Advanced Disposal Services Inc,398.475,18,11.11111069,1.93E+07,"Barclays, UBS, Deutsche Bank, BofA Securities, Macquarie, Morgan Stanley, Stifel",Industrial,1559.36,38.3615, 
10/5/16,COUP US,Coupa Software Inc,153.18,18,84.8888855,7.40E+06,"Morgan Stanley, JP Morgan, Barclays, RBC Capital Markets",Technology,885.978,, 
10/5/16,WAAS US,AquaVenture Holdings Ltd,134.55,18,21.94444466,6.50E+06,"Citi, Deutsche Bank, RBC Capital Markets",Industrial,474.984,, 
10/5/16,HIND US,Vyome Holdings Inc,75,15,0,5.00E+06,"UBS, Canaccord Genuity, Stifel","Consumer, Non-cyclical",239.303,8.31711,NASDAQ CM
9/29/16,NTNX US,Nutanix Inc,273.608,16,131.25,1.49E+07,"RBC Capital Markets, JP Morgan, Morgan Stanley, Goldman Sachs",Technology,2232.06,94.9979,NASDAQ GS
9/29/16,950140 KS,Englewood Lab LLC,22.5238,6000,21.66666603,4.20E+06,Hana Financial Group Inc,"Consumer, Non-cyclical",0,10.3382,KOSDAQ
9/28/16,2291909D US,MedEquities Realty Trust Inc,256.319,12,-3.416666746,1.99E+07,"JP Morgan, B Riley Financial Inc, Citi, KeyBanc Capital Markets, Raymond James & Associates, RBC Capital Markets",Financial,380.215,5.00494, 
9/28/16,OPP US,RiverNorth/DoubleLine Strategic Opportunity Fund Inc,220.17,20,-0.100000002,1.05E+07,"BofA Securities, UBS, Wells Fargo",Financial,0,33.8084,New York
9/28/16,TRHC US,Tabula Rasa HealthCare Inc,59.34,12,24,4.30E+06,"Wells Fargo, UBS, Piper Sandler & Co",Technology,193.85,, 
9/28/16,FLGT US,Fulgent Genetics Inc,43.47,9,2,4.20E+06,"UBS, Piper Sandler & Co, Raymond James & Associates","Consumer, Non-cyclical",159.087,69.3517,NASDAQ GM
9/22/16,VVV US,Valvoline Inc,759,22,5,3.00E+07,"JP Morgan, Goldman Sachs, Deutsche Bank, BofA Securities, Morgan Stanley, Citi","Consumer, Non-cyclical",4400,120.81,New York
9/22/16,APTI US,Apptio Inc,110.4,16,40.9375,6.00E+06,"Goldman Sachs, JP Morgan, BofA Securities, Barclays, Jefferies, RBC Capital Markets, KeyBanc Capital Markets",Technology,596.573,0.302104, 
9/21/16,ELF US,elf Beauty Inc,162.916,17,55.88235474,8.33E+06,"Morgan Stanley, JP Morgan, Piper Sandler & Co, Wells Fargo","Consumer, Non-cyclical",754.457,105.276,New York
9/21/16,CSTR US,Capstar Financial Holdings Inc,44.592,15,6,2.59E+06,"Sandler O'Neill & Partners, Stifel",Financial,167.756,8.11293, 
9/20/16,TTD US,Trade Desk Inc/The,96.6006,18,67.22222137,4.67E+06,"Citi, Jefferies, RBC Capital Markets",Communications,0,84.9179,NASDAQ GM
9/20/16,NOVNQ US,NVN Liquidation Inc,51.865,11,64.54545593,4.10E+06,US Bancorp,"Consumer, Non-cyclical",171.475,, 
9/16/16,SCACU US,Saban Capital Acquisition Corp,235,10,0.5,2.35E+07,"Deutsche Bank, Goldman Sachs",Diversified,235,, 
9/15/16,FBK US,FB Financial Corp,128.531,19,9.210526466,5.88E+06,"UBS, JP Morgan, Stifel",Financial,455.711,82.3321,New York
9/15/16,EVBG US,Everbridge Inc,103.5,12,27.08333397,7.50E+06,"UBS, BofA Securities",Technology,323.083,, 
9/14/16,NBLX US,Noble Midstream Partners LP,323.438,22.5,16.44444466,1.25E+07,"Barclays, Wells Fargo, Mizuho Financial, Mitsubishi UFJ Financial Group Inc, DNB ASA, Deutsche Bank, Citi, BofA Securities, JP Morgan, Robert W Baird & Co",Energy,357.808,1.43347, 
9/13/16,PRTHU US,Priority Technology Holdings Inc,50,10,0,5.00E+06,Chardan Capital Markets LLC,"Consumer, Non-cyclical",54.025,,OTC US
8/24/16,JHB US,Nuveen Corporate Income Novemb,500,10,0.001875,5.00E+07,"Nuveen Investments Inc, UBS, Wells Fargo, Morgan Stanley",Financial,0,, 
8/19/16,1874838D US,Phunware Inc,69.006,10,-0.300000012,6.50E+06,Maxim Group LLC,Technology,69.006,, 
8/17/16,MBVXQ US,MabVax Therapeutics Holdings Inc,9.43818,4.81,-3.991682768,5.00E+06,Laidlaw & Co UK Ltd,"Consumer, Non-cyclical",25.797,0.0977032, 
8/12/16,AIRG US,Airgain Inc,12,8,0,1.50E+06,"Northland Securities Group LLC, Wunderlich Securities Inc",Communications,57.9008,39.4698,NASDAQ CM
8/10/16,MEDP US,Medpace Holdings Inc,185.15,23,20.82608604,7.00E+06,"Jefferies, UBS, Wells Fargo","Consumer, Non-cyclical",935.918,102.647,NASDAQ GS
8/10/16,PTGX US,Protagonist Therapeutics Inc,90,12,-2.5,7.50E+06,"Barclays, Leerink Partners LLC, BMO Capital Markets","Consumer, Non-cyclical",175.903,118.771,NASDAQ GM
8/10/16,1448759D US,Ottawa Savings Bancorp Inc,23.84,10,22.5,2.38E+06,Sandler O'Neill & Partners,Financial,0,, 
8/5/16,ATOM US,Atomera Inc,24,7.5,7.733333111,3.20E+06,National Securities Corp,Technology,84.924,32.5371,NASDAQ CM
8/4/16,MTVA US,MetaVia Inc,30.278,10,-8,3.00E+06,"Jefferies, RBC Capital Markets","Consumer, Non-cyclical",84.594,3.21205,NASDAQ CM
8/3/16,FHB US,First Hawaiian Inc,557.75,23,5.434782505,2.11E+07,"BNP Paribas, Goldman Sachs, BofA Securities, Morgan Stanley, Citi, UBS, Deutsche Bank, Barclays, JP Morgan",Financial,3280.32,114.536,NASDAQ GS
8/3/16,HOME US,At Home Group Inc,142.95,15,0,8.67E+06,"Goldman Sachs, BofA Securities, Jefferies, Morgan Stanley","Consumer, Cyclical",905.51,16.8953, 
7/29/16,LBCC US,Long Blockchain Corp,6.8348,5.5,8.181818008,1.24E+06,Network 1 Financial,"Consumer, Non-cyclical",42.7075,, 
7/28/16,TLND US,Talend SA,108.675,18,41.66666794,5.25E+06,"Goldman Sachs, JP Morgan, Barclays, Citi",Technology,108.675,100.001, 
7/27/16,KNSL US,Kinsale Capital Group Inc,105.6,16,14.6875,6.60E+06,"JP Morgan, William Blair & Co LLC, RBC Capital Markets",Financial,335.501,94.7639,New York
7/27/16,TCMD US,Tactile Systems Technology Inc,41.2,10,10.80000019,4.00E+06,"Piper Sandler & Co, William Blair & Co LLC, Canaccord Genuity","Consumer, Non-cyclical",167.69,95.9381,NASDAQ GM
7/26/16,KDMN US,Kadmon Holdings Inc,75,12,-19.16666603,6.25E+06,"Citi, Jefferies","Consumer, Non-cyclical",538.44,5.52946, 
7/21/16,TPICQ US,TPI Composites Inc,79.0625,11,23.27272797,6.25E+06,"JP Morgan, Morgan Stanley",Energy,371.106,3.45479,OTC US
7/20/16,PI US,Impinj Inc,77.28,14,28.3571434,4.80E+06,"RBC Capital Markets, KeyBanc Capital Markets, Piper Sandler & Co",Technology,259.42,111.626,NASDAQ GS
7/19/16,2393707D US,Audentes Therapeutics Inc,85.125,15,0.866666675,5.00E+06,"BofA Securities, TD Securities, Piper Sandler & Co","Consumer, Non-cyclical",315.306,7.03392, 
7/14/16,APFH US,AdvancePierre Foods Holdings Inc,449.19,21,14.28571415,1.86E+07,"UBS, Barclays, Morgan Stanley, Goldman Sachs, BMO Capital Markets, Deutsche Bank","Consumer, Cyclical",1650.31,0.00137208, 
7/14/16,1729307D US,Conyers Park Acquisition Corp,402.5,10,2.099999905,3.75E+07,"Deutsche Bank, Goldman Sachs",Diversified,402.5,, 
7/8/16,NMTRQ US,9 Meters Biopharma Inc,9.1125,4.5,-18.22222137,2.03E+06,Axiom Capital Management Inc,"Consumer, Non-cyclical",33.026,0.00190184,OTC US
7/7/16,MIIIU US,Infrastructure and Energy Alternatives Inc,150,10,-3.700000048,1.50E+07,Cantor Fitzgerald,Industrial,0,, 
7/1/16,RNDB US,Randolph Bancorp Inc,56.868,10,21.89875031,5.69E+06,Stifel,Financial,0,, 
6/29/16,SYRS US,Syros Pharmaceuticals Inc,57.5,12.5,45.20000076,4.00E+06,"TD Securities, US Bancorp","Consumer, Non-cyclical",292,15.0933,OTC US
6/28/16,XRN US,Chiron Real Estate Inc,150,10,0.100000002,1.00E+07,"Wunderlich Securities Inc, Oppenheimer & Co",Financial,176.057,76.6464,New York
6/22/16,TWLO US,Twilio Inc,172.5,15,91.93333435,1.00E+07,"Goldman Sachs, JP Morgan",Technology,1233,93.906,New York
6/21/16,RNAC US,Cartesian Therapeutics Inc,74.0544,14,0,5.00E+06,"UBS, Stifel","Consumer, Non-cyclical",254.649,31.7518,NASDAQ GM
6/15/16,1766050D US,Paragon Commercial Corp,28.7776,34,2.941176414,736000,Raymond James & Associates,Financial,185.29,0.174949, 
6/14/16,VIVE US,Viveve Medical Inc,15.525,5,-1,2.70E+06,"Ladenburg Thalmann & Co, Craig-Hallum Capital Group Ltd","Consumer, Non-cyclical",53.0345,,OTC US
6/9/16,ATKR US,Atkore Inc,192,16,0,1.20E+07,"Deutsche Bank, JP Morgan, UBS, Citi, RBC Capital Markets, Wells Fargo",Industrial,999.334,99.7897,New York
6/2/16,SRTSU US,Sensus Healthcare Inc,12.65,5.5,17.27272797,2.00E+06,"Northland Capital Partners Ltd, Neidiger Tucker Bruner Inc","Consumer, Non-cyclical",12.65,, 
6/1/16,NHIQ US,NantHealth Inc,96.6,14,32.7857132,6.50E+06,"Jefferies, TD Securities",Technology,1695.86,34.5456, 
6/1/16,CLSDQ US,Clearside Biomedical Inc,50.4,7,3.571428537,7.20E+06,"Stifel, TD Securities","Consumer, Non-cyclical",0,7.96039,OTC US
6/1/16,MBRX US,Moleculin Biotech Inc,9.24,6,33.33333206,1.54E+06,Bonwick Capital Partners LLC,"Consumer, Non-cyclical",0,3.63323,NASDAQ CM
5/30/16,CCA AU,Change Financial Ltd,10.776,0.8,-30.00000191,1.88E+07,"CCZ Statton Equities, Moelis & Co",Technology,36.484,15.2648,ASE
5/26/16,EHT US,Eaton Vance 2021 Target Term Trust,214.508,10,0.200000003,1.90E+07,"Stifel, RBC Capital Markets, Ameriprise Financial Inc, UBS, Wells Fargo",Financial,0,8.59179, 
5/26/16,IVQ/U CN,Invesque Inc,109.25,10,1,7.50E+06,"CIBC, National Bank Financial Inc, BMO Capital Markets",Financial,241.965,80.0968,Toronto
5/25/16,USFD US,US Foods Holding Corp,1175.56,23,8.304347992,4.44E+07,"Kohlberg Kravis Roberts & Co, Wells Fargo, Deutsche Bank, UBS, Citi, BofA Securities, JP Morgan, Morgan Stanley, Goldman Sachs","Consumer, Non-cyclical",5066.8,109.097,New York
5/25/16,1712099D US,Waitr Holdings Inc,250,10,0,2.50E+07,"Deutsche Bank, Jefferies",Communications,0,6.55088, 
5/25/16,COTV US,Cotiviti Holdings Inc,245.78,19,-9.947368622,1.25E+07,"JP Morgan, Goldman Sachs, Barclays, Citi, UBS, Morgan Stanley, RBC Capital Markets, Robert W Baird & Co, Truist Securities Inc, William Blair & Co LLC",Technology,1704.89,, 
5/25/16,GMS US,GMS Inc,169.05,21,4.333333492,7.00E+06,"UBS, Barclays, RBC Capital Markets, Robert W Baird & Co, Wells Fargo","Consumer, Cyclical",859.801,10.6045, 
5/25/16,RETA US,Reata Pharmaceuticals Inc,69.575,11,18.81818199,5.50E+06,"Citi, TD Securities, Piper Sandler & Co","Consumer, Non-cyclical",84.0774,11.3573, 
5/24/16,MSBI US,Midland States Bancorp Inc,92.0612,22,-0.454545468,3.64E+06,"Sandler O'Neill & Partners, Stifel",Financial,326.678,61.8558,NASDAQ GS
5/18/16,GGO/C US,Gabelli Go Anywhere Trust/The,90,0,,4.50E+06,,Financial,0,, 
5/17/16,PLSE US,Pulse Biosciences Inc,23,4,4.25,5.00E+06,"Feltl & Co, MDB Capital Group LLC","Consumer, Non-cyclical",53.262,9.48475,NASDAQ CM
5/17/16,PZRXQ US,PhaseRx Inc,18.5,5,0.400000006,3.70E+06,"Roth Capital Partners Inc, Laidlaw & Co UK Ltd","Consumer, Non-cyclical",56.245,,OTC US
5/16/16,ISGN US,iSign Solutions Inc,1.2006,1.74,-13.79310417,690000,Axiom Capital Management Inc,Industrial,9.56687,, 
5/12/16,ACIA US,Acacia Communications Inc,119.025,23,34.56521606,4.50E+06,"Goldman Sachs, BofA Securities, Deutsche Bank",Communications,821.712,, 
5/12/16,ONSIU US,Outlook Therapeutics Inc,34.9998,6,-20,5.83E+06,"Jefferies, Barclays","Consumer, Non-cyclical",131.816,, 
5/11/16,SITE US,SiteOne Landscape Supply Inc,241.5,21,27,1.00E+07,"William Blair & Co LLC, Robert W Baird & Co, RBC Capital Markets, Barclays, UBS, Goldman Sachs, Deutsche Bank","Consumer, Cyclical",830.386,119.335,New York
5/11/16,TPB US,Turning Point Brands Inc,54,10,1.200000048,5.40E+06,"TD Securities, B Riley Financial Inc","Consumer, Non-cyclical",159.56,99.3501,New York
5/10/16,JHD US,Nuveen High Income December 2019 Target Term Fund,245,10,0.200000003,2.45E+07,"Nuveen Investments Inc, Stifel, RBC Capital Markets, Morgan Stanley",Financial,0,6.32917, 
5/10/16,VTGN US,VistaGen Therapeutics Inc,9.9998,4.25,29.41176414,2.35E+06,"Chardan Capital Markets LLC, Wallachbeth Capital LLC","Consumer, Non-cyclical",32.385,50.1767,NASDAQ CM
5/5/16,NTLA US,Intellia Therapeutics Inc,124.2,18,22.77777863,6.00E+06,"UBS, Jefferies, Leerink Partners LLC","Consumer, Non-cyclical",647.933,94.6015,NASDAQ GM
4/28/16,RWC AU,Reliance Worldwide Corp Ltd,698.985,2.5,18,3.68E+08,"JP Morgan, Macquarie",Industrial,1002.09,104.105,ASE
4/28/16,GWRS US,Global Water Resources Inc,8.37187,6.25,0,1.16E+06,Roth Capital Partners Inc,Utilities,122.382,27.7056,NASDAQ GM
4/28/16,PAVMU US,PAVmed Inc,5.3,5,61.20000076,1.06E+06,Benchmark Securities,"Consumer, Non-cyclical",0,, 
4/26/16,RRR US,Red Rock Resorts Inc,579.289,19.5,-4.102564335,2.73E+07,"Deutsche Bank, Macquarie, Citi, Wells Fargo, Goldman Sachs, BofA Securities, JP Morgan","Consumer, Cyclical",759.554,98.1315,NASDAQ GS
4/21/16,SCWX US,SecureWorks Corp,112,14,0,8.00E+06,"UBS, RBC Capital Markets, Citi, Barclays, JP Morgan, Goldman Sachs, BofA Securities, Morgan Stanley",Technology,149.394,22.0468, 
4/20/16,ARA US,American Renal Associates Holdings Inc,189.75,22,20.45454597,7.50E+06,"BofA Securities, Barclays, Goldman Sachs, Wells Fargo, Truist Securities Inc","Consumer, Non-cyclical",653.836,, 
4/19/16,MGP US,MGM Growth Properties LLC,1207.5,21,4.809523582,5.00E+07,"Deutsche Bank, Citi, Barclays, Evercore, BofA Securities, Morgan Stanley, JP Morgan",Financial,1050,14.9879, 
4/14/16,BATS US,Cboe Bats LLC,290.605,19,21.05263138,1.33E+07,"Citi, BofA Securities, UBS, Goldman Sachs, JP Morgan, Morgan Stanley",Financial,1817.91,0.0127714, 
4/6/16,SYRE US,Spyre Therapeutics Inc,54.819,10,-2.299999952,5.00E+06,"UBS, BMO Capital Markets, Wells Fargo","Consumer, Non-cyclical",134.117,105.849,NASDAQ GS
3/29/16,MXCT LN,MaxCyte Inc,14.286,70,9.285714149,1.43E+07,,"Consumer, Non-cyclical",43.7147,95.2874, 
3/22/16,CRVS US,Corvus Pharmaceuticals Inc,70.5,15,-5,4.70E+06,"UBS, TD Securities","Consumer, Non-cyclical",306.096,58.4546,NASDAQ GM
3/17/16,SENS US,Senseonics Holdings Inc,49.02,2.85,21.05263519,1.58E+07,"Leerink Partners LLC, Canaccord Genuity","Consumer, Non-cyclical",264.936,15.9342,NASDAQ GS
3/10/16,ROSUQ US,Rosehill Resources Inc,81.853,10,0,8.00E+06,EarlyBirdCapital.com,Energy,81.853,, 
3/4/16,DRIO US,DarioHealth Corp,6.0132,4.51,-19.1130867,9.43E+06,"Joseph Gunnar & Co, Rodman & Renshaw Inc",Technology,24.0478,27.5614,NASDAQ CM
3/2/16,SNDX US,Syndax Pharmaceuticals Inc,57.714,12,0.083333336,4.40E+06,"Citi, Morgan Stanley","Consumer, Non-cyclical",208.472,114.758,NASDAQ GS
3/2/16,JSYNU US,iSun Inc,39,10,-0.5,3.90E+06,Chardan Capital Markets LLC,Energy,41.945,23.2387, 
2/23/16,SRAQU US,Permian Resources Corp,500,10,2.099999905,4.50E+07,"Deutsche Bank, Citi, Goldman Sachs",Energy,450,, 
2/17/16,ELIO US,Elio Motors Inc,25.08,0,,2.09E+06,,"Consumer, Cyclical",326.01,,OTC US
2/16/16,RVEN US,Reven Housing REIT Inc,28.75,5.75,-100,5.00E+06,,Financial,69.2266,, 
2/11/16,KANT US,Kineta Inc,50,8,-17,6.25E+06,"Leerink Partners LLC, RBC Capital Markets","Consumer, Non-cyclical",152.892,24.564, 
2/10/16,AVXS US,AveXis Inc,105.558,20,-9.75,4.75E+06,"Goldman Sachs, Jefferies","Consumer, Non-cyclical",458.57,, 
2/2/16,ONC US,BeiGene Ltd,182.16,24,18,6.60E+06,"Morgan Stanley, Goldman Sachs, TD Securities","Consumer, Non-cyclical",158.4,37.8043,NASDAQ GS
2/2/16,EDIT US,Editas Medicine Inc,108.56,16,13.75,5.90E+06,"JP Morgan, Morgan Stanley","Consumer, Non-cyclical",585.352,54.1677,NASDAQ GS
2/1/16,AREB US,American Rebel Holdings Inc,0.06,0,,6.00E+06,,Industrial,0,0.0357825,NASDAQ CM
1/29/16,TDXP US,Global Smart Capital Corp,0.05,0,,5.00E+06,,Financial,0,, 
1/28/16,SIGY US,Sigyn Therapeutics Inc,1.9615,0.5,100,3.92E+06,,"Consumer, Non-cyclical",17.3115,10.7682,OTC US
1/28/16,TMNA US,Tingo Inc,0.125,0,,1.25E+06,,Technology,0,56.3091, 
1/28/16,FIFG US,First Foods Group Inc,0.075,0,,7.50E+06,,"Consumer, Non-cyclical",0,29.5657,OTC US
1/27/16,NHA US,Nuveen Municipal 2021 Target Term Fund,81,10,0,8.10E+06,"Nuveen Investments Inc, BofA Securities, Wells Fargo, Morgan Stanley",Financial,0,7.69296, 
1/19/16,PXRB US,PixarBio Corp,0.0252,0,,168000,,"Consumer, Non-cyclical",0,, 
1/14/16,SSYR US,Stallion Synergies Inc,0.095,0,,9.50E+06,,Communications,0,, 
1/13/16,CFDB US,Central Federal Bancshares Inc,14.95,0,,1.50E+06,Stifel,Financial,0,0.0107227, 
1/12/16,BXNG US,Bang Holdings Corp,3.3771,0,,3.38E+06,,"Consumer, Non-cyclical",0,,OTC US
1/8/16,PBBI US,PB Bancorp Inc,31.6248,0,,3.95E+06,Stifel,Financial,0,16.1863, 
1/4/16,ALPC US,Alpha Investment Inc,0,0,,1.00E+06,,Financial,0,35.8873,OTC US
12/24/15,RIV US,RiverNorth Opportunities Fund Inc,75,20,-0.75,3.75E+06,"Stifel, RBC Capital Markets, Wells Fargo",Financial,0,40.7298,New York
12/23/15,SHWZ US,Medicine Man Technologies Inc,1.619,0,,1.62E+06,,"Consumer, Non-cyclical",0,12.8811,OTC US
12/23/15,AMCT US,American Education Center Inc,0.09,0,,9.00E+06,,"Consumer, Non-cyclical",0,,OTC US
12/18/15,LPTVQ US,Loop Media Inc,0.9111,0,,9.11E+06,,"Consumer, Cyclical",0,24.6489,OTC US
12/18/15,GBBT US,Global Boatworks Holdings Inc,0.144,0,,720000,,"Consumer, Cyclical",0,, 
12/14/15,OPTI US,Optec International Inc,0.2317,0,,463500,,"Consumer, Cyclical",0,,OTC US
11/27/15,BBLG US,Bone Biologics Corp,16.1266,0,,8.06E+06,,"Consumer, Non-cyclical",0,3.31673,NASDAQ CM
11/25/15,1679143D US,Andina Acquisition Corp II,40,10,-1,4.00E+06,EarlyBirdCapital.com,Diversified,0,, 
11/19/15,DLTH US,Duluth Holdings Inc,92.004,12,13.75,6.67E+06,"William Blair & Co LLC, Robert W Baird & Co, Raymond James & Associates, BMO Capital Markets","Consumer, Cyclical",347.141,49.9676,NASDAQ GS
11/19/15,AXSM US,Axsome Therapeutics Inc,51.0003,9,-2.888888836,5.67E+06,Ladenburg Thalmann & Co,"Consumer, Non-cyclical",159.484,77.2374,NASDAQ GM
11/19/15,PRHRQ US,PetroShare Corp,4.6,1,10,4.60E+06,Noble Financial Group Inc,Energy,21.6082,, 
11/18/15,1812209D US,Match Group Inc/old,460,12,22.83333397,3.33E+07,"BNP Paribas, BMO Capital Markets, Barclays, Deutsche Bank, BofA Securities, JP Morgan, Allen & Co",Communications,400,, 
11/18/15,XYZ US,Block Inc,279.45,9,45.22222137,2.70E+07,"JP Morgan, Stifel, RBC Capital Markets, Jefferies, Deutsche Bank, Barclays, Morgan Stanley, Goldman Sachs","Consumer, Non-cyclical",2951.5,84.2011,New York
11/18/15,MIME US,Mimecast Ltd,77.5,10,1,7.75E+06,"Goldman Sachs, Barclays, Jefferies, RBC Capital Markets",Communications,540.025,7.86793, 
11/17/15,UPD AU,Updater Inc,15.6684,0.2,72.5,1.10E+08,"Euroz Ltd, Moelis & Co",Technology,60.7221,5.28213, 
11/17/15,COTI US,Coretag Inc,0.08,0,,2.00E+06,,Diversified,0,, 
11/13/15,JHA US,Nuveen High Income December 2018 Target Term Fund,261,10,0.100000002,2.61E+07,"Nuveen Investments Inc, Wells Fargo, Morgan Stanley",Financial,0,, 
11/13/15,COYNQ US,Copsync Inc,10.5698,3.49,-22.63610268,3.03E+06,"Maxim Group LLC, Aegis Capital Corp",Technology,25.2666,, 
11/12/15,1899263D US,Instructure Inc,80.96,16,12.5,4.40E+06,"Morgan Stanley, Goldman Sachs, Jefferies",Technology,435.13,5.45539, 
11/12/15,XCOMQ US,Xtera Communications Inc,25,5,0,5.00E+06,"Needham Group Inc/The, TD Securities, BMO Capital Markets",Communications,85.5505,,OTC US
11/11/15,WVE US,WaVe Life Sciences Ltd,111.888,16,0,6.38E+06,"Leerink Partners LLC, Jefferies","Consumer, Non-cyclical",344.821,94.6287,NASDAQ GM
11/10/15,VYGR US,Voyager Therapeutics Inc,80.5,14,26.7857151,5.00E+06,"TD Securities, Piper Sandler & Co","Consumer, Non-cyclical",364.486,59.9528,NASDAQ GS
11/10/15,EQBK US,Equity Bancshares Inc,50.1975,22.5,6.177777767,1.94E+06,"Stifel, Stephens Inc",Financial,0,69.65,New York
11/6/15,FGBI US,First Guaranty Bancshares Inc,11.5914,18.5,3.891891956,600000,Sandler O'Neill & Partners,Financial,0,21.3346,NASDAQ GM
11/4/15,KURA US,Kura Oncology Inc,55.068,8,50,6.25E+06,"Leerink Partners LLC, Citi","Consumer, Non-cyclical",171.134,104.225,NASDAQ GS
11/4/15,APPB US,Applied Biosciences Corp,0.1,0,,2.50E+06,,"Consumer, Non-cyclical",0,,OTC US
10/30/15,BIQ AU,BuildingIQ Inc,14.284,1,0,2.00E+07,,Technology,0,12.6848, 
10/28/15,MYOK US,MyoKardia Inc,62.531,10,5.300000191,5.44E+06,"UBS, TD Securities, Wells Fargo","Consumer, Non-cyclical",270.586,, 
10/27/15,SSOK US,Sunstock Inc,4.3119,0,,2.87E+06,,Basic Materials,0,,OTC US
10/26/15,IOTS US,Adesto Technologies Corp,25,5,18,5.00E+06,"Oppenheimer & Co, Needham Group Inc/The",Technology,73.906,7.17153, 
10/26/15,BTCY US,Biotricity Inc,0.045,0,,4.50E+06,,"Consumer, Non-cyclical",0,1.62471,OTC US
10/26/15,GCTY US,Gain Cities Ltd,0.04,0,,4.00E+06,,"Consumer, Cyclical",0,, 
10/23/15,LMFAU US,LM Funding America Inc,12,10,3.711250067,1.20E+06,International Assets Advisory LLC,Financial,0,, 
10/21/15,MPSX US,Multi Packaging Solutions International Ltd,246.675,13,21.76922989,1.65E+07,"Barclays, BofA Securities, Citi, UBS, Goldman Sachs",Industrial,967.712,, 
10/21/15,DMTX US,Dimension Therapeutics Inc,72.8624,13,-16.92307663,5.50E+06,"Goldman Sachs, Citi","Consumer, Non-cyclical",324.797,0.00318466, 
10/20/15,NWBB US,New Bancorp Inc,8.97,0,,897000,Stifel,Financial,0,, 
10/20/15,BLNC US,Balance Labs Inc,0.25,0,,1.00E+06,,"Consumer, Non-cyclical",0,,OTC US
10/19/15,AFCO US,American Farmland Co,48,8,-13.375,6.00E+06,"Citi, Raymond James & Associates, RBC Capital Markets, Deutsche Bank, B Riley Financial Inc",Financial,0,, 
10/16/15,SBBP US,Strongbridge Biopharma PLC,25,10,0.5,2.50E+06,Stifel,"Consumer, Non-cyclical",0,0.884578, 
10/16/15,OWPC US,One World Products Inc,0.08,0.02,2450,,,"Consumer, Non-cyclical",0,,OTC US
10/15/15,CERCU US,Avalo Therapeutics Inc,26,6.5,-1.538461566,4.00E+06,Maxim Group LLC,"Consumer, Non-cyclical",26,, 
10/15/15,ABAT US,American Battery Technology Co,0.045,0,,1.50E+07,,Basic Materials,0,34.5451,NASDAQ CM
10/14/15,FDC US,First Data Corp,2817.23,16,-1.5625,1.60E+08,"Kohlberg Kravis Roberts & Co, Barclays, Goldman Sachs, Mizuho Financial, HSBC, UBS, PNC Financial Services Group Inc, Truist Securities Inc, Wells Fargo, Deutsche Bank, Morgan Stanley, Citi, BofA Securities",Technology,14387.2,100, 
10/13/15,CLACU US,Capitol Acquisition Corp III,325,10,0,3.00E+07,"Citi, Deutsche Bank, UBS",Diversified,300,, 
10/13/15,HYEX US,Healthy Extract Inc,0.66,0,,6.60E+06,,"Consumer, Non-cyclical",0,,OTC US
10/8/15,PMTS US,CPI Card Group Inc,172.5,10,21.70000076,1.50E+07,"BMO Capital Markets, CIBC, Goldman Sachs","Consumer, Non-cyclical",564.761,68.538,NASDAQ GM
10/8/15,PMTS CN,CPI Card Group Inc,172.5,10,22.06899261,1.50E+07,"CIBC, Goldman Sachs, BMO Capital Markets","Consumer, Non-cyclical",0,68.538, 
10/7/15,CTMX US,CytomX Therapeutics Inc,92.004,12,7.5,6.67E+06,"BofA Securities, Jefferies, TD Securities","Consumer, Non-cyclical",431.1,68.0809,NASDAQ GS
10/7/15,ABTX US,Allegiance Bancshares Inc,62.79,21,10.09523773,2.60E+06,"Robert W Baird & Co, Stephens Inc",Financial,260.883,15.0077, 
10/6/15,PSTG US,Everpure Inc,488.75,17,-5.823529243,2.50E+07,"Morgan Stanley, Goldman Sachs, Allen & Co, Barclays, BofA Securities",Technology,425,86.0382,New York
10/6/15,ACRS US,Aclaris Therapeutics Inc,63.25,11,0.454545468,5.00E+06,"Citi, Jefferies","Consumer, Non-cyclical",221.732,73.8619,NASDAQ GS
10/2/15,FRSI US,First Rate Staffing Corp,3.2,0,,1.60E+06,,"Consumer, Non-cyclical",0,, 
10/2/15,TRDP US,Teardroppers Inc/The,0.0448,0,,2.24E+06,,Communications,0,16.605, 
10/2/15,CBDC US,Apotheca Biosciences Inc,0.0239,0,,2.39E+06,,"Consumer, Non-cyclical",0,, 
9/30/15,PFGC US,Performance Food Group Co,316.825,19,1.052631617,1.45E+07,"Barclays, UBS, Wells Fargo, Morgan Stanley","Consumer, Non-cyclical",1893.47,106.679,New York
9/30/15,SGRY US,Surgery Partners Inc,301.235,19,-4.6842103,1.43E+07,"BofA Securities, Goldman Sachs, Jefferies, Citi, UBS, Morgan Stanley, Raymond James & Associates, RBC Capital Markets","Consumer, Non-cyclical",914.983,131.766,NASDAQ GS
9/30/15,PDSB US,PDS Biotechnology Corp,92.5364,11,17.63636398,7.32E+06,"Leerink Partners LLC, UBS","Consumer, Non-cyclical",314.53,14.603,NASDAQ CM
9/30/15,SYBX US,Synlogic Inc,48.685,7,0.714285731,6.25E+06,"Citi, Leerink Partners LLC","Consumer, Non-cyclical",140.397,103.734,OTC US
9/24/15,FDEU US,First Trust Dynamic Europe Equity Income Fund,330,20,0.050000001,1.65E+07,"Morgan Stanley, UBS, Wells Fargo",Financial,0,43.8093, 
9/22/15,FRFR US,Fritzy Tech Inc,0.08,0,,4.00E+06,,Financial,0,,OTC US
9/21/15,BLVDU US,Boulevard Acquisition Corp II,370,10,-0.400000006,3.50E+07,Citi,Diversified,370,, 
9/17/15,PEN US,Penumbra Inc,138,30,37.66666794,4.00E+06,"JP Morgan, BofA Securities","Consumer, Non-cyclical",901.158,88.3506,New York
9/16/15,RGNX US,REGENXBIO Inc,159.39,22,38.40909195,6.30E+06,"Morgan Stanley, BofA Securities, Piper Sandler & Co","Consumer, Non-cyclical",557.715,74.4367,NASDAQ GS
9/11/15,1566353D US,WillScot Holdings Corp,500,10,0.5,4.80E+07,"BofA Securities, Deutsche Bank","Consumer, Non-cyclical",420,, 
9/10/15,PACEU US,Pace Holdings Corp,450,10,1.100000024,4.00E+07,"Deutsche Bank, Citi",Diversified,450,, 
9/2/15,DTLS US,3D Total Solutions Inc,1.1283,0,,4.51E+06,,Industrial,0,, 
8/26/15,AGPU US,Axe Compute Inc,15.003,9,-47.78888702,1.67E+06,,"Consumer, Non-cyclical",0,3.12737,NASDAQ CM
8/20/15,EYGY US,Enterprise Energy Inc,0.1,0,,5.00E+06,,Energy,0,, 
8/14/15,1646391D US,Hostess Brands Inc,375,10,4.900000095,3.50E+07,Deutsche Bank,"Consumer, Non-cyclical",375,, 
8/13/15,PRHI US,Presurance Holdings Inc,34.65,10.5,0.952380955,3.10E+06,"Raymond James & Associates, BMO Capital Markets",Financial,80.1255,17.3237,NASDAQ CM
8/12/15,HLI US,Houlihan Lokey Inc,253.575,21,6.666666508,1.05E+07,"Houlihan Lokey, Goldman Sachs, BofA Securities, Stifel, UBS",Financial,253.774,104.083,New York
8/11/15,GBT US,Global Blood Therapeutics Inc,138,20,115.5500031,6.00E+06,"Goldman Sachs, Morgan Stanley","Consumer, Non-cyclical",574.17,, 
8/5/15,RUN US,Sunrun Inc,250.6,14,-23.0714283,1.79E+07,"Goldman Sachs, Morgan Stanley, UBS, BofA Securities, RBC Capital Markets",Energy,1357.63,110.437,NASDAQ GS
8/5/15,PLNT US,Planet Fitness Inc,248.4,16,0,1.35E+07,"JP Morgan, BofA Securities, Jefferies, UBS","Consumer, Cyclical",596.168,118.405,New York
8/5/15,AIMT US,Aimmune Therapeutics Inc,183.999,16,50.625,1.00E+07,"BofA Securities, UBS, Piper Sandler & Co","Consumer, Non-cyclical",650.872,, 
8/5/15,AGTX US,Agentix Corp,1.4459,0,,1.45E+06,,Basic Materials,0,,OTC US
8/4/15,2301473D US,Amplify Snack Brands Inc,270,18,-10.33333302,1.50E+07,"Goldman Sachs, Jefferies, UBS, Truist Securities Inc","Consumer, Non-cyclical",1350,, 
8/4/15,ZYNE US,Zynerba Pharmaceuticals Inc,48.3,14,16.0714283,3.00E+06,"Jefferies, Piper Sandler & Co","Consumer, Non-cyclical",128.576,6.53753, 
8/3/15,AREC US,American Resources Corp,1.5,0,,1.00E+07,,Energy,0,44.1169,NASDAQ CM
8/3/15,TGRR US,Tiger Reef Inc,0.2512,0,,2.51E+07,,"Consumer, Non-cyclical",0,0.0606497,OTC US
7/31/15,1865332D US,TerraForm Global Inc,675,15,-6.666666508,4.50E+07,"Goldman Sachs, Deutsche Bank, BofA Securities, Morgan Stanley, Citi, Barclays, JP Morgan",Energy,1762.59,, 
7/30/15,AQMS US,Aqua Metals Inc,36.2095,5,7,6.60E+06,National Securities Corp,Industrial,0,6.53274,NASDAQ CM
7/29/15,EACQU US,Easterly Acquisition Corp,200,10,-0.100000002,1.80E+07,Citi,Diversified,0,, 
7/29/15,1855237D US,Purple Innovation Inc,155.25,10,0.100000002,1.35E+07,Deutsche Bank,"Consumer, Cyclical",155.25,, 
7/29/15,JHY US,Nuveen High Income 2020 Target Term Fund,124,10,2.5,1.24E+07,"Nuveen Investments Inc, Morgan Stanley, RBC Capital Markets, Stifel, Barclays",Financial,0,, 
7/29/15,VTVT US,vTv Therapeutics Inc,117.188,15,-27.39999962,7.81E+06,"Stifel, Piper Sandler & Co","Consumer, Non-cyclical",117.188,60.0989,NASDAQ CM
7/27/15,IBRX US,ImmunityBio Inc,238.28,25,38.56000137,8.29E+06,"BofA Securities, Citi, Jefferies, Piper Sandler & Co","Consumer, Non-cyclical",0,68.9756,NASDAQ GS
7/23/15,LOB US,Live Oak Bancshares Inc,93.5,17,12.17647076,4.80E+06,"Sandler O'Neill & Partners, Stifel, Truist Securities Inc",Financial,580.633,74.1552,New York
7/23/15,NEOS US,Neos Therapeutics Inc,82.8,15,30.26666641,4.80E+06,"UBS, BMO Capital Markets, RBC Capital Markets","Consumer, Non-cyclical",217.331,26.1255, 
7/23/15,CYRX US,CryoPort Inc,6.7951,3.25,23.07692337,2.00E+06,Aegis Capital Corp,Industrial,0,88.8779,NASDAQ CM
7/22/15,1696855D US,Daseke Inc,199.599,10,0,1.75E+07,"UBS, Cantor Fitzgerald, BMO Capital Markets",Industrial,199.599,, 
7/21/15,1811045D US,Blue Buffalo Pet Products Inc,778.126,20,36,3.38E+07,"Citi, JP Morgan, Barclays, Deutsche Bank, Morgan Stanley","Consumer, Non-cyclical",3920.68,, 
7/21/15,CRBL US,Carbon Credit International Inc,0.4,0,,4.00E+06,,Industrial,0,, 
7/21/15,MRGE US,Mirage Energy Corp,0.075,0,,5.00E+06,,Energy,0,,OTC US
7/20/15,MPVR US,MP Ventures Inc,0.2,0,,2.00E+06,,Financial,0,, 
7/16/15,RPD US,Rapid7 Inc,118.68,16,58,6.45E+06,"Morgan Stanley, Barclays",Technology,604.558,90.257,NASDAQ GM
7/16/15,MCFT US,MasterCraft Boat Holdings Inc,104.731,15,6.133333206,6.07E+06,"Raymond James & Associates, Robert W Baird & Co, Wells Fargo","Consumer, Cyclical",258.156,97.3384,NASDAQ GM
7/16/15,OOMA US,Ooma Inc,65,13,-15.76923084,5.00E+06,"UBS, BofA Securities, Citizens Financial Group Inc",Communications,218.777,65.9648,New York
7/16/15,9994567D US,Provident Bancorp Inc/MA,42.228,10,28.5,4.22E+06,Sandler O'Neill & Partners,Financial,0,, 
7/16/15,9876560D US,MSB Financial Corp,37.666,10,36.79999924,3.77E+06,Stifel,Financial,59.538,, 
7/15/15,OLLI US,Ollie's Bargain Outlet Holdings Inc,164.221,16,32.1875,8.93E+06,"Jefferies, JP Morgan, BofA Securities, UBS, Piper Sandler & Co, KeyBanc Capital Markets, RBC Capital Markets","Consumer, Cyclical",935.411,113.602,NASDAQ GM
7/15/15,SRRA US,Sierra Oncology Inc,158.355,17,81.1764679,8.10E+06,"BofA Securities, Jefferies","Consumer, Non-cyclical",490.093,, 
7/15/15,CHMA US,Chiasma Inc,117.117,16,25,6.37E+06,"Barclays, TD Securities","Consumer, Non-cyclical",382.87,, 
7/8/15,CURA CN,Curaleaf Holdings Inc,0.31372,0.1,24.99999809,4.00E+06,Mackie Research Capital Corp,"Consumer, Non-cyclical",0.894102,7.84246,Toronto
7/8/15,COFE US,Coffee Inc,0.15,0,,5.00E+06,,"Consumer, Non-cyclical",0,,OTC US
7/7/15,XSPT US,XSport Global Inc,0.1045,0,,4.18E+06,,Technology,0,, 
7/1/15,NTRA US,Natera Inc,196.2,18,26.33333397,1.00E+07,"Morgan Stanley, TD Securities, Piper Sandler & Co","Consumer, Non-cyclical",887.891,96.1477,NASDAQ GS
7/1/15,UFABQ US,Unique Fabricating Inc,25.6738,9.5,42,2.35E+06,"Taglich Brothers Inc, Roth Capital Partners Inc","Consumer, Cyclical",86.355,,OTC US
7/1/15,PLSH US,Panacea Life Sciences Hldgs In,0.3366,0.1,1900,3.37E+06,,"Consumer, Non-cyclical",1.51449,,OTC US
6/30/15,TDOC US,Teladoc Health Inc,180.262,19,50,8.25E+06,"JP Morgan, Deutsche Bank","Consumer, Non-cyclical",703.88,76.1232,New York
6/30/15,CFMS US,Conformis Inc,155.25,15,28.33333397,9.00E+06,"JP Morgan, Deutsche Bank","Consumer, Non-cyclical",606.189,22.0305, 
6/30/15,CCR US,CONSOL Coal Resources LP,83.416,15,2.733333349,5.00E+06,"Nomura, Scotiabank, Evercore, Stifel, Huntington Bancshares Inc/OH, Goldman Sachs, Truist Securities Inc, JP Morgan, UBS, Citi, Jefferies, Wells Fargo, BofA Securities",Energy,174.167,, 
6/30/15,PVLA US,Palvella Therapeutics Inc,28.3324,2.75,0,9.09E+06,"Citizens Financial Group Inc, Oppenheimer & Co","Consumer, Non-cyclical",105.93,70.7035,NASDAQ CM
6/30/15,BLCS US,Blockchain Solutions Inc,2,0,,5.00E+06,,"Consumer, Cyclical",0,87.6453, 
6/30/15,PDRO US,Pedro's List Inc,0.08,0,,2.00E+06,,"Consumer, Non-cyclical",0,,OTC US
6/26/15,THW US,abrdn World Healthcare Fund,580,20,0,2.90E+07,"Morgan Stanley, Wells Fargo, BofA Securities, UBS, Ameriprise Financial Inc",Financial,0,16.8341,New York
6/25/15,GPP US,Green Plains Partners LP,172.5,15,0,1.00E+07,"BofA Securities, Barclays, UBS, Macquarie, RBC Capital Markets",Energy,260.844,, 
6/25/15,MCRB US,Seres Therapeutics Inc,153.814,18,185.5555573,7.43E+06,"Goldman Sachs, BofA Securities","Consumer, Non-cyclical",681.014,26.1301,NASDAQ GS
6/25/15,ALRM US,Alarm.com Holdings Inc,112.7,14,20.5714283,7.00E+06,"Goldman Sachs, BofA Securities, UBS","Consumer, Non-cyclical",635.2,101.507,NASDAQ GS
6/25/15,APPF US,Appfolio Inc,85.56,12,17.33333397,6.20E+06,"Morgan Stanley, UBS",Technology,85.56,95.007,NASDAQ GM
6/25/15,ATXS US,Astria Therapeutics Inc,69,12,8.333333015,5.00E+06,"Citi, TD Securities","Consumer, Non-cyclical",183,91.9035, 
6/25/15,XTLY US,Xactly Corp,64.7448,8,8.75,7.04E+06,"JP Morgan, Deutsche Bank, UBS",Technology,230.11,0.00351417, 
6/25/15,TMBRQ US,Trex Wind Down Inc,10.0001,2.75,-3.636363745,3.64E+06,CRT Capital,"Consumer, Non-cyclical",59.1704,, 
6/25/15,STAL US,Star Alliance International Corp,0.1,0,,1.00E+07,,Basic Materials,0,,OTC US
6/24/15,TRU US,TransUnion,764.489,22.5,12.88888931,2.95E+07,"BofA Securities, JP Morgan, Goldman Sachs, Deutsche Bank, RBC Capital Markets, Wells Fargo, UBS","Consumer, Non-cyclical",4099.95,114.061,New York
6/24/15,MCRN US,Milacron Holdings Corp,294.026,20,-2.099999905,1.43E+07,"BofA Securities, Barclays, JP Morgan, UBS, Goldman Sachs, Robert W Baird & Co",Industrial,0,, 
6/24/15,GNRT US,Gener8 Maritime Inc,236.351,14,-6.428571224,1.50E+07,"Citi, UBS, Jefferies, Evercore",Industrial,1146.21,0.206922, 
6/24/15,GKOS US,Glaukos Corp,124.2,18,73.44444275,6.00E+06,"BofA Securities, Goldman Sachs, JP Morgan","Consumer, Non-cyclical",562.734,106.385,New York
6/24/15,LNTH US,Lantheus Holdings Inc,73.539,6,12.83333302,1.08E+07,"UBS, Jefferies, RBC Capital Markets, Wells Fargo","Consumer, Non-cyclical",167.072,124.875,NASDAQ GM
6/24/15,AIXC US,AIxCrypto Holdings Inc,20,5,-0.800000012,4.00E+06,Aegis Capital Corp,"Consumer, Non-cyclical",38.9405,0.388881,NASDAQ CM
6/22/15,EGIF US,Eagle Growth & Income Opportunities Fund,127.5,20,0.5,6.38E+06,"Stifel, Raymond James & Associates",Financial,0,, 
6/19/15,CAFD US,8Point3 Energy Partners LP,420,21,-2.428571463,2.00E+07,"Goldman Sachs, Citi, Deutsche Bank, JP Morgan, Credit Agricole CIB",Utilities,420,, 
6/19/15,PRTC LN,PureTech Health PLC,191.488,160,11.25,6.76E+07,"Jefferies, Peel Hunt LLP","Consumer, Non-cyclical",628.595,74.7048,London
6/18/15,1940857D US,Fogo De Chao Inc,101.472,20,28.75,4.41E+06,"JP Morgan, Jefferies, UBS, Deutsche Bank, Piper Sandler & Co, Wells Fargo, Macquarie","Consumer, Cyclical",558.296,1.30596, 
6/18/15,2512660D US,MINDBODY Inc,100.1,14,-17.4285717,7.15E+06,"Morgan Stanley, UBS",Technology,100.1,, 
6/18/15,AKOM US,Aerkomm Inc,0.1,0,,5.00E+06,,Communications,0,11.3929,OTC US
6/17/15,UNVR US,Univar Solutions Inc,885.5,22,15.45454502,3.50E+07,"Morgan Stanley, JP Morgan, Jefferies, UBS, Barclays, BofA Securities, Deutsche Bank, Goldman Sachs","Consumer, Cyclical",3034.55,5.11824, 
6/17/15,2588005D US,Fitbit Inc,841.225,20,48.40000153,3.66E+07,"Morgan Stanley, Deutsche Bank, BofA Securities, Barclays, Truist Securities Inc",Industrial,731.5,3.29143, 
6/16/15,ALPN US,Alpine Immune Sciences Inc,88.55,14,6.571428776,5.50E+06,"TD Securities, Stifel","Consumer, Non-cyclical",216.324,14.1655, 
6/11/15,SIOX US,Sio Gene Therapies Inc,362.25,15,99.33333588,2.10E+07,"Jefferies, Evercore, RBC Capital Markets","Consumer, Non-cyclical",1487.25,9.54938, 
6/11/15,ELECU US,Electrum Special Acquisition Corp,200,10,1.5,1.75E+07,Cantor Fitzgerald,Diversified,0,, 
6/11/15,WING US,Wingstop Inc,126.73,19,61,5.80E+06,"Jefferies, Morgan Stanley, Robert W Baird & Co, Barclays, Goldman Sachs, Wells Fargo","Consumer, Cyclical",543.043,137.339,NASDAQ GS
6/11/15,IVTY US,Invuity Inc,55.2,12,24.33333397,4.00E+06,"Piper Sandler & Co, Leerink Partners LLC, Stifel","Consumer, Non-cyclical",152.413,0.128771, 
6/10/15,ALTA US,Altabancorp,41.6875,14.5,15.17241383,2.50E+06,DA Davidson & Co,Financial,247.528,, 
6/10/15,GIGW US,Hapi Metaverse Inc,0.1933,0,,1.61E+06,,Technology,0,, 
6/4/15,EVH US,Evolent Health Inc,224.825,17,10.94117641,1.15E+07,"Goldman Sachs, JP Morgan",Technology,704.679,112.242,New York
6/4/15,GI US,EndoChoice Holdings Inc,109.537,15,13.33333302,6.35E+06,"JP Morgan, BofA Securities","Consumer, Non-cyclical",366.06,, 
6/3/15,PTXP US,PennTex Midstream Partners LP,237.89,20,-2.599999905,1.13E+07,"Truist Securities Inc, JP Morgan, Deutsche Bank, Tudor Pickering Holt & Co LLC, Wells Fargo, RBC Capital Markets, Barclays, Citi",Energy,400,0.00261655, 
6/3/15,DKGH US,DKG Capital Inc,1.1832,0,,2.37E+06,,Financial,0,,OTC US
5/29/15,CVRS US,Corindus Vascular Robotics Inc,41.8,3.8,5.263159275,4.26E+07,"Stifel, TD Securities","Consumer, Non-cyclical",444.155,4.9934, 
5/22/15,AQXu CN,Trilogy International Partners Inc,210.286,10,3.5,2.25E+07,"Cantor Fitzgerald, TD Securities",Communications,0,, 
5/22/15,FRQN US,Frequency Holdings Inc,0.0243,0,,2.43E+06,,"Consumer, Non-cyclical",0,9.00817,OTC US
5/21/15,ACV US,Virtus Diversified Income & Convertible Fund,282.25,25,-0.079999998,1.12E+07,BofA Securities,Financial,0,25.8409,New York
5/21/15,CHCT US,Community Healthcare Trust Inc,136.562,19,3.947368383,6.25E+06,"Evercore, Truist Securities Inc, Sandler O'Neill & Partners",Financial,142.713,79.7259,New York
5/20/15,PGND US,Press Ganey Holdings Inc,255.875,25,10,8.90E+06,"Goldman Sachs, Barclays, William Blair & Co LLC",Technology,1305.33,, 
5/19/15,BKFS US,Black Knight Financial Services Inc,507.15,24.5,10.65306091,1.80E+07,"Truist Securities Inc, Deutsche Bank, UBS, Citi, Goldman Sachs, Wells Fargo, JP Morgan, BofA Securities","Consumer, Non-cyclical",1666.06,0.00128706, 
5/19/15,RMNIU US,Rimini Street Inc,172.5,10,0.200000003,1.50E+07,Citi,Technology,0,, 
5/19/15,CDRBQ US,Code Rebel Corp,5.005,5,217,1.00E+06,Burnham Securities Inc,Technology,68.05,,OTC US
5/15/15,NGTF US,NightFood Holdings Inc,0.7266,0,,2.79E+06,,Industrial,0,5.97083,OTC US
5/14/15,KRNY US,Kearny Financial Corp/MD,717.5,10,5.694001675,7.18E+07,Sandler O'Neill & Partners,Financial,0,69.721,NASDAQ GS
5/14/15,9991110D US,Fortress Transportation and Infrastructure Investors LLC,377.66,17,-2.647058725,2.00E+07,"BofA Securities, Barclays, Citi, Deutsche Bank, UBS",Industrial,1249.55,6.59916, 
5/14/15,FENX US,Fenix Parts Inc,110.4,8,5.5,1.20E+07,"Stifel, BMO Capital Markets",Communications,143.126,, 
5/14/15,RKDA US,Arcadia Biosciences Inc,68.2264,8,-8.75,8.20E+06,"UBS, JP Morgan, Piper Sandler & Co","Consumer, Non-cyclical",348.029,2.39922,NASDAQ CM
5/13/15,JAGX US,Jaguar Health Inc,20.02,7,-3.142857075,2.86E+06,Aegis Capital Corp,"Consumer, Non-cyclical",56.8393,2.80236,NASDAQ CM
5/13/15,IMGL US,Image International Group Inc,0.6475,0,,6.48E+06,,Basic Materials,0,, 
5/11/15,EQGP US,EQGP Holdings LP,714.15,27,21.92592621,2.30E+07,"Wells Fargo, RBC Capital Markets, JP Morgan, Deutsche Bank, UBS, Citi, BofA Securities, Goldman Sachs, Barclays",Energy,7186.45,0.0155393, 
5/11/15,1901980D AU,AirXpanders Inc,28.8497,0.5,2,7.30E+07,Canaccord Genuity,"Consumer, Non-cyclical",81.2262,83.0631, 
5/8/15,WMAL US,Worlds Mall Inc,0.039,0,,3.90E+06,,Communications,0,, 
5/7/15,BOJA US,Bojangles' Inc,169.337,19,25,7.75E+06,"William Blair & Co LLC, RBC Capital Markets, KeyBanc Capital Markets, Piper Sandler & Co, Goldman Sachs, Barclays, Jefferies, Wells Fargo, BofA Securities","Consumer, Cyclical",682.172,0.35246, 
5/6/15,2573364D US,Tallgrass Energy LP,1384.03,29,9.482758522,4.15E+07,"Wells Fargo, RBC Capital Markets, Morgan Stanley, Deutsche Bank, UBS, Barclays, BofA Securities, Citi, Goldman Sachs",Energy,1203.5,, 
5/6/15,ATYR US,aTyr Pharma Inc,86.296,14,6.785714149,5.36E+06,"JP Morgan, Citi","Consumer, Non-cyclical",315.696,57.5097,NASDAQ CM
5/6/15,COLL US,Collegium Pharmaceutical Inc,80.04,12,2.416666746,5.80E+06,"Jefferies, Piper Sandler & Co","Consumer, Non-cyclical",236.495,148.664,NASDAQ GS
5/6/15,CLCD US,CoLucid Pharmaceuticals Inc,55,10,-20,5.50E+06,"Stifel, Piper Sandler & Co","Consumer, Non-cyclical",0,, 
5/6/15,HTGMQ US,HTG Molecular Diagnostics Inc,51.2512,14,-1.642857194,3.57E+06,Leerink Partners LLC,"Consumer, Non-cyclical",95.5556,11.8243,OTC US
5/6/15,FTWS US,Flitways Technology Inc,0.03,0,,1.50E+07,,"Consumer, Non-cyclical",0,,OTC US
5/5/15,CFOR US,OpGen Inc,17.1,6,-19.16666603,2.85E+06,Maxim Group LLC,"Consumer, Non-cyclical",0,81.5822,OTC US
5/5/15,VRTT US,Viatar CTC Solutions Inc,4.7236,0,,1.35E+06,,"Consumer, Non-cyclical",0,, 
5/5/15,SNTW US,Summit Networks Inc,0.08,0,,2.00E+06,,"Consumer, Cyclical",0,1.50072,OTC US
5/5/15,ONCX US,Oncolix Inc,0.0591,0,,1.18E+06,,"Consumer, Non-cyclical",0,, 
4/30/15,BSM US,Black Stone Minerals LP,427.5,19,-4,2.25E+07,"Barclays, BofA Securities, UBS, Citi, Wells Fargo",Energy,1807.53,26.5718,New York
4/30/15,VERS LN,Verseon Corp,98.8778,202,6.188118935,3.26E+07,,"Consumer, Non-cyclical",463.807,40.7272, 
4/29/15,BPMC US,Blueprint Medicines Corp,168.619,18,4.833333492,8.15E+06,"Goldman Sachs, TD Securities","Consumer, Non-cyclical",464.976,1.43374, 
4/29/15,AAPCF US,Atlantic Alliance Partnership Corp,76.875,10,0.600000024,7.50E+06,Citi,Diversified,101.375,, 
4/29/15,VKTX US,Viking Therapeutics Inc,27.6,8,12,3.00E+06,Laidlaw & Co UK Ltd,"Consumer, Non-cyclical",69.2344,62.5582,NASDAQ CM
4/28/15,EVVAQ US,Enviva Inc,230,20,7.5,1.00E+07,"Goldman Sachs, Barclays, Citi, RBC Capital Markets",Energy,268.1,54.8718, 
4/24/15,NAEX US,National Art Exchange Inc,0.07,0,,7.00E+06,,"Consumer, Cyclical",0,, 
4/23/15,APIC US,Apigee Corp,86.955,17,-1.764705896,,"Morgan Stanley, UBS, JP Morgan",Technology,494.486,, 
4/23/15,FRTG US,Frontera Group Inc,0.4225,0,,3.25E+07,,Communications,0,,OTC US
4/22/15,NSA US,National Storage Affiliates Trust,299,13,0,2.00E+07,"Morgan Stanley, Jefferies, Wells Fargo",Financial,0,107.891,New York
4/15/15,PRTYQ US,Party City Holdco Inc,427.657,17,21.76470566,2.19E+07,"BofA Securities, Goldman Sachs, UBS, Morgan Stanley, Barclays, Deutsche Bank, JP Morgan","Consumer, Cyclical",1971.51,0.00189879, 
4/15/15,VIRT US,Virtu Financial Inc,361.23,19,16.7368412,1.65E+07,"Evercore, UBS, Citi, Sandler O'Neill & Partners, BMO Capital Markets, Goldman Sachs, JP Morgan",Financial,606.081,100.548,New York
4/15/15,ETSY US,Etsy Inc,306.667,16,87.5,1.67E+07,"Goldman Sachs, Morgan Stanley",Communications,1775.41,124.121,New York
4/15/15,ZVRA US,Zevra Therapeutics Inc,55.99,11,1.818181872,5.09E+06,"TD Securities, RBC Capital Markets","Consumer, Non-cyclical",148.093,70.1323,NASDAQ GS
4/14/15,KDNY US,Chinook Therapeutics Inc,136.85,17,147.0588226,7.00E+06,"BofA Securities, Leerink Partners LLC","Consumer, Non-cyclical",1020.01,15.7279, 
4/14/15,CDTX US,Cidara Therapeutics Inc,76.8,16,0,4.80E+06,"Leerink Partners LLC, Jefferies, Wedbush Securities Inc, Needham Group Inc/The, BTIG LLC","Consumer, Non-cyclical",215.906,101.227, 
4/14/15,XBIT US,XBiotech Inc,76,19,22.36842155,4.00E+06,WR Hambrecht + Co LLC,"Consumer, Non-cyclical",602.615,7.89281,NASDAQ GS
4/8/15,KALV US,KalVista Pharmaceuticals Inc,74.75,5,11.19999981,1.30E+07,Leerink Partners LLC,"Consumer, Non-cyclical",130.985,118.733,NASDAQ GM
4/8/15,LFGH US,LF George Holdings Inc,1.286,0,,1.29E+06,,Financial,0,, 
4/8/15,LGYV US,Legacy Ventures International Inc,0.016,0,,1.60E+06,,Financial,0,,OTC US
3/31/15,GDDY US,GoDaddy Inc,520,20,30.75,2.30E+07,"Morgan Stanley, JP Morgan, Citi, Barclays, Deutsche Bank, RBC Capital Markets",Communications,1236.48,111.375,New York
3/31/15,LCLP US,Life Clips Inc,0.5502,0,,1.10E+06,,Technology,0,, 
3/27/15,CCD US,Calamos Dynamic Convertible & Income Fund,609.486,25,0,2.22E+07,"Wells Fargo, BofA Securities, Ameriprise Financial Inc, RBC Capital Markets",Financial,0,14.4212,NASDAQ GS
3/27/15,BMXC US,Bemax Inc,0.075,0,,1.50E+06,,"Consumer, Cyclical",0,,OTC US
3/26/15,2571135D US,Jernigan Capital Inc,115,20,1.549999952,5.00E+06,Raymond James & Associates,Financial,120.2,5.44552, 
3/25/15,FSB US,Franklin Financial Network Inc,55.44,21,14.28571415,2.64E+06,BofA Securities,Financial,227.921,, 
3/24/15,HRMNU US,NextDecade Corp,115,10,0,1.00E+07,Cantor Fitzgerald,Energy,0,, 
3/23/15,MMEG US,Momentous Entertainment Group Inc,0.2175,0,,2.18E+07,,Communications,0,, 
3/18/15,NCOM US,National Commerce Corp,38.1225,19.5,8.307692528,1.70E+06,Stifel,Financial,184.051,0.236523, 
3/18/15,IDDR US,IDDriven Inc,0.1195,0,,5.98E+06,,Communications,0,0.00085681, 
3/17/15,GSBD US,Goldman Sachs BDC Inc,138,20,0.25,6.00E+06,"BofA Securities, Morgan Stanley, Goldman Sachs, Citi, UBS, Wells Fargo",Financial,707.622,34.569,New York
3/11/15,SUM US,Summit Materials Inc,459.9,18,16.5,2.22E+07,"Goldman Sachs, Citi, BofA Securities, Deutsche Bank, Barclays, RBC Capital Markets",Industrial,418.518,1.69049, 
3/9/15,OOIL US,Perkins Oil & Gas Inc,0.05,0,,5.00E+06,,Energy,0,, 
3/6/15,MXPT US,MaxPoint Interactive Inc,74.75,11.5,-15.13043499,6.50E+06,"Goldman Sachs, Deutsche Bank, KeyBanc Capital Markets",Communications,294.011,, 
3/4/15,AWSN US,ASN Technologies Inc,0.015,0.01,,,,"Consumer, Non-cyclical",0.115,, 
3/3/15,GWAV US,Greenwave Technology Solutions,5.04,0,,5.04E+07,,Industrial,0,1.76332,NASDAQ CM
3/2/15,TEAM NO,Team Tankers International Ltd,0.438535,12.6,-15.07936764,269800,ABG Sundal Collier Asa,Industrial,308.258,1.78386, 
2/25/15,MNMT US,Motivating the masses Inc,3,0,,2.00E+06,,"Consumer, Non-cyclical",0,, 
2/25/15,HMWN US,Homeowners of America Holding Corp,0.45,0,,900000,,Financial,0,, 
2/23/15,ASCK US,Auscrete Corp,0.0176,0,,585000,,"Consumer, Cyclical",0,,OTC US
2/20/15,TONS US,WisdomTree Coal Fund,0,0,,9.75E+06,,Funds,0,, 
2/18/15,RCKT US,Rocket Pharmaceuticals Inc,40.002,6,0,6.67E+06,"TD Securities, Piper Sandler & Co","Consumer, Non-cyclical",95.265,88.016,NASDAQ GM
2/13/15,FNTCU US,CardConnect Corp,100,10,0,1.00E+07,Cantor Fitzgerald,"Consumer, Non-cyclical",0,, 
2/13/15,RPT US,Rithm Property Trust Inc,74.4776,14.25,-1.754385948,5.00E+06,"B Riley Financial Inc, CRT Capital, Nomura",Financial,213.472,57.767,New York
2/13/15,BLPH US,Bellerophon Therapeutics Inc,60,12,-25.25,5.00E+06,"Leerink Partners LLC, TD Securities","Consumer, Non-cyclical",154.864,8.39449, 
2/13/15,ABVN US,ABV Consulting Inc,0.053,0,,533000,,Communications,0,85.8485,OTC US
2/12/15,KPRX US,Kiora Pharmaceuticals Inc,4.0998,6,0,683300,"Chardan Capital Markets LLC, Aegis Capital Corp","Consumer, Non-cyclical",37.9716,43.3222,NASDAQ CM
2/11/15,2318624D US,Inovalon Holdings Inc,684.85,27,0,2.22E+07,"Goldman Sachs, Citi, Morgan Stanley, BofA Securities, UBS",Technology,3900.96,, 
2/11/15,NVTAQ US,Invitae Corp,116.84,16,6.5625,6.35E+06,"JP Morgan, TD Securities, Leerink Partners LLC","Consumer, Non-cyclical",508.029,5.85162, 
2/10/15,ELTZ US,Elite Group Inc,0.09,0,,3.00E+06,,"Consumer, Cyclical",0,, 
2/9/15,AVNU US,Avenue Financial Holdings Inc,31.625,11,8,2.50E+06,Stifel,Financial,112.521,100, 
2/9/15,UCLE US,US Nuclear Corp,0.7725,0,,3.09E+06,,Industrial,0,,OTC US
2/6/15,1916418D US,Barington/Hilco Acquisition Corp,42.931,10,-0.100000002,4.00E+06,EarlyBirdCapital.com,Diversified,0,, 
2/5/15,CPPL US,Columbia Pipeline Partners LP,1238.16,23,16.47826004,4.68E+07,"Wells Fargo, Morgan Stanley, JP Morgan, Goldman Sachs, BofA Securities, Barclays, Citi",Energy,1238.16,, 
2/5/15,DEA US,Easterly Government Properties Inc,207,15,3.333333254,1.20E+07,"Citi, Raymond James & Associates, RBC Capital Markets",Financial,362.526,73.6382,New York
2/4/15,WEWA US,Wewards Inc,0.1,0,,1.00E+07,,Technology,0,56.5781,OTC US
2/4/15,OLMM US,OneLife Technologies Corp,0.0568,0,,1.14E+07,,Communications,0,,OTC US
2/3/15,GWHP US,Global Wholehealth Partners Corp,1.34,0,,1.34E+07,,"Consumer, Non-cyclical",0,, 
2/3/15,ATEX US,Anterix Inc,0,0,,1.19E+07,,Communications,0,92.4261,NASDAQ CM
1/30/15,ONCE US,Spark Therapeutics Inc,185.15,23,117.391304,7.00E+06,"JP Morgan, UBS","Consumer, Non-cyclical",540.279,, 
1/30/15,AVGR US,Avinger Inc,65,13,3.846153736,5.00E+06,"TD Securities, Canaccord Genuity","Consumer, Non-cyclical",132.987,9.45429, 
1/29/15,HIFR US,InfraREIT Inc,529,23,15.652174,2.00E+07,"BofA Securities, Citi, RBC Capital Markets, Morgan Stanley",Utilities,1081.35,, 
1/29/15,FNWB US,First Northwest Bancorp,121.67,10,21.79999924,1.22E+07,Sandler O'Neill & Partners,Financial,131.004,57.7888,NASDAQ GM
1/29/15,SHAK US,Shake Shack Inc,120.75,21,118.5714264,5.00E+06,"Morgan Stanley, JP Morgan, Barclays, Goldman Sachs, Jefferies","Consumer, Cyclical",253.22,108.556,New York
1/29/15,TCON US,Tracon Pharmaceuticals Inc,36,10,-6,3.60E+06,"Stifel, Wells Fargo","Consumer, Non-cyclical",120.928,0.001526, 
1/28/15,DCOY US,Decoy Therapeutics Inc,100.99,16,-6.5625,5.40E+06,"Jefferies, Piper Sandler & Co","Consumer, Non-cyclical",299.477,7.43845,NASDAQ CM
1/28/15,ENTL US,Entellus Medical Inc,89.9997,17,29.41176414,4.60E+06,"BofA Securities, Piper Sandler & Co","Consumer, Non-cyclical",299.931,, 
1/28/15,LENSF US,Presbia PLC,41.667,10,-18.5,4.17E+06,Jefferies,"Consumer, Non-cyclical",133.33,, 
1/27/15,ZSANQ US,Zosano Pharma Corp,50.71,11,0.090909094,4.50E+06,"Roth Capital Partners Inc, Ladenburg Thalmann & Co","Consumer, Non-cyclical",131.187,5.40575, 
1/27/15,NGLD US,Nevada Canyon Gold Corp,0.2,0,,2.00E+06,,"Consumer, Non-cyclical",0,0.0351096,OTC US
1/22/15,BOX US,Box Inc,201.25,14,65.92857361,1.25E+07,"Morgan Stanley, UBS, JP Morgan",Technology,201.25,108.428,New York
1/16/15,ICBK US,County Bancorp Inc,21.3727,15.75,7.936507702,1.18E+06,"Robert W Baird & Co, Stifel",Financial,89.3734,, 
1/15/15,XELAU US,Exela Technologies Inc,350,10,0,3.50E+07,"Cantor Fitzgerald, Deutsche Bank",Technology,0,, 
1/15/15,PNTPQ US,Patriot National Inc,116.42,14,-3.571428537,8.32E+06,"UBS, BMO Capital Markets, Truist Securities Inc","Consumer, Non-cyclical",355.946,0.00819159, 
1/15/15,INQD US,Indoor Harvest Corp,1.2335,0,,2.47E+06,,Industrial,0,,OTC US
1/15/15,WTRV US,White River Energy Corp,0.2745,0,,2.75E+06,,Energy,0,2.21812,OTC US
1/7/15,PDRG US,Phillips Edison Grocery Center REIT II Inc,2000,0,,8.00E+07,Realty Capital Securities LLC,Financial,0,, 
1/6/15,COB/U CN,Cohbar Inc,11.25,1,55,1.13E+07,Haywood Securities Inc,"Consumer, Non-cyclical",32.2653,0.0419344, 
12/30/14,MBCQ US,MB Bancorp Inc,21.6,10,4.5,2.16E+06,Stifel,Financial,0,18.1087, 
12/29/14,HMPQ US,HempAmericana Inc,4.08,0,,3.40E+07,,"Consumer, Non-cyclical",0,,OTC US
12/29/14,RYBH US,Royal Bakery Holdings Inc,1.3663,0,,1.37E+06,,"Consumer, Cyclical",0,, 
12/29/14,MEDR US,Medresponse Corp,0.1,0,,1.00E+07,,"Consumer, Non-cyclical",0,, 
12/19/14,NYX CN,NYX Gaming Group Ltd,44.0437,3.5,7.142857075,1.29E+07,Canaccord Genuity,"Consumer, Cyclical",0,0.355081, 
12/19/14,MDVXU US,Innoveren Scientific Inc,9.2,5.75,8.695652008,1.39E+06,Laidlaw & Co UK Ltd,"Consumer, Non-cyclical",53.9419,, 
12/18/14,JUNO US,Juno Therapeutics Inc,304.231,24,45.83333206,1.10E+07,"JP Morgan, Morgan Stanley, Goldman Sachs","Consumer, Non-cyclical",1910.22,0.26762, 
12/18/14,GNID US,GeneSYS ID Inc,2.5,0,,1.00E+07,,Industrial,0,, 
12/17/14,BLCM US,Bellicum Pharmaceuticals Inc,160.598,19,25.68420982,7.35E+06,"Jefferies, Citi, Piper Sandler & Co","Consumer, Non-cyclical",491.142,29.1038, 
12/16/14,RMP US,RM Partners LP,474.375,16.5,-1.212121248,2.50E+07,"RBC Capital Markets, Goldman Sachs, Wells Fargo, Citi, Barclays",Energy,474.434,, 
12/16/14,ONDK US,On Deck Capital Inc,230,20,39.90000153,1.00E+07,"Morgan Stanley, BofA Securities, JP Morgan, Deutsche Bank, Jefferies, Needham Group Inc/The, Raymond James & Associates, Stifel",Financial,1323.21,, 
12/12/14,OACCF US,Origo Acquisition Corp,42,10,0,4.00E+06,EarlyBirdCapital.com,Diversified,0,21.714, 
12/12/14,PPCQ US,Premier Pacific Construction Inc,0.0286,0,,286000,,Industrial,0,, 
12/11/14,2602832D US,Metaldyne Performance Group Inc,171.715,15,0.733333349,1.00E+07,"Goldman Sachs, BofA Securities, Deutsche Bank, Barclays, UBS, RBC Capital Markets","Consumer, Cyclical",1006.1,0.00109682, 
12/11/14,NEWR US,New Relic Inc,132.25,23,47.78260803,5.00E+06,"Morgan Stanley, JP Morgan, Allen & Co, UBS, Citizens Financial Group Inc, Raymond James & Associates",Technology,1076.3,, 
12/11/14,HDP US,Hortonworks Inc,115,16,64.875,6.25E+06,"Goldman Sachs, UBS, RBC Capital Markets",Technology,680.88,2.32403, 
12/11/14,WK US,Workiva Inc,100.8,14,-1.785714269,7.20E+06,"Morgan Stanley, UBS, Raymond James & Associates, Robert W Baird & Co, Stifel",Technology,379.371,99.8044,New York
12/11/14,CNXR US,Connecture Inc,53.08,8,10,6.64E+06,"JP Morgan, Morgan Stanley",Technology,173.445,, 
12/10/14,LC US,LendingClub Corp,1000.5,15,56.20000076,5.80E+07,"Morgan Stanley, Goldman Sachs, UBS, Citi",Financial,5547.18,89.3038,New York
12/8/14,CHT LN,Constellation Healthcare Technologies Inc,15.1044,135,-1.851851821,7.13E+06,"Chrystal Capital, FinnCap","Consumer, Non-cyclical",117.418,8.12178, 
12/5/14,PTCO US,PetroGas Co,0.1,0,,1.00E+07,,Energy,0,,OTC US
12/3/14,EWLU US,Merion Inc,1.0629,0,,2.13E+06,,"Consumer, Cyclical",0,,OTC US
12/3/14,LBRA US,1847 Holdings LLC,0.5,0,,500000,,Financial,0,4.91863,OTC US
12/2/14,OCGN US,Ocugen Inc,65.0001,11,6.818181992,5.91E+06,"TD Securities, Canaccord Genuity, Needham Group Inc/The","Consumer, Non-cyclical",118.752,25.2686,NASDAQ CM
11/25/14,HIE US,Miller/Howard High Dividend Fund,250,20,0,1.25E+07,"Ameriprise Financial Inc, Raymond James & Associates, Wells Fargo",Financial,0,22.6587, 
11/21/14,NEFF US,Neff Corp,157.143,15,-1,1.05E+07,"Morgan Stanley, Jefferies, Piper Sandler & Co, BofA Securities, Wells Fargo","Consumer, Non-cyclical",157.143,, 
11/21/14,BLYQ US,Bally Corp,0.06,0,,6.00E+06,,Communications,0,,OTC US
11/20/14,SKIS US,Peak Resorts Inc,90,9,-5.444444656,1.00E+07,"B Riley Financial Inc, Stifel, Robert W Baird & Co","Consumer, Cyclical",125.842,, 
11/19/14,HABT US,Habit Restaurants Inc/The,103.5,18,119.6666641,5.00E+06,"Robert W Baird & Co, Piper Sandler & Co, Wells Fargo, Raymond James & Associates","Consumer, Cyclical",161.899,39.537, 
11/19/14,EVFM US,Evofem Biosciences Inc,65.1,14,-14.28571415,4.65E+06,"Piper Sandler & Co, Guggenheim Capital","Consumer, Non-cyclical",190.681,3.05E-06,OTC US
11/19/14,VANI US,Vivani Medical Inc,36.225,9,121.8888855,3.50E+06,MDB Capital Group LLC,"Consumer, Non-cyclical",311.63,6.9356,NASDAQ CM
11/19/14,PKAYQ US,Peekay Boutiques Inc,0.2,0,,2.00E+06,,"Consumer, Cyclical",0,, 
11/19/14,0813202D US,Cosmo Ventures Inc,0.015,0.005,,3.00E+06,,Communications,0.075,, 
11/18/14,PGRE US,Paramount Group Inc,2636.38,17.5,3.885714293,1.31E+08,"BofA Securities, Morgan Stanley, Wells Fargo, Deutsche Bank",Financial,0,17.6185, 
11/18/14,STOR US,STORE Capital Corp,585.062,18.5,5.405405521,2.75E+07,"Morgan Stanley, UBS, Goldman Sachs",Financial,2051.98,5.02433, 
11/18/14,LNAI US,Lunai Bioworks Inc,12,0,,2.40E+06,"Benchmark Co Inc/The, Sunrise Securities","Consumer, Non-cyclical",0,26.1505,NASDAQ CM
11/17/14,1650920D CN,Perk Inc,0.22115,0.1,39.99999619,2.50E+06,GMP Securities,Technology,1.10575,, 
11/17/14,QBIO US,Q BioMed Inc,0.05,0,,2.50E+06,,"Consumer, Non-cyclical",0,, 
11/14/14,KYNB US,Kyntra Bio Inc,167.67,18,22.22222137,8.10E+06,"Goldman Sachs, Citi, Leerink Partners LLC","Consumer, Non-cyclical",1041.39,29.8923,NASDAQ GS
11/14/14,LMRK US,Landmark Infrastructure Partners LP,52.25,19,0.473684222,2.65E+06,"Raymond James & Associates, Robert W Baird & Co, RBC Capital Markets",Financial,89.3513,, 
11/13/14,VA US,Virgin America Inc,352.779,23,30.43478203,1.33E+07,"Deutsche Bank, Barclays","Consumer, Cyclical",987.576,, 
11/13/14,SLNO US,Soleno Therapeutics Inc,10.725,6.5,-40.30769348,1.65E+06,Maxim Group LLC,"Consumer, Non-cyclical",0,135.344,NASDAQ CM
11/12/14,PRAH US,PRA Health Sciences Inc,351.418,18,9,1.70E+07,"Citi, Kohlberg Kravis Roberts & Co, Jefferies, UBS, Wells Fargo","Consumer, Non-cyclical",1076.56,0.035816, 
11/11/14,AXTA US,Axalta Coating Systems Ltd,1121.25,19.5,6.410256386,5.00E+07,"Morgan Stanley, UBS, Barclays, BofA Securities, JP Morgan, Deutsche Bank, Citi, Goldman Sachs",Basic Materials,4466.85,118.297,New York
11/11/14,JYNT US,Joint Corp/The,22.425,6.5,1.230769277,3.00E+06,"Feltl & Co, Roth Capital Partners Inc","Consumer, Non-cyclical",59.6154,80.8344,NASDAQ CM
11/6/14,FRPT US,Freshpet Inc,179.689,15,27.39999962,1.04E+07,"UBS, Goldman Sachs","Consumer, Cyclical",500.424,124.69,NASDAQ GM
11/6/14,2505298D US,Syneos Health Inc,172.5,18.5,10.75675678,8.11E+06,"UBS, Goldman Sachs, Robert W Baird & Co, Wells Fargo, William Blair & Co LLC","Consumer, Non-cyclical",947.198,, 
11/6/14,TFIN US,Triumph Financial Inc,92.46,12,6.25,6.70E+06,"Evercore, Sandler O'Neill & Partners, Wells Fargo",Financial,211.102,109.045,New York
11/6/14,CHRS US,Coherus Oncology Inc,91.85,13.5,-6.592592716,6.30E+06,"JP Morgan, UBS","Consumer, Non-cyclical",432.702,45.2687,NASDAQ GM
11/6/14,AIOM US,Axiom Holdings Inc,0.14,0,,7.00E+06,,"Consumer, Cyclical",0,, 
11/5/14,NVRO US,Nevro Corp,144.9,18,39.94444275,7.00E+06,"JP Morgan, Morgan Stanley","Consumer, Non-cyclical",442.676,11.3133, 
11/5/14,UPLD US,Upland Software Inc,46.1544,12,-18.75,3.85E+06,"William Blair & Co LLC, Raymond James & Associates",Technology,172.028,55.5853,NASDAQ GM
11/4/14,9966611D US,Antero Midstream Partners LP,1150,25,12.11999989,4.00E+07,"Citi, UBS, JP Morgan, Morgan Stanley, Wells Fargo, Barclays",Energy,2048.53,, 
11/4/14,VRAYQ US,ViewRay Inc,0.09,0,,3.00E+06,,"Consumer, Non-cyclical",0,8.41213,OTC US
11/4/14,IPSI US,Innovative Payment Solutions Inc,0.05,0,,5.00E+06,,"Consumer, Cyclical",0,,OTC US
11/3/14,SNC US,State National Cos Inc,368.127,11.98,3.82E-06,3.07E+07,B Riley Financial Inc,Financial,530.08,, 
10/30/14,FTXP US,Foothills Exploration Inc,0.059,0,,590000,,Energy,0,,OTC US
10/29/14,FSAM US,Fifth Street Asset Management Inc,102,17,-21.35294151,6.00E+06,"UBS, Barclays, Deutsche Bank, Sumitomo Mitsui Financial, Goldman Sachs, RBC Capital Markets, JP Morgan, Morgan Stanley",Financial,102,0.28361, 
10/29/14,BOOT US,Boot Barn Holdings Inc,92,16,9.0625,5.00E+06,"JP Morgan, Jefferies, Piper Sandler & Co, Robert W Baird & Co, Wells Fargo","Consumer, Cyclical",410.87,123.524,New York
10/28/14,SHLX US,Shell Midstream Partners LP,1058,23,45.86956406,4.00E+07,"Citi, Barclays, Morgan Stanley, UBS",Energy,1689.93,, 
10/28/14,BST US,Blackrock Science & Technology Trust,450,20,0,2.10E+07,"BofA Securities, Citi, Oppenheimer & Co, RBC Capital Markets, UBS, Wells Fargo, Morgan Stanley",Financial,0,20.0185,New York
10/28/14,SIENQ US,Sientra Inc,86.25,15,11.66666698,5.00E+06,"Stifel, Piper Sandler & Co","Consumer, Non-cyclical",223.535,11.1277, 
10/24/14,HDRAU US,Inspired Entertainment Inc,80,10,-0.699999988,8.00E+06,UBS,"Consumer, Cyclical",100,, 
10/23/14,CRBP US,Corbus Pharmaceuticals Holdings Inc,0,0,,2.02E+07,,"Consumer, Non-cyclical",0,75.8504,NASDAQ CM
10/22/14,MELR US,Melrose Bancorp Inc,27.234,10,30.5,2.72E+06,Stifel,Financial,0,, 
10/21/14,TARA US,Protara Therapeutics Inc,70.265,10,0.300000012,6.11E+06,"Stifel, Citizens Financial Group Inc","Consumer, Non-cyclical",149.939,75.7554,NASDAQ GM
10/21/14,ABCW US,Anchor BanCorp Wisconsin Inc,9.672,26,16.61538506,372000,"Sandler O'Neill & Partners, Robert W Baird & Co",Financial,241.8,, 
10/16/14,ZAYO US,Zayo Group Holdings Inc,457.501,19,15.78947353,2.11E+07,"Truist Securities Inc, Citi, RBC Capital Markets, Goldman Sachs, Morgan Stanley, Barclays",Communications,4541.15,, 
10/15/14,ATRA US,Atara Biotherapeutics Inc,63.25,11,-3.181818247,5.00E+06,"Goldman Sachs, Citi","Consumer, Non-cyclical",213.434,39.8816,NASDAQ GS
10/14/14,1851869D US,Dominion Energy Midstream Partners LP,422.625,21,25.76190567,1.75E+07,"Citi, Barclays, JP Morgan, BofA Securities, Goldman Sachs, UBS, Morgan Stanley",Energy,726.554,, 
10/14/14,GWB US,Great Western Bancorp Inc,331.2,18,0,1.60E+07,"BofA Securities, Deutsche Bank",Financial,0,13.5436, 
10/14/14,USLG US,US Lighting Group Inc,6.02,0,,3.01E+07,,"Consumer, Cyclical",0,,OTC US
10/13/14,PLRM US,Pilgrim Bancshares Inc,18.975,0,,1.90E+06,,Diversified,0,18.1403, 
10/9/14,DPLO US,Diplomat Pharmacy Inc,199.333,13,23.23077011,1.33E+07,"Morgan Stanley, UBS, JP Morgan, Wells Fargo","Consumer, Non-cyclical",668.833,, 
10/9/14,PLAY US,Dave & Buster's Entertainment Inc,108.237,16,8,5.88E+06,"Jefferies, Piper Sandler & Co, Raymond James & Associates, William Blair & Co LLC, Stifel","Consumer, Cyclical",625.386,117.203,NASDAQ GS
10/9/14,GBSNQ US,Great Basin Scientific Inc,8.05,7,-16.1428566,1.15E+06,Dawson James Securities,"Consumer, Non-cyclical",35.5488,, 
10/8/14,USDP US,USD Partners LP,155.04,17,-5.882352829,9.12E+06,"Citi, Barclays, UBS, BofA Securities",Industrial,173.63,0.00130276,OTC US
10/8/14,HUBS US,HubSpot Inc,143.75,25,20.39999962,5.00E+06,"Morgan Stanley, JP Morgan, UBS",Technology,777.795,96.2614,New York
10/8/14,VBTX US,Veritex Holdings Inc,35.1,13,7.307692528,2.70E+06,"Sandler O'Neill & Partners, Stephens Inc",Financial,117.764,0.617868, 
10/7/14,ECC US,Eagle Point Credit Co Inc,103.106,20,-4.199999809,5.16E+06,"Stifel, Deutsche Bank",Financial,276.228,18.8857,New York
10/6/14,BKRP US,Black Rock Petroleum Co,0,0,,1.21E+08,,Energy,0,,OTC US
10/3/14,FMSA US,Fairmount Santrol Holdings Inc,400,16,0,2.50E+07,"RBC Capital Markets, KeyBanc Capital Markets, JP Morgan, Jefferies, Goldman Sachs, Barclays, Wells Fargo, Morgan Stanley",Basic Materials,2558.56,, 
10/3/14,SKKB US,Stark Naked Bobbers,0.03,0.01,,3.00E+06,,"Consumer, Cyclical",0.13,, 
10/2/14,AXARU US,Axar Acquisition Corp,240,10,-2.599999905,2.40E+07,Citi,Diversified,240,, 
10/2/14,1934798D US,Dermira Inc,125,16,-2.8125,7.81E+06,"Citi, Leerink Partners LLC","Consumer, Non-cyclical",309.659,, 
10/2/14,YDLE US,Yodlee Inc,84.1284,12,12,6.25E+06,"BofA Securities, UBS, Goldman Sachs",Communications,348.968,, 
10/1/14,VWR US,VWR Corp,616.533,21,0.238095239,2.55E+07,"William Blair & Co LLC, Jefferies, Citi, Deutsche Bank, Barclays, BofA Securities, JP Morgan, Goldman Sachs","Consumer, Non-cyclical",2758.54,, 
10/1/14,W US,Wayfair Inc,366.85,29,30.06896591,1.10E+07,"Goldman Sachs, Citi, BofA Securities",Communications,319,118.251,New York
10/1/14,JPEP US,AMID Merger LP,275,20,-4.449999809,1.38E+07,"BofA Securities, Barclays, RBC Capital Markets, Deutsche Bank",Energy,364.27,, 
10/1/14,AACH US,AAC Holdings Inc,86.25,15,23.33333397,5.00E+06,"William Blair & Co LLC, Raymond James & Associates","Consumer, Non-cyclical",313.849,, 
10/1/14,CALA US,Calithera Biosciences Inc,80,10,-5.900000095,8.00E+06,"Citi, Leerink Partners LLC, Wells Fargo, Citizens Financial Group Inc","Consumer, Non-cyclical",178.816,0.000410468,OTC US
9/30/14,VSLR US,Vivint Solar Inc,329.6,16,0.0625,2.06E+07,"BofA Securities, Goldman Sachs, UBS, Citi, Deutsche Bank, Morgan Stanley, Barclays",Energy,0,9.23826, 
9/30/14,ENFC US,Entegra Financial Corp,65.464,10,32.79999924,6.55E+06,Sandler O'Neill & Partners,Financial,0,, 
9/30/14,AMJT US,AMJ Global Technology,0.0504,0,,2.52E+06,,Technology,0,,OTC US
9/26/14,SNCF US,Sanarco Funds Inc,0.1,0,,5.00E+06,,Financial,0,,OTC US
9/25/14,GER US,Goldman Sachs MLP Energy and Renaissance Fund,1485,20,0,7.00E+07,BofA Securities,Financial,0,19.3582, 
9/25/14,CVTS US,Civitas Therapeutics Inc,80,0,,,"BofA Securities, JP Morgan","Consumer, Non-cyclical",0,, 
9/24/14,CNXM US,CNX Midstream Partners LP,442.75,22,38.18181992,1.75E+07,"RBC Capital Markets, UBS, Morgan Stanley, Goldman Sachs, Robert W Baird & Co, Deutsche Bank, Barclays, JP Morgan, Citi, BofA Securities, Wells Fargo",Energy,641.588,, 
9/24/14,VTAE US,Vitae Pharmaceuticals LLC,63.2504,8,-4.875,6.88E+06,"BMO Capital Markets, Stifel","Consumer, Non-cyclical",147.222,, 
9/23/14,CFG US,Citizens Financial Group Inc,3461.5,21.5,7.348837376,1.40E+08,"NatWest Markets, Morgan Stanley, Goldman Sachs, Wells Fargo, Deutsche Bank, Citi, Barclays, JP Morgan",Financial,12040,102.615,New York
9/23/14,SFS US,Smart & Final Stores Inc,185.61,12,0.083333336,1.35E+07,"Morgan Stanley, UBS, Deutsche Bank, Barclays, Citi, Piper Sandler & Co, Guggenheim Capital","Consumer, Non-cyclical",852.682,, 
9/23/14,MDLM US,Medley Management Inc,108,18,-8.888889313,6.00E+06,"UBS, Goldman Sachs, Barclays, Deutsche Bank, Stifel",Financial,0,53.5871,OTC US
9/22/14,STEX US,Streamex Corp,0,0,,8900,,Financial,0,12.6273,NASDAQ CM
9/19/14,GWGHQ US,GWG Holdings Inc,10,12.5,5.199999809,800000,Newport Securities Inc,Financial,73.3762,, 
9/19/14,XALL US,Xalles Holdings Inc,0.435,0,,4.35E+06,,Financial,0,,OTC US
9/19/14,2054374D US,AppYea Inc/SD,0.3497,0,,699400,,Technology,0,, 
9/16/14,1933924D US,Civitas Solutions Inc,198.9,17,-2.294117689,1.17E+07,"Barclays, BofA Securities, UBS","Consumer, Non-cyclical",628.15,0.000156995, 
9/16/14,ELDN US,Eledon Pharmaceuticals Inc,105.3,15,58.40000153,6.48E+06,"Stifel, BMO Capital Markets, William Blair & Co LLC","Consumer, Non-cyclical",335.726,62.1838,NASDAQ CM
9/16/14,TNRG US,Thunder Energies Corp,1.4438,0,,1.44E+06,,"Consumer, Non-cyclical",0,,OTC US
9/12/14,PSNP US,Preston Corp/NV,0.0476,0,,4.76E+07,,Basic Materials,0,, 
9/12/14,SSGC US,SafeSpace Global Corp,0.03,0,,3.00E+06,,"Consumer, Non-cyclical",0,,OTC US
9/9/14,ITDP US,Instride Inc,0.1,0,,400000,,Communications,0,, 
9/9/14,LWEL US,Luckwel Pharmaceuticals Inc,0.044,0,,400000,,"Consumer, Non-cyclical",0,, 
9/9/14,CWRV US,Clearwater Ventures Inc,0.02,0,,2.00E+06,,Industrial,0,, 
9/8/14,LIVG US,Livento Group Inc,0.25,0,,1.00E+06,,"Consumer, Non-cyclical",0,,OTC US
9/8/14,SPLY US,SocialPlay USA Inc,0.045,0,,3.00E+06,,Technology,0,,OTC US
9/5/14,4991 TT,GCS Holdings Inc,6.82965,42,39.2857132,4.86E+06,Mega Securities Co Ltd,Technology,0,27.0022,Taipei
8/26/14,SMACU US,Sino Mercury Acquisition Corp,40.81,10,0.300000012,4.00E+06,Cantor Fitzgerald,Financial,52.91,, 
8/13/14,OTIC US,Otonomy Inc,115,16,7.1875,6.25E+06,"JP Morgan, BofA Securities","Consumer, Non-cyclical",340.37,6.93393, 
8/13/14,BNK US,C1 Financial Inc,46.9438,17,0,2.63E+06,"Stifel, Raymond James & Associates",Financial,271.5,100, 
8/7/14,ICDIQ US,Independence Contract Drilling Inc,126.5,11,0.545454562,1.00E+07,"Morgan Stanley, RBC Capital Markets, Tudor Pickering Holt & Co LLC",Energy,267.91,11.2332, 
8/7/14,RYZ US,Ryerson Holding Corp,121,11,-6.363636494,1.10E+07,"Deutsche Bank, BofA Securities, BMO Capital Markets, JP Morgan, Jefferies",Industrial,352.41,69.6897,New York
8/7/14,GNBC US,Green Bancorp Inc,80.859,15,13.66666698,4.69E+06,"Sandler O'Neill & Partners, Jefferies, JP Morgan, Stifel, RBC Capital Markets",Financial,392.563,100, 
8/7/14,TTOO US,T2 Biosystems Inc,65.78,11,30.18181801,5.20E+06,"Morgan Stanley, Goldman Sachs","Consumer, Non-cyclical",219.75,22.1239,OTC US
8/1/14,LOXO US,Loxo Oncology Inc,76.7455,13,0,5.26E+06,"Stifel, TD Securities","Consumer, Non-cyclical",207.23,, 
7/31/14,CTLT US,Catalent Inc,1001.94,20.5,-2.48780489,4.25E+07,"Deutsche Bank, Jefferies, Goldman Sachs, BofA Securities, JP Morgan, Morgan Stanley","Consumer, Non-cyclical",2535.77,6.50312, 
7/31/14,FCB US,FCB Financial Holdings Inc,181.28,22,-4.818181992,7.52E+06,"JP Morgan, Deutsche Bank, BofA Securities, UBS",Financial,752.94,, 
7/31/14,HQY US,HealthEquity Inc,146.51,14,25.7142849,9.10E+06,"JP Morgan, Wells Fargo","Consumer, Non-cyclical",713.46,115.071,NASDAQ GS
7/31/14,ADVM US,Adverum Biotechnologies Inc,117.3,17,64.64705658,6.00E+06,"TD Securities, Jefferies, Piper Sandler & Co","Consumer, Non-cyclical",378.37,8.58294, 
7/31/14,MRNS US,Marinus Pharmaceuticals Inc,46.064,8,0,5.63E+06,"Stifel, Citizens Financial Group Inc","Consumer, Non-cyclical",111.3,27.8706, 
7/30/14,SYF US,Synchrony Financial,2955.36,23,0,1.25E+08,"Goldman Sachs, JP Morgan, Citi, Morgan Stanley, BofA Securities, Barclays, UBS, Deutsche Bank",Financial,19176.6,122.89,New York
7/30/14,ABWN US,Airborne Wireless Network,0.15,0.03,266.666687,5.00E+06,,Communications,0.45,0.370605,OTC US
7/29/14,THQ US,abrdn Healthcare Opportunities,770,20,0,3.85E+07,"Morgan Stanley, Wells Fargo, Raymond James & Associates, Ameriprise Financial Inc, UBS",Financial,0,20.3169,New York
7/29/14,WLKP US,Westlake Chemical Partners LP,310.5,24,28.25,1.13E+07,"UBS, Barclays, BofA Securities, Morgan Stanley, Deutsche Bank",Basic Materials,344.97,35.0801,New York
7/29/14,CFRXU US,ContraFect Corp,41.2818,6,7.5,6.00E+06,Maxim Group LLC,"Consumer, Non-cyclical",41.28,, 
7/29/14,SGRB US,SIGMABROADBAND CO,13.763,0,,2.75E+07,,Communications,0,,OTC US
7/29/14,LFER US,Life on Earth Inc,0.5,0,,2.00E+06,,"Consumer, Non-cyclical",0,2.62874, 
7/29/14,2083906D US,Panbela Research Inc,0.1878,0,,375700,,"Consumer, Non-cyclical",0,, 
7/28/14,2589045D US,Via Renewables Inc,54,18,-0.722222209,3.00E+06,"Robert W Baird & Co, Stifel",Utilities,54,, 
7/25/14,OEC US,Orion SA,351,18,-1.388888836,1.95E+07,"Goldman Sachs, Morgan Stanley, UBS, Barclays, JP Morgan",Basic Materials,1073.43,96.5069,New York
7/24/14,WMS US,Advanced Drainage Systems Inc,241.6,16,0.9375,1.45E+07,"Barclays, Deutsche Bank, Citi, RBC Capital Markets",Industrial,843.97,108.615,New York
7/24/14,LOCO US,El Pollo Loco Holdings Inc,123.215,15,60.20000076,7.14E+06,"Morgan Stanley, Jefferies, Robert W Baird & Co","Consumer, Cyclical",553.95,109.955,NASDAQ GS
7/24/14,OCUL US,Ocular Therapeutix Inc,74.75,13,1.153846145,5.00E+06,"Morgan Stanley, TD Securities, RBC Capital Markets","Consumer, Non-cyclical",277.15,85.3885,NASDAQ GM
7/24/14,IMDZ US,Immune Design Corp,64.9272,12,0.416666657,5.00E+06,"Leerink Partners LLC, Jefferies","Consumer, Non-cyclical",189.23,0.163192, 
7/24/14,PFNX US,Pfenex Inc,50,6,-11.66666698,8.33E+06,"Citizens Financial Group Inc, William Blair & Co LLC","Consumer, Non-cyclical",115.4,, 
7/23/14,TSQ US,Townsquare Media Inc,98.1563,11,-6.818181992,8.33E+06,"BofA Securities, Jefferies, RBC Capital Markets, Guggenheim Capital, Macquarie",Communications,102.93,68.2899,New York
7/23/14,XENT US,Intersect ENT Inc,63.25,11,17.45454597,5.00E+06,"JP Morgan, Piper Sandler & Co","Consumer, Non-cyclical",255.77,7.80255, 
7/22/14,CCLD US,CareCloud Inc,20.4,5,-14.39999962,4.08E+06,"Aegis Capital Corp, Chardan Capital Markets LLC, Summer Street Research Partners",Technology,54.91,25.7169,NASDAQ GM
7/22/14,DFNS US,T3 Defense Inc,0.12,0.12,8025,1.00E+06,,Industrial,0.6276,5.29563,NASDAQ GM
7/21/14,BHBK US,Blue Hills Bancorp Inc,277.725,10,23.79999924,2.78E+07,Stifel,Financial,0,, 
7/21/14,RNWR US,808 Renewable Energy Corp,8.104,4,25,2.03E+06,,Energy,274.447,, 
7/17/14,TERP US,TerraForm Power Inc,576.87,25,32.36000061,2.01E+07,"Goldman Sachs, Barclays, Citi, JP Morgan, Macquarie",Energy,768.43,1.32E-09, 
7/17/14,1578924D US,Terrapin 3 Acquisition Corp,212.75,10,0.100000002,1.85E+07,Deutsche Bank,Diversified,212.75,, 
7/17/14,SAGE US,Sage Therapeutics Inc,103.5,18,67.22222137,5.00E+06,"JP Morgan, Goldman Sachs","Consumer, Non-cyclical",462.81,5.64466, 
7/17/14,TRUP US,Trupanion Inc,81.938,10,14,7.13E+06,"Barclays, RBC Capital Markets, Stifel",Financial,265.59,107.762,NASDAQ GM
7/17/14,TUBE US,TubeMogul Inc,50.3125,7,64.2857132,6.25E+06,"Citi, BofA Securities, RBC Capital Markets",Technology,207.36,, 
7/17/14,CDNA US,CareDx Inc,42.2,10,-9.5,4.00E+06,"Piper Sandler & Co, Leerink Partners LLC, Raymond James & Associates, Mizuho Financial","Consumer, Non-cyclical",107.24,105.192,NASDAQ GM
7/16/14,ROKA US,Sorrento Tech Inc,60,12,0,5.00E+06,"BofA Securities, Leerink Partners LLC","Consumer, Non-cyclical",211.58,0.0747321, 
7/16/14,IRMD US,iRadimed Corp,14.49,6.25,58.40000153,2.02E+06,Roth Capital Partners Inc,"Consumer, Non-cyclical",66.99,62.5157,NASDAQ GM
7/15/14,TFSCU US,Limbach Holdings Inc,46,10,0.300000012,4.00E+06,EarlyBirdCapital.com,Industrial,0,, 
7/15/14,SBCP US,Sunshine Bancorp Inc,36.8,0,,3.68E+06,Stifel,Financial,0,, 
7/12/14,VRY CN,Petro-Victory Energy Corp,23.233,0.4,-17.50000191,6.25E+07,Canaccord Genuity,Energy,87.3379,23.1429,Venture
7/11/14,CLST LN,ClearStar Inc,15.0372,57,5.263157845,1.55E+07,,Technology,35.4068,96.2542, 
7/10/14,SLLV US,SOELLINGEN ADVISORY GROUP INC,0.0431,0,,862000,,"Consumer, Non-cyclical",0,, 
7/10/14,FQJK US,Fortune Capital Financial Holding Corp,0.034,0,,2.01E+06,,Financial,0,, 
7/9/14,DGLT US,Digiliti Money Group Inc,6.75,1.5,0,4.50E+06,Northland Securities Group LLC,Industrial,25.45,, 
7/9/14,BDPT US,BioAdaptives Inc,0.2406,0,,2.01E+06,,"Consumer, Non-cyclical",0,,OTC US
7/3/14,SKYC US,Sky Constant Century Inc,0.25,0,,500000,,Communications,0,,OTC US
7/3/14,AKTSQ US,Akoustis Technologies Inc,0.09,0,,9.00E+06,,Industrial,0,0.0186337, 
7/1/14,GBIM US,GlobeImmune Inc,17.25,10,10.5,1.50E+06,Aegis Capital Corp,"Consumer, Non-cyclical",57.44,,OTC US
6/30/14,ISTR US,Investar Holding Corp,45.9942,14,1.428571463,2.88E+06,"Sandler O'Neill & Partners, Stifel",Financial,101.22,47.2351,NASDAQ GM
6/30/14,NERV US,Minerva Neurosciences Inc,33.693,6,0.833333314,5.45E+06,Jefferies,"Consumer, Non-cyclical",110.634,79.6137,NASDAQ CM
6/27/14,PMHG US,Prime Meridian Holding Co,15,12.5,-7.199999809,1.20E+06,,Financial,33.7275,18.4321, 
6/26/14,DSE US,Duff & Phelps Select MLP and Midstream Energy Fund Inc,517,20,0.050000001,2.43E+07,"Wells Fargo, Morgan Stanley",Financial,0,3.37214, 
6/26/14,MIK US,Michaels Cos Inc/The,472.223,17,0.117647059,2.78E+07,"Wells Fargo, Morgan Stanley, BofA Securities, UBS, Deutsche Bank, Barclays, JP Morgan, Goldman Sachs","Consumer, Cyclical",3452.77,, 
6/26/14,XIFR US,XPLR Infrastructure LP,467.188,25,28,1.63E+07,"Morgan Stanley, Goldman Sachs, BofA Securities",Energy,467.19,61.411,New York
6/25/14,TMX US,Terminix Global Holdings Inc,701.845,17,5.588235378,3.59E+07,"UBS, JP Morgan, Goldman Sachs, Morgan Stanley, Natixis, BofA Securities, Jefferies, RBC Capital Markets","Consumer, Non-cyclical",2263.21,18.0378, 
6/25/14,GPRO US,GoPro Inc,491.28,24,30.58333397,1.78E+07,"JP Morgan, Barclays, Citi",Industrial,427.2,43.6233,NASDAQ GS
6/25/14,ADPTQ US,Adeptus Health Inc,123.97,22,17.04545403,4.90E+06,"Goldman Sachs, Deutsche Bank, Evercore, Morgan Stanley","Consumer, Non-cyclical",216.47,0.00481837, 
6/25/14,AMPH US,Amphastar Pharmaceuticals Inc,64.4,7,25,8.00E+06,"Jefferies, BMO Capital Markets, Piper Sandler & Co","Consumer, Non-cyclical",312.24,74.7911,NASDAQ GS
6/25/14,XLIT US,XLI Technologies Inc,0.05,0,,2.50E+07,,Industrial,0,, 
6/25/14,ZHEC US,ZHRH Corp,0.0462,0.03,,,,Financial,0.11,, 
6/25/14,TLCC US,Twinlab Consolidated Holdings Inc,0.04,0,,400000,,"Consumer, Cyclical",0,34.835,OTC US
6/24/14,IMPR US,Imprivata Inc,86.25,15,8.333333015,5.00E+06,"JP Morgan, Piper Sandler & Co",Technology,353.49,, 
6/20/14,MR US,Montage Resources Corp,818.1,27,-4.629629612,3.03E+07,"RBC Capital Markets, KeyBanc Capital Markets, Deutsche Bank, BMO Capital Markets, Barclays, Citi, Morgan Stanley, Goldman Sachs",Energy,4320,, 
6/20/14,KITE US,Kite Pharma Inc,146.625,17,70.58823395,7.50E+06,"UBS, Jefferies, TD Securities","Consumer, Non-cyclical",645.86,, 
6/18/14,9101628D US,Viper Energy Inc,149.5,26,24.42307663,5.00E+06,"Wells Fargo, UBS, Barclays",Energy,2000.7,0.0155848, 
6/18/14,LRMR US,Larimar Therapeutics Inc,110.4,16,23.4375,6.00E+06,"Leerink Partners LLC, TD Securities","Consumer, Non-cyclical",363.31,78.7531,NASDAQ GM
6/18/14,ARDX US,Ardelyx Inc,69.0046,14,0.785714269,4.29E+06,"Citi, Leerink Partners LLC","Consumer, Non-cyclical",259.41,69.9678,NASDAQ GM
6/18/14,DTHR US,Dthera Sciences,0.08,0,,,,Communications,0,, 
6/17/14,FELPQ US,Foresight Energy LP,350,20,-5,1.75E+07,"Deutsche Bank, Goldman Sachs, JP Morgan, Morgan Stanley, Barclays, Citi",Energy,1294.78,0.0149141, 
6/17/14,ZSPH US,ZS Pharma Inc,123.05,18,57.66666794,5.94E+06,"JP Morgan, UBS","Consumer, Non-cyclical",370.96,86.8677, 
6/17/14,CCS US,Century Communities Inc,103.04,23,-7.608695507,4.48E+06,"JP Morgan, B Riley Financial Inc, Deutsche Bank","Consumer, Cyclical",493.41,94.4589,New York
6/17/14,VRDN US,Viridian Therapeutics Inc,8.5,10,-9.100000381,850000,Aegis Capital Corp,"Consumer, Non-cyclical",37.83,119.084,NASDAQ CM
6/12/14,MRD US,Range Resources-Louisiana Inc,935.18,19,16.63157845,4.28E+07,"Wells Fargo, RBC Capital Markets, Raymond James & Associates, Goldman Sachs, BMO Capital Markets, BofA Securities, Barclays, Citi",Energy,3657.5,, 
6/12/14,ASPN US,Aspen Aerogels Inc,82.5,11,-2.272727251,7.50E+06,"Barclays, JP Morgan, Citi",Industrial,253,91.367,New York
6/11/14,9990220D US,Trinseo SA,218.5,19,6.578947544,1.00E+07,"HSBC, Jefferies, BofA Securities, Barclays, Morgan Stanley, Citi, Goldman Sachs, Deutsche Bank",Industrial,926.62,, 
6/11/14,MOBL US,MobileIron Inc,115,9,22.44444466,1.11E+07,"Morgan Stanley, Goldman Sachs, Deutsche Bank, Barclays",Technology,686.84,, 
6/10/14,GJST US,GEO JS Tech Group Corp,5.793,0,,5.79E+07,,Basic Materials,0,,OTC US
6/10/14,GWSN US,Gulf West Security Network Inc,0.25,0,,2.00E+06,,Industrial,0,,OTC US
6/9/14,GVBT US,Green Vision Biotechnology Corp,0.08,0,,4.00E+06,,"Consumer, Non-cyclical",0,, 
6/8/14,0617999D US,BioPharma Manufacturing Solutions Inc,5.76,0.08,,7.20E+07,,"Consumer, Non-cyclical",7.544,, 
6/5/14,NXEOU US,Nexeo Solutions Inc,500.25,10,1.5,4.35E+07,"BofA Securities, Deutsche Bank","Consumer, Cyclical",565.25,8.50919, 
6/5/14,ANET US,Arista Networks Inc,259.612,43,27.9069767,5.25E+06,"RBC Capital Markets, Deutsche Bank, UBS, Barclays, BofA Securities, Citi, Morgan Stanley",Communications,2767.91,73.1312,New York
6/5/14,KMWE US,KM Wedding Events Management Inc,5.3738,0,,1.79E+07,,"Consumer, Non-cyclical",0,, 
6/5/14,SWEE US,SweeGen Inc,0.06,0,,2.00E+07,,"Consumer, Non-cyclical",0,, 
6/5/14,SBES US,South Beach Spirits Inc,0.04,0,,4.00E+06,,Financial,0,,OTC US
6/3/14,MTNB US,Matinas BioPharma Holdings Inc,14.915,0,,1.49E+07,,"Consumer, Non-cyclical",0,10.4615,NYSEAmerican
5/29/14,RESN US,Resonant Inc,18.63,6,51.66666794,2.70E+06,MDB Capital Group LLC,Communications,41.36,, 
5/28/14,2579942D US,iNeedMD Holdings Inc,0.0075,0,,750000,,"Consumer, Non-cyclical",0,, 
5/27/14,CSAXQ US,CSA Holdings Inc,0.06,0,,6.00E+06,,Industrial,0,, 
5/23/14,SDPI US,Superior Drilling Products Inc,31.05,4,12.25,6.75E+06,Roth Capital Partners Inc,Energy,65.12,3.42528, 
5/22/14,PE US,Parsley Energy Inc,1063.75,18.5,20,5.00E+07,"Wells Fargo, JP Morgan, Goldman Sachs, UBS",Energy,1611.86,, 
5/22/14,2011654D US,Globalwafers Singapore Pte Ltd,107.64,13,15.38461494,7.20E+06,"Deutsche Bank, Goldman Sachs, Macquarie, Wells Fargo, Citi",Technology,320.324,0.118786, 
5/22/14,HRTG US,Heritage Insurance Holdings Inc,75.9,11,4.545454502,6.00E+06,Citi,Financial,331.064,66.5085,New York
5/22/14,AGRX US,Agile Therapeutics Inc,55.0002,6,-7.666666508,9.17E+06,"William Blair & Co LLC, RBC Capital Markets","Consumer, Non-cyclical",111.55,6.17211, 
5/20/14,TGEN US,Tecogen Inc,3.0766,4.75,34.10526276,647700,,Industrial,75.06,28.1466,NYSEAmerican
5/16/14,NGHI US,New Green Hemp Inc,0.455,0,,9.10E+06,,Industrial,0,,OTC US
5/15/14,TRUE US,TrueCar Inc,80.4717,9,11.77777767,7.78E+06,"Goldman Sachs, JP Morgan, RBC Capital Markets",Communications,649.84,70.3776, 
5/14/14,ZEN US,Zendesk Inc,115,9,49.22222137,1.11E+07,"Goldman Sachs, Morgan Stanley, UBS",Communications,646.67,, 
5/13/14,SFBS US,ServisFirst Bancshares Inc,56.875,91,-6.593406677,625000,Sandler O'Neill & Partners,Financial,743.91,77.2069,New York
5/13/14,NLBS US,NutraLife Biosciences Inc,3.398,0,,1.70E+06,,"Consumer, Non-cyclical",0,, 
5/13/14,HLOC US,Helo Corp,0.4,0,,4.00E+07,,"Consumer, Cyclical",0,7.08154,OTC US
5/13/14,NDBI US,Nuclear Diamond Batteries Inc,0.08,0,,2.00E+06,,Financial,0,,OTC US
5/13/14,ASNT US,Arias Intel Corp,0.003,0,,300000,,Technology,0,, 
5/12/14,ONFA US,One 4 Art Ltd,0.08,0,,8.00E+06,,Communications,0,, 
5/8/14,PBFX US,PBF Logistics LP,363.688,23,20.347826,1.38E+07,"Barclays, UBS, Citi, Deutsche Bank, Morgan Stanley, Wells Fargo",Energy,412.83,, 
5/8/14,1990344D US,Alcentra Capital Corp,100.001,15,0.333333343,6.67E+06,"Stifel, Robert W Baird & Co, Raymond James & Associates",Financial,191.5,20.9172, 
5/8/14,ALDR US,Alder Biopharmaceuticals Inc,80,10,0.300000012,8.00E+06,"UBS, Leerink Partners LLC","Consumer, Non-cyclical",290.53,, 
5/8/14,PNAT US,Pura Naturals Inc,0.0995,0,,1.99E+06,,Communications,0,, 
5/7/14,2613715D US,K2M Group Holdings Inc,147.375,15,0,8.83E+06,"Piper Sandler & Co, Barclays, Wells Fargo","Consumer, Non-cyclical",556.29,, 
5/7/14,LPG US,Dorian LPG Ltd,139.665,19,-1.894736886,7.11E+06,"UBS, JP Morgan, Clarkson Capital Markets, Wells Fargo",Industrial,1085.44,69.3996,New York
5/2/14,SCYX US,SCYNEXIS Inc,62,10,-10,6.20E+06,"RBC Capital Markets, Canaccord Genuity","Consumer, Non-cyclical",84.53,26.0611,NASDAQ CM
5/2/14,ALDX US,Aldeyra Therapeutics Inc,12,8,-10,1.50E+06,"Aegis Capital Corp, Canaccord Genuity, TD Securities","Consumer, Non-cyclical",43.7616,63.2131,NASDAQ CM
5/1/14,ARES US,Ares Management Corp,220.199,19,-2.105263233,1.14E+07,"Wells Fargo, Morgan Stanley, Goldman Sachs, JP Morgan, BofA Securities",Financial,1532.69,107.255,New York
5/1/14,1917559D US,Papa Murphy's Holdings Inc,63.8,11,0.454545468,5.80E+06,"Jefferies, Robert W Baird & Co, Wells Fargo","Consumer, Cyclical",186.62,9.64189, 
4/25/14,WWIO US,Wowio Inc,7.0872,0,,3.54E+07,,Communications,0,,OTC US
4/25/14,2521604D US,Content Checked Holdings Inc,0.1,0,,1.00E+07,,Technology,0,, 
4/24/14,HWIS US,Home Bancorp Wisconsin Inc,11.638,0,,1.16E+06,Stifel,Diversified,0,, 
4/22/14,BESP US,Franklin BSP Realty Trust Inc,2000,25,-57.59999847,8.00E+07,,Financial,0,, 
4/22/14,PLFX US,Pulse Evolution Corp,0.05,0,,1.67E+06,,Communications,0,,OTC US
4/22/14,DPWW US,Diego Pellicer Worldwide Inc,0.035,0,,700000,,"Consumer, Non-cyclical",0,, 
4/16/14,SABR US,Sabre Corp,721.28,16,3.125,3.92E+07,"Deutsche Bank, BofA Securities, Morgan Stanley, Goldman Sachs","Consumer, Cyclical",4232.88,99.0605,NASDAQ GS
4/16/14,SPWH US,Sportsman's Warehouse Holdings Inc,132.05,9.5,2.631578922,1.25E+07,"UBS, Goldman Sachs","Consumer, Cyclical",395.44,69.3041,NASDAQ GS
4/16/14,IMUX US,Immunic Inc,62.1,12,0,4.50E+06,"BofA Securities, UBS","Consumer, Non-cyclical",261.49,69.4185,NASDAQ CM
4/15/14,MC US,Moelis & Co,186.875,25,4.599999905,6.50E+06,"Moelis & Co, Goldman Sachs, Morgan Stanley, JP Morgan, UBS",Financial,381.592,112.174,New York
4/15/14,OPB US,Opus Bank,163.329,30,-2.233333349,5.13E+06,"JP Morgan, UBS, Sandler O'Neill & Partners, Stifel",Financial,836.15,, 
4/15/14,TRIV US,TriVascular Technologies Inc,89.7,12,14.91666698,6.50E+06,"JP Morgan, UBS","Consumer, Non-cyclical",243.65,, 
4/14/14,PAYC US,Paycom Software Inc,114.626,15,2.333333254,6.65E+06,"Barclays, JP Morgan",Technology,762.16,114.327,New York
4/11/14,ENBL US,Enable Midstream Partners LP,575,20,11,2.50E+07,"Morgan Stanley, Wells Fargo, UBS, JP Morgan, Goldman Sachs, Deutsche Bank, Citi, Barclays",Energy,4157.1,, 
4/11/14,ZOES US,Zoe's Kitchen Inc,100.623,15,64.80000305,5.83E+06,"Piper Sandler & Co, Robert W Baird & Co, Jefferies","Consumer, Cyclical",289.04,, 
4/11/14,VXBT US,Vortex Blockchain Technologies Inc,0.1,0,,2.50E+06,,Technology,0,, 
4/10/14,PAHC US,Phibro Animal Health Corp,219.858,15,13.33333302,1.27E+07,"Morgan Stanley, BofA Securities, Barclays","Consumer, Non-cyclical",246.94,109.642,NASDAQ GM
4/10/14,DARE US,Dare Bioscience Inc,66.9879,7,-2.142857075,8.50E+06,Leerink Partners LLC,"Consumer, Non-cyclical",140.56,15.2098,NASDAQ CM
4/10/14,FPI US,Farmland Partners Inc,53.2,14,-7.285714149,3.80E+06,"Robert W Baird & Co, BMO Capital Markets, Janney Montgomery Scott LLC",Financial,56.2,62.2064,New York
4/10/14,CCAQU US,Committed Capital Acquisition Corp II,40,5,1,7.00E+06,Broadband Capital Management LLC,Diversified,40,, 
4/10/14,MYDX US,MyDx Inc,0.09,0.03,34900,3.00E+06,,Industrial,0.18,, 
4/9/14,LQ US,La Quinta Holdings Inc,747.787,17,0.705882371,3.83E+07,"Wells Fargo, Goldman Sachs, Deutsche Bank, UBS, Citi, BofA Securities, JP Morgan, Morgan Stanley","Consumer, Cyclical",2102.22,, 
4/9/14,ADMS US,Adamas Pharmaceuticals Inc,48,16,-12.4375,3.00E+06,"UBS, Piper Sandler & Co","Consumer, Non-cyclical",262.77,18.3825, 
4/8/14,RIII US,Renavotio Inc,0.1,0,,1.00E+07,,Industrial,0,, 
4/7/14,LEAI US,Legacy Education Alliance Inc,0.2,0.01,8920.700195,2.00E+07,,Financial,0.25,0.0107961,OTC US
4/7/14,SHRK US,SharkReach Inc,0.125,0,,5.00E+06,,Communications,0,, 
4/7/14,PRCX US,Phoenix Rising Cos,0.075,0,,2.50E+06,,Energy,0,,OTC US
4/4/14,IMS US,IMS Health Holdings Inc,1495,20,15,6.50E+07,"Wells Fargo, Deutsche Bank, Barclays, BofA Securities, JP Morgan, Morgan Stanley, Goldman Sachs",Technology,6637.84,0.00467235, 
4/4/14,OPWR US,OPOWER Inc,133.285,19,21.05263138,6.10E+06,"Morgan Stanley, Goldman Sachs",Technology,919.12,, 
4/3/14,9990620D US,Grubhub Inc/old,221.426,26,30.76922989,7.41E+06,"Morgan Stanley, Citi",Communications,2038.03,, 
4/3/14,FIVN US,Five9 Inc,80.5,7,9.142857552,1.00E+07,"JP Morgan, Barclays, BofA Securities",Technology,332.83,112.905,NASDAQ GM
4/3/14,CORI US,Corium International Inc,52,8,0,6.50E+06,"Jefferies, Leerink Partners LLC","Consumer, Non-cyclical",140.94,0.248128, 
4/2/14,PRKI US,Perk International Inc,0.03,0,,3.00E+07,,"Consumer, Non-cyclical",0,, 
4/1/14,MGNI US,Magnite Inc,116.799,15,33.93333435,6.77E+06,"Morgan Stanley, Goldman Sachs, RBC Capital Markets",Communications,536.09,108.85,NASDAQ GS
4/1/14,9991028D US,FG Financial Group Inc/Delawar,17.3648,8,-0.625,1.89E+06,Aegis Capital Corp,Financial,28.39,, 
3/28/14,OUT US,Outfront Media Inc,644,28,5.357142925,2.00E+07,"Wells Fargo, Deutsche Bank, Citi, JP Morgan, BofA Securities, Goldman Sachs, Morgan Stanley",Financial,3444,110.291,New York
3/28/14,TWOUQ US,2U Inc,133.074,13,7.538461685,9.18E+06,"Goldman Sachs, UBS","Consumer, Non-cyclical",522.49,6.22267, 
3/28/14,EVDY US,Everyday Health Inc,100.1,14,-3.571428537,7.15E+06,"JP Morgan, UBS, Citi",Communications,415.49,, 
3/28/14,1918511D US,Aerohive Networks Inc,86.25,10,0,7.50E+06,"Goldman Sachs, BofA Securities",Communications,447.32,, 
3/28/14,BRG US,Bluerock Residential Growth REIT Inc,49.996,14.5,0.344827592,3.45E+06,Wunderlich Securities Inc,Financial,65.18,, 
3/28/14,BIIO US,Bionovate Technologies Corp,0.2054,0,,4.11E+06,,"Consumer, Non-cyclical",0,,OTC US
3/28/14,RASP US,Actavia Life Sciences Inc,0.0722,0,,1.81E+06,,"Consumer, Non-cyclical",0,,OTC US
3/27/14,SQBK US,Square 1 Financial Inc,119.669,18,14.44444466,5.78E+06,"Sandler O'Neill & Partners, Stifel",Financial,498.04,, 
3/27/14,WATT US,Energous Corp,27.6,6,76.33333588,4.00E+06,MDB Capital Group LLC,Industrial,56.53,11.9831,NASDAQ CM
3/27/14,RENO US,Renovare Environmental Inc,0.102,0,,2.04E+06,,Industrial,0,,OTC US
3/26/14,FPL US,First Trust New Opportunities MLP & Energy Fund,440,20,0,,"Ameriprise Financial Inc, Oppenheimer & Co, Morgan Stanley",Financial,0,27.3973, 
3/26/14,TNET US,TriNet Group Inc,276,16,19.375,1.50E+07,"Morgan Stanley, JP Morgan, Deutsche Bank","Consumer, Non-cyclical",1093.2,98.812,New York
3/26/14,JMLP US,Nuveen All Cap Energy MLP Opportunities Fund,255,20,-3.75,1.28E+07,"Nuveen Investments Inc, Wells Fargo, UBS, Citi, RBC Capital Markets",Financial,0,13.6286, 
3/26/14,AGTC US,Applied Genetic Technologies Corp/DE,57.5004,12,23,4.17E+06,"BMO Capital Markets, Wedbush Securities Inc","Consumer, Non-cyclical",168.25,, 
3/26/14,CQCQ US,MakingORG Inc,0.1,0.02,89900,5.00E+06,,"Consumer, Cyclical",0.2,, 
3/21/14,2557527D US,Amber Road Inc,110.504,13,30.76922989,7.39E+06,Stifel,Technology,322.26,, 
3/21/14,BRDR US,Borderfree Inc,92,16,25,5.00E+06,"UBS, RBC Capital Markets","Consumer, Non-cyclical",499.68,, 
3/21/14,PULM US,Pulmatrix Inc,20.3312,7.25,0,2.65E+06,Dawson James Securities,"Consumer, Non-cyclical",34.83,10.6872,NASDAQ CM
3/20/14,ATEN US,A10 Networks Inc,187.5,15,8.066666603,1.25E+07,"Morgan Stanley, BofA Securities, JP Morgan, RBC Capital Markets",Communications,885.44,98.9503,New York
3/20/14,ARAV US,Aravive Inc,144.9,21,49.38095093,6.00E+06,"Citi, Morgan Stanley","Consumer, Non-cyclical",507.44,25.0784, 
3/20/14,TSLX US,Sixth Street Specialty Lending,128.8,16,0,7.00E+06,"BofA Securities, Goldman Sachs, JP Morgan, Barclays, Citi, Wells Fargo",Financial,847,54.1907,New York
3/20/14,QTWO US,Q2 Holdings Inc,116.025,13,16.69230843,7.76E+06,"JP Morgan, Stifel",Communications,430.48,110.313,New York
3/20/14,BGSF US,BGSF Inc,0.0154,0,,1.54E+06,,"Consumer, Non-cyclical",0,31.9603,New York
3/19/14,AKBA US,Akebia Therapeutics Inc,114.937,17,57.02941132,5.88E+06,"UBS, Morgan Stanley","Consumer, Non-cyclical",342.5,46.6506,NASDAQ CM
3/18/14,PCTY US,Paylocity Holding Corp,137.729,17,41.41176605,7.05E+06,"Deutsche Bank, BofA Securities, William Blair & Co LLC","Consumer, Non-cyclical",837.89,85.2243,NASDAQ GS
3/18/14,ORNT US,Ournett Holdings Inc,0.03,0.025,3900,1.20E+06,,Communications,1.0271,, 
3/13/14,CSLT US,Castlight Health Inc,204.24,16,148.75,1.11E+07,"Goldman Sachs, Morgan Stanley",Technology,204.24,18.5035, 
3/12/14,PLXPQ US,PLx Pharma Inc,37.944,12,17,2.75E+06,Oppenheimer & Co,"Consumer, Non-cyclical",102.45,19.0321, 
3/11/14,AKAOQ US,Achaogen Inc,82.8,12,19.16666603,6.00E+06,"UBS, TD Securities","Consumer, Non-cyclical",212.17,0.13559, 
3/7/14,SCTL US,Societal CDMO Inc,34.5,8,3.75,3.75E+06,Aegis Capital Corp,"Consumer, Non-cyclical",61.66,20.4113, 
3/6/14,QUOT US,Quotient Technology Inc,193.2,16,87.5,1.05E+07,"Goldman Sachs, Allen & Co, BofA Securities, RBC Capital Markets",Communications,1187.92,11.9176, 
3/6/14,TPVG US,TriplePoint Venture Growth BDC Corp,143.749,15,4.333333492,8.33E+06,"Wells Fargo, Morgan Stanley, Goldman Sachs, UBS",Financial,147.63,16.6596,New York
3/6/14,NGNE US,Neurogene Inc,53.13,11,8.636363983,4.20E+06,"Jefferies, TD Securities","Consumer, Non-cyclical",117.43,109.178,NASDAQ GM
3/5/14,FXER US,First Xeris Corp,0.039,0,,3.00E+06,,Industrial,0,, 
3/3/14,LGIN US,LionsGate INS,0.095,0,,950000,,Technology,0,,OTC US
3/3/14,RLMD US,Relmada Therapeutics Inc,0.02,0.004,74900,5.00E+06,,"Consumer, Non-cyclical",0.11,50.0802,NASDAQ CM
2/27/14,VRNS US,Varonis Systems Inc,121.44,22,100,4.80E+06,"Morgan Stanley, Barclays, Jefferies, RBC Capital Markets",Technology,535.39,100.941,NASDAQ GS
2/24/14,PRGBQ US,Protea Biosciences Group Inc,8.7556,0,,,,"Consumer, Non-cyclical",0,, 
2/24/14,SKYE US,Skye Bioscience Inc,0.1423,0.05,47100,2.85E+06,,"Consumer, Non-cyclical",0.26,50.6858,NASDAQ GM
2/21/14,MRLB US,Miramar Labs Inc,0.08,0.04,12062.15723,2.00E+06,,"Consumer, Non-cyclical",0.24,, 
2/20/14,SMLR US,Semler Scientific Inc,10.01,7,-0.142857149,1.43E+06,Aegis Capital Corp,"Consumer, Non-cyclical",32.96,74.8076, 
2/19/14,APTY US,APT Systems Inc,0.428,0,,2.14E+06,,Technology,0,0.00314497,OTC US
2/19/14,MICB US,Microlin Bio Inc,0.3,0,,6.00E+06,,"Consumer, Non-cyclical",0,, 
2/14/14,INGN US,Inogen Inc,81.1776,16,-5.3125,4.41E+06,JP Morgan,"Consumer, Non-cyclical",288.78,85.0658,NASDAQ GS
2/13/14,1317066D US,AgroFresh Solutions Inc,221.5,10,0,2.10E+07,Citi,"Consumer, Non-cyclical",221.5,, 
2/13/14,IBP US,Installed Building Products Inc,94.2425,11,16.36363602,7.45E+06,"UBS, Deutsche Bank","Consumer, Cyclical",336.62,111.448,New York
2/13/14,CNCE US,Concert Pharmaceuticals Inc,93.0958,14,1.285714269,6.00E+06,"UBS, Wells Fargo","Consumer, Non-cyclical",250.15,14.688, 
2/13/14,SINT US,SiNtx Technologies Inc,20.125,5.75,-6.260869503,3.50E+06,Citizens Financial Group Inc,Industrial,69.73,18.9902,NASDAQ CM
2/13/14,NUUU US,Rejuvel Bio-Sciences Inc,15.448,0,,1.54E+07,,"Consumer, Non-cyclical",0,0.0272912,OTC US
2/13/14,IMMG US,Immage Biotherapeutics Corp,0.18,0,,4.50E+06,,"Consumer, Non-cyclical",0,,OTC US
2/13/14,TONX US,TON Strategy Co,0.0945,0,,4.73E+06,,Technology,0,27.5057,NASDAQ CM
2/12/14,EGRX US,Eagle Pharmaceuticals Inc/DE,50.25,15,-14.46666622,3.35E+06,"William Blair & Co LLC, Piper Sandler & Co","Consumer, Non-cyclical",208.53,62.4915,OTC US
2/11/14,TLMR US,Talmer Bancorp Inc,232.556,13,6.153846264,1.56E+07,"Stifel, JP Morgan",Financial,909.26,, 
2/11/14,2577980D US,Flexion Therapeutics Inc,74.75,13,13.15384579,5.00E+06,"BMO Capital Markets, Wells Fargo","Consumer, Non-cyclical",201.45,0.0298164, 
2/10/14,NRXGQ US,NephroGenex Inc,37.2,12,-3.833333254,3.10E+06,Aegis Capital Corp,"Consumer, Non-cyclical",106.18,, 
2/7/14,ARGSQ US,Argos Therapeutics Inc,49.8296,8,0,5.63E+06,"Stifel, Piper Sandler & Co, Citizens Financial Group Inc","Consumer, Non-cyclical",157.22,0.000377834, 
2/7/14,EXEO US,Exeo Entertainment Inc,0.0258,0,,515000,,"Consumer, Cyclical",0,,OTC US
2/6/14,CARM US,Carisma Therapeutics Inc,57.5,10,8.5,5.00E+06,"Citi, TD Securities, Leerink Partners LLC","Consumer, Non-cyclical",161.44,7.94427,OTC US
2/5/14,LADR US,Ladder Capital Corp,259.038,17,-0.05882353,1.33E+07,"Citi, Deutsche Bank, Wells Fargo, JP Morgan, BofA Securities",Financial,860.23,66.7593,New York
2/5/14,ICMB US,Investcorp Credit Management BDC Inc,115.005,15,5.400000095,6.67E+06,"Raymond James & Associates, Stifel, Oppenheimer & Co",Financial,204.99,49.7669,NASDAQ GS
2/5/14,RVNC US,Revance Therapeutics Inc,110.4,16,67.8125,6.00E+06,"TD Securities, Piper Sandler & Co","Consumer, Non-cyclical",284.48,16.9427, 
2/5/14,ASPX US,Auspex Pharmaceuticals Inc,96.6,12,30.5,7.00E+06,"BMO Capital Markets, Stifel","Consumer, Non-cyclical",282.92,, 
2/5/14,GNCAQ US,Genocea Biosciences Inc,66,12,-8.333333015,5.50E+06,"Citi, TD Securities","Consumer, Non-cyclical",206.61,0.000510347,OTC US
2/5/14,EGLTQ US,Zyla Life Sciences,57.96,12,0,4.20E+06,"Stifel, Citizens Financial Group Inc","Consumer, Non-cyclical",183.45,53.9164, 
2/4/14,CBPX US,Continental Building Products Inc,189.417,14,8.5,1.18E+07,"UBS, Citi, Barclays, Deutsche Bank, RBC Capital Markets",Industrial,616.97,, 
2/4/14,BIOCQ US,Biocept Inc,19,10,-6,1.90E+06,"Feltl & Co, Aegis Capital Corp","Consumer, Non-cyclical",43.52,5.15206,OTC US
2/3/14,4589 JP,Acucela Inc,181.242,1800,25.27777863,9.20E+06,Morgan Stanley,"Consumer, Non-cyclical",658.31,4.11165, 
1/31/14,NWHM US,New Home Co Inc/The,98.8284,11,10.909091,7.81E+06,"Citi, JP Morgan, UBS","Consumer, Cyclical",193.83,, 
1/31/14,TVRD US,Tvardi Therapeutics Inc,63.25,11,17.36363602,5.00E+06,"Piper Sandler & Co, Stifel","Consumer, Non-cyclical",248.52,33.0627,NASDAQ CM
1/31/14,LOLI US,Lollipop Corp,0.1,0,,400000,,"Consumer, Cyclical",0,, 
1/30/14,1824551D US,Alterra Mountain Co,215.626,12,-0.833333314,1.56E+07,"Goldman Sachs, UBS, Deutsche Bank, BofA Securities","Consumer, Cyclical",540.08,0.0355024, 
1/30/14,RARE US,Ultragenyx Pharmaceutical Inc,139.115,21,101.1904755,5.76E+06,"JP Morgan, Morgan Stanley","Consumer, Non-cyclical",628.44,98.3972,NASDAQ GS
1/30/14,DRNA US,Dicerna Pharmaceuticals Inc,103.5,15,206.6666718,6.00E+06,"Leerink Partners LLC, Jefferies, Stifel","Consumer, Non-cyclical",262.91,, 
1/30/14,MBUU US,Malibu Boats Inc,100,14,26.7857151,7.14E+06,"Raymond James & Associates, Wells Fargo","Consumer, Cyclical",142.18,120.155,NASDAQ GM
1/30/14,TRVN US,Trevena Inc,66.6428,7,-7.142857075,9.25E+06,"Barclays, Jefferies","Consumer, Non-cyclical",182.03,0.100952,OTC US
1/29/14,EIGRQ US,Eiger BioPharmaceuticals Inc,50.6,8,2.25,5.50E+06,Barclays,"Consumer, Non-cyclical",148,17.6107, 
1/29/14,CHGT US,Changing Technologies Inc,0.03,0,,3.00E+06,,Technology,0,0.00165001, 
1/24/14,MDNL US,Maiden Lane Jewelry Ltd,0.7078,0,,353875,,"Consumer, Cyclical",0,, 
1/23/14,1850242D US,EQT RE Merger Sub Inc,1050,21,4.285714149,4.40E+07,"RBC Capital Markets, BMO Capital Markets, Wells Fargo, Goldman Sachs, Citi, Barclays",Energy,2804,, 
1/23/14,CRCM US,Care.com Inc,104.592,17,42.94117737,5.35E+06,"Morgan Stanley, BofA Securities, JP Morgan","Consumer, Non-cyclical",505.69,, 
1/22/14,SC US,Santander Consumer USA Holdings Inc,2045.81,24,5,7.50E+07,"JP Morgan, Citi, Wells Fargo, UBS, BMO Capital Markets, RBC Capital Markets, Morgan Stanley, Goldman Sachs, Barclays, Banco Santander, BofA Securities, Deutsche Bank",Financial,8337.14,99.9314, 
1/16/14,EPEGQ US,EP Energy Corp,704,20,-9.600000381,3.52E+07,"JP Morgan, UBS, Citi, Goldman Sachs, Morgan Stanley, Deutsche Bank, Wells Fargo, RBC Capital Markets, BMO Capital Markets",Energy,4877.5,0.423093, 
1/16/14,RSPP US,RSP Permian Inc,448.5,19.5,3.333333254,2.00E+07,"UBS, RBC Capital Markets, Raymond James & Associates, Tudor Pickering Holt & Co LLC, JP Morgan, Barclays",Energy,1413.75,, 
1/16/14,HELIQ US,CHC Group Ltd,356.5,10,-2,3.10E+07,"UBS, JP Morgan, Barclays",Industrial,805.81,0.0914392, 
1/16/14,1291067D US,Blue Bird Corp,115,10,0.200000003,1.00E+07,Deutsche Bank,"Consumer, Cyclical",115,, 
1/16/14,CBAY US,Cymabay Therapeutics Inc,0,0,,1.15E+07,,"Consumer, Non-cyclical",0,21.1578, 
1/15/14,ACSF US,American Capital Senior Floating Ltd,150,15,-10.80000019,1.00E+07,"Stifel, UBS, Deutsche Bank, Citi, Morgan Stanley",Financial,150,, 
1/15/14,VRVR US,Virtual Interactive Technologies Corp,0.0143,0,,1.90E+06,,Technology,0,,OTC US
1/14/14,CELPQ US,Cypress Environmental Partners,86.25,20,6.5,3.75E+06,"Raymond James & Associates, Robert W Baird & Co, Stifel, BMO Capital Markets",Industrial,118.26,56.2843, 
1/14/14,BIVI US,BioVie Inc,0.5,0,,5.00E+06,,"Consumer, Non-cyclical",0,16.2526,NASDAQ CM
1/14/14,CLCS US,Cell Source Inc,0.02,0,,2.00E+06,,"Consumer, Non-cyclical",0,,OTC US
1/9/14,CBIO US,Crescent Biopharma Inc,64.4,8,12.625,7.00E+06,"Barclays, Jefferies","Consumer, Non-cyclical",148.84,100.201,NASDAQ CM
1/2/14,BLGI US,BLGI Inc,0.0375,0,,3.00E+06,,Technology,0,, 
12/31/13,SIGL US,Signal Advance Inc,8.8552,0,,4.43E+06,,Industrial,0,,OTC US
12/27/13,RTON US,Right On Brands inc,0.108,0,,1.08E+06,,Communications,0,5.71464,OTC US
12/27/13,VIBI US,Vilacto Bio Inc,0.05,0,,1.00E+06,,"Consumer, Non-cyclical",0,13.7126, 
12/26/13,GTIC US,GreenTech Innovations Inc,0.05,0.02,2400,2.50E+06,,Technology,0,0.19968,OTC US
12/20/13,ITCI US,Intra-Cellular Therapies Inc,139.521,0,,2.20E+07,,"Consumer, Non-cyclical",0,7.27339, 
12/18/13,BLCK US,Blackcraft Cult Inc,0.06,0,,600000,,Communications,0,, 
12/17/13,AMC US,AMC Entertainment Holdings Inc,378.949,18,5,1.84E+07,"UBS, Barclays, Citi, BofA Securities","Consumer, Cyclical",387.96,49.9368,New York
12/17/13,CAMBU US,Cambridge Capital Acquisition Corp,70,10,0.5,7.00E+06,EarlyBirdCapital.com,Diversified,0,, 
12/17/13,GRLB US,GL Brands Inc,0.1375,0,,549900,,"Consumer, Non-cyclical",0,, 
12/13/13,ENUMQ US,Enumeral Biomedical Holdings Inc,0.1,0,,5.00E+06,,"Consumer, Non-cyclical",0,, 
12/12/13,CQH US,Cheniere Energy Partners LP Holdings LLC,720,20,-3.900000095,3.60E+07,"RBC Capital Markets, UBS, Goldman Sachs, Morgan Stanley",Energy,4634,, 
12/12/13,2594161D US,Nimble Storage Inc,193.2,21,61.57143021,8.00E+06,"Morgan Stanley, Goldman Sachs",Technology,1501.09,0.00735909, 
12/12/13,2463165D US,Fidelity & Guaranty Life,165.75,17,10.94117641,9.75E+06,"UBS, Jefferies, JP Morgan, Macquarie, RBC Capital Markets",Financial,964.75,0.000783064, 
12/12/13,TLOG US,TetraLogic Pharmaceuticals Corp,57.5575,7,0,7.15E+06,"Oppenheimer & Co, Guggenheim Capital, Needham Group Inc/The","Consumer, Non-cyclical",155.68,0.0157979,OTC US
12/12/13,EVMT CN,Evome Medical Technologies Inc,0.5775,0.1,19.99999809,6.14E+06,PI Financial Corp,"Consumer, Non-cyclical",1.01563,19.7598,Venture
12/11/13,HLT US,Hilton Worldwide Holdings Inc,2705.74,20,7.5,1.18E+08,"Wells Fargo, JP Morgan, Morgan Stanley, BofA Securities, Deutsche Bank, Goldman Sachs","Consumer, Cyclical",19692.3,103.919,New York
12/11/13,ARMK US,Aramark,833.75,20,13.5,3.63E+07,"JP Morgan, Goldman Sachs, Wells Fargo, RBC Capital Markets, Barclays, BofA Securities, Morgan Stanley, UBS","Consumer, Cyclical",4596.74,107.836,New York
12/11/13,NETI US,Eneti Inc,350.951,9.75,-2.56410265,3.13E+07,"Deutsche Bank, UBS, Clarksons",Energy,1339.55,, 
12/11/13,CTT US,CatchMark Timber Trust Inc,163.42,13.5,0,1.05E+07,"Raymond James & Associates, Robert W Baird & Co, Stifel",Financial,209.58,27.9861, 
12/11/13,KIN US,Kindred Biosciences Inc,60.375,7,70.7142868,7.50E+06,"Guggenheim Capital, BMO Capital Markets","Consumer, Non-cyclical",113.21,, 
12/10/13,VLP US,Valero Energy Partners LP,396.75,23,21.73913002,1.50E+07,"Wells Fargo, RBC Capital Markets, Citi, JP Morgan, Barclays",Energy,662.17,, 
12/9/13,NWMH US,National Waste Management Holdings Inc,0.0026,0,,25500,,Industrial,0,,OTC US
12/2/13,XNCR US,Xencor Inc,80.5173,5.5,51.63636398,1.27E+07,"UBS, Leerink Partners LLC","Consumer, Non-cyclical",172.33,118.284,NASDAQ GM
11/26/13,CRYM US,Cryomass Technologies Inc,0.29943,0,,1.50E+07,,Industrial,0,9.48727,OTC US
11/25/13,GMZ US,Goldman Sachs MLP Income Opportunities Fund,826.3,20,0,4.13E+07,"Goldman Sachs, Morgan Stanley, BofA Securities, Citi",Financial,0,7.05596, 
11/22/13,VNCE US,Vince Holding Corp,230,20,43.29999924,1.00E+07,"Goldman Sachs, Robert W Baird & Co, JP Morgan, BofA Securities, Barclays, Wells Fargo","Consumer, Cyclical",725.27,69.7373,NASDAQ CM
11/21/13,IPWR US,Ideal Power Inc,17.25,5,7,3.00E+06,"MDB Capital Group LLC, Northland Securities Group LLC",Industrial,33.25,18.742,NASDAQ CM
11/14/13,ZU US,zulily Inc,290.95,22,71.36363983,1.15E+07,"Goldman Sachs, BofA Securities, Citi, RBC Capital Markets",Communications,274.05,0.00578541, 
11/14/13,RLYP US,Relypsa Inc,86.6525,11,9.727272987,6.85E+06,"Morgan Stanley, BofA Securities, TD Securities","Consumer, Non-cyclical",326.73,, 
11/14/13,CTBO US,Cantabio Pharmaceuticals Inc,0.1,0,,5.00E+06,,"Consumer, Non-cyclical",0,,OTC US
11/13/13,HMHC US,Houghton Mifflin Harcourt Co,251.85,12,32.16666794,1.83E+07,"Wells Fargo, UBS, Citi, Goldman Sachs, Morgan Stanley",Communications,1679.47,16.6432, 
11/13/13,2560767D US,Del Taco Restaurants Inc,150,10,0.200000003,1.50E+07,Citi,"Consumer, Cyclical",150,, 
11/13/13,TNDM US,Tandem Diabetes Care Inc,138,15,28.39999962,8.00E+06,"BofA Securities, Piper Sandler & Co","Consumer, Non-cyclical",338.67,116.447,NASDAQ GM
11/13/13,STOY US,Spiral Toys Inc,0.2876,0,,2.88E+06,,"Consumer, Cyclical",0,, 
11/12/13,STAY US,Extended Stay America Inc,649.75,20,19.35000038,2.83E+07,"Macquarie, Morgan Stanley, Barclays, BofA Securities, Citi, Deutsche Bank, JP Morgan, Goldman Sachs","Consumer, Cyclical",4093.76,, 
11/12/13,CHGG US,Chegg Inc,187.5,12.5,-22.55999947,1.50E+07,"JP Morgan, BofA Securities, Jefferies","Consumer, Non-cyclical",1021.6,44.9444,New York
11/12/13,CWAY US,Coastway Bancorp Inc,41.975,10,9.199999809,4.20E+06,Sandler O'Neill & Partners,Financial,0,, 
11/8/13,JGWEQ US,JG Wentworth Co/The,156.975,14,-8.428571701,9.75E+06,"UBS, Barclays, Deutsche Bank, Jefferies, Stifel",Financial,157.09,, 
11/8/13,0895430D US,Three Forks Inc,5.4555,1.5,,,,Energy,0,, 
11/8/13,ZEOX US,Zeo ScientifiX Inc,0.2,0,,4.00E+06,,"Consumer, Non-cyclical",0,14.9828,OTC US
11/8/13,SNYR US,Synergy CHC Corp,0.04,0,,1.00E+06,,"Consumer, Non-cyclical",0,47.0041,NASDAQ CM
11/7/13,BANX US,ArrowMark Financial Corp,113.125,25,0,4.40E+06,"Stifel, Robert W Baird & Co, Oppenheimer & Co",Financial,0,16.3155,NASDAQ GS
11/6/13,TWTR US,Twitter Inc,2093,26,72.69230652,7.00E+07,"Goldman Sachs, Morgan Stanley, JP Morgan, BofA Securities, Deutsche Bank",Communications,14435.1,13.126, 
11/6/13,MEP US,Midcoast Energy Partners LP,382.95,18,-3.277777672,1.85E+07,"Wells Fargo, UBS, Morgan Stanley, JP Morgan, Goldman Sachs, Deutsche Bank, Citi, Barclays, BofA Securities",Energy,456.93,, 
11/6/13,NCFT US,Norcraft Cos Inc,117.707,16,-3.125,6.40E+06,"UBS, Citi, Deutsche Bank, RBC Capital Markets","Consumer, Cyclical",276.99,, 
11/6/13,LGIH US,LGI Homes Inc,99,11,17.27272797,9.00E+06,"Deutsche Bank, Citizens Financial Group Inc, JP Morgan","Consumer, Cyclical",213.55,91.0414,NASDAQ GS
11/6/13,1837321D US,Mavenir Systems Inc,55.953,10,-4.5,5.45E+06,"Morgan Stanley, BofA Securities, Deutsche Bank",Technology,232.6,, 
11/6/13,ITUP US,Interups Inc,0.1,0,,1.00E+07,,Communications,0,,OTC US
11/6/13,RMRI US,Rocky Mountain Industrials Inc,0.05,0,,2.50E+06,,Financial,0,, 
11/5/13,2573521D US,Arc Logistics Partners LP,128.951,19,0,6.00E+06,"Barclays, Citi, Truist Securities Inc, Wells Fargo",Energy,128.95,, 
11/5/13,KPTI US,Karyopharm Therapeutics Inc,125.12,16,0.3125,6.80E+06,"BofA Securities, Leerink Partners LLC","Consumer, Non-cyclical",395.99,72.7954,NASDAQ GS
11/5/13,CUDA US,Barracuda Networks Inc,85.698,18,19.72222137,4.14E+06,"Morgan Stanley, BofA Securities, JP Morgan",Communications,911.58,, 
10/31/13,TCSGQ US,Container Store Group Inc/The,258.75,18,101.1111145,1.25E+07,"Barclays, UBS, JP Morgan, Morgan Stanley, BofA Securities, Wells Fargo, Jefferies","Consumer, Cyclical",862.61,30.6882, 
10/31/13,MNIZ US,Gen 2 Technologies Inc,0.3125,0,,2.50E+06,,Communications,0,,OTC US
10/31/13,RTSL US,Rapid Therapeutic Science Labo,0.0204,0,,204000,,"Consumer, Non-cyclical",0,16.8813,OTC US
10/30/13,ESNT US,Essent Group Ltd,385.332,17,23.52941132,1.97E+07,"JP Morgan, Goldman Sachs, Barclays, UBS",Financial,1470.41,106.124,New York
10/30/13,MMI US,Marcus & Millichap Inc,82.8,12,11.83333302,6.00E+06,"Citi, Goldman Sachs",Financial,439.21,105.212,New York
10/30/13,VBVT US,Viabuilt Ventures Inc,0.185,0,,1.85E+06,,Basic Materials,0,,OTC US
10/30/13,IBXM US,IBEX Advanced Mortgage Technology Inc,0.14,0,,1.40E+06,,"Consumer, Non-cyclical",0,, 
10/29/13,BRX US,Brixmor Property Group Inc,948.75,20,2,4.13E+07,"UBS, RBC Capital Markets, Deutsche Bank, Barclays, BofA Securities, Wells Fargo, JP Morgan, Citi",Financial,4593.6,105.364,New York
10/29/13,SCAI US,Surgical Care Affiliates Inc,269.868,24,12.91666698,9.78E+06,"JP Morgan, Citi, BofA Securities, Barclays, Goldman Sachs, Morgan Stanley","Consumer, Non-cyclical",915.43,, 
10/29/13,QTETU US,Pangaea Logistics Solutions Ltd,96.6,10,0.5,8.40E+06,,Industrial,113.03,, 
10/29/13,VCYT US,Veracyte Inc,65,13,1.923076868,5.00E+06,"Morgan Stanley, Leerink Partners LLC","Consumer, Non-cyclical",272.87,114.167,NASDAQ GM
10/28/13,ARMF US,Ares Multi-Strategy Credit Fund Inc,130,25,-2,5.20E+06,BofA Securities,Financial,0,16.1177, 
10/28/13,SPGX US,Sustainable Projects Group Inc,0.3,0,,3.00E+06,,Financial,0,63.3156,OTC US
10/24/13,VISN US,Vistance Networks Inc,625.248,15,-0.06666667,3.85E+07,"Wells Fargo, RBC Capital Markets, Morgan Stanley, Jefferies, Goldman Sachs, UBS, Barclays, BofA Securities, JP Morgan, Deutsche Bank",Communications,2784.81,110.532,NASDAQ GS
10/24/13,EIGI US,Endurance International Group Holdings Inc,252.612,12,-6.25,2.11E+07,"Goldman Sachs, UBS, Morgan Stanley",Communications,1514.86,, 
10/24/13,SRLP US,Sprague Resources LP,153,18,-1.388888836,8.50E+06,"JP Morgan, Barclays, BofA Securities",Energy,181.29,74.5052, 
10/24/13,AERI US,Aerie Pharmaceuticals Inc,77.28,10,6.099999905,6.72E+06,"Stifel, RBC Capital Markets","Consumer, Non-cyclical",232.14,6.85187, 
10/23/13,STGGQ US,STG Group Inc,69,10,0.100000002,6.00E+06,,Technology,92.869,, 
10/23/13,WNHK US,Winning Catering Group Inc,2.5,0,,5.00E+06,,Financial,0,,OTC US
10/22/13,ANFRL US,Fantex Inc,5.237,0,,523700,"Fantex Brokerage Services LLC, Stifel",Financial,0,, 
10/22/13,HUTN US,HUTN Inc,0.0285,0,,1.90E+06,,Financial,0,, 
10/21/13,PBYA US,Probility Media Corp,0.0808,0,,4.04E+06,,"Consumer, Non-cyclical",0,,OTC US
10/17/13,APPG US,Apptigo International Inc,0.1,0,,1.00E+07,,Technology,0,0.0764338, 
10/17/13,CPS US,Cooper-Standard Holdings Inc,0,0,,,,"Consumer, Cyclical",0,69.5233,New York
10/16/13,ADMA US,ADMA Biologics Inc,28.4996,8.5,0.588235319,3.35E+06,Oppenheimer & Co,"Consumer, Non-cyclical",78.4,97.2875,NASDAQ GM
10/15/13,PAGP US,Plains GP Holdings LP,2912.41,22,0,1.28E+08,"Barclays, Goldman Sachs, JP Morgan, Citi, BofA Securities, UBS, Wells Fargo",Energy,2912.4,81.5342,NASDAQ GS
10/15/13,OMF US,OneMain Holdings Inc,411.432,17,13.29411793,2.10E+07,"Allen & Co, Barclays, Citi, UBS, BofA Securities",Financial,1951.4,99.3427,New York
10/15/13,VEEV US,Veeva Systems Inc,300.034,20,85.80000305,1.30E+07,"Morgan Stanley, Deutsche Bank",Technology,2445.04,91.9081,New York
10/10/13,BENH US,Bio-En Holdings Corp,0.08,0,,500000,,Communications,0,,OTC US
10/9/13,AR US,Antero Resources Corp,1802.41,44,18.20454597,3.57E+07,"Wells Fargo, Jefferies, UBS, JP Morgan, Citi, Barclays",Energy,11687.5,89.9792,New York
10/9/13,WNRL US,Western Refining Logistics LP,347.875,22,9.545454979,1.38E+07,"BofA Securities, Barclays, Goldman Sachs, Wells Fargo",Energy,547.22,0.00337412, 
10/9/13,MGNX US,MacroGenics Inc,92,16,56.1875,5.00E+06,"BofA Securities, Leerink Partners LLC","Consumer, Non-cyclical",396.35,65.2095,NASDAQ GS
10/9/13,EGSE US,Evergreen Sustainable Enterpri,0.4026,0,,4.03E+06,,Energy,0,23.1896,OTC US
10/9/13,ARAT US,Arax Holdings Corp,0.1,0,,1.00E+07,,Financial,0,,OTC US
10/8/13,QTS US,QTS Realty Trust Inc,295.837,21,0,1.23E+07,"Jefferies, Goldman Sachs, Deutsche Bank, BofA Securities, Morgan Stanley, KeyBanc Capital Markets",Financial,605.04,, 
10/8/13,SFXEQ US,LiveStyle Inc,260,13,-8.538461685,2.00E+07,"UBS, Jefferies, Deutsche Bank","Consumer, Non-cyclical",1046.68,0.17389, 
10/8/13,2511125D US,LDR Holding Corp,86.25,15,29,5.00E+06,"Piper Sandler & Co, William Blair & Co LLC, Bryan Garnier & Company Ltd","Consumer, Non-cyclical",351.11,, 
10/8/13,EPSC US,Epic Stores Corp,0.069,0,,2.76E+06,,"Consumer, Cyclical",0,, 
10/4/13,PUBC US,PureBase Corp,0.064,0,,1.60E+06,,Basic Materials,0,,OTC US
10/3/13,OCIP US,OCI Partners LP,315,18,4.444444656,1.75E+07,"Barclays, Citi, BofA Securities",Basic Materials,1449,0.126697, 
10/3/13,CHMI US,Cherry Hill Mortgage Investment Corp,130,20,-7.5,6.50E+06,"Morgan Stanley, Barclays, Citi, UBS",Financial,150,17.3751,New York
10/3/13,PBPB US,Potbelly Corp,120.75,14,119.7857132,7.50E+06,"Goldman Sachs, BofA Securities","Consumer, Cyclical",407.84,10.5367, 
10/1/13,ESRT US,Empire State Realty Trust Inc,1068.93,13,0.769230783,7.15E+07,"Goldman Sachs, BofA Securities",Financial,1301.53,111.571,New York
10/1/13,BURL US,Burlington Stores Inc,260.666,17,47.11764526,1.33E+07,"Morgan Stanley, JP Morgan, BofA Securities, Goldman Sachs, Wells Fargo","Consumer, Cyclical",1251.75,130.173,New York
10/1/13,RMAX US,RE/MAX Holdings Inc,253,22,22.72727203,1.00E+07,"BofA Securities, Morgan Stanley, JP Morgan",Financial,255.61,88.7094,New York
10/1/13,FATE US,Fate Therapeutics Inc,46.0002,6,10.33333302,6.67E+06,"TD Securities, BMO Capital Markets","Consumer, Non-cyclical",114.94,76.4286,NASDAQ GM
9/30/13,TSTS US,That Marketing Solution Inc,0.05,0.02,4950,2.50E+06,,Communications,0.11,,OTC US
9/27/13,1316 HK,Nexteer Automotive Group Ltd,295.322,2.8,-8.214283943,7.20E+08,"Bank of China, JP Morgan","Consumer, Cyclical",901.926,24.8221,Hong Kong
9/26/13,PEGI US,Pattern Energy Group Inc,404.8,22,5.772727489,1.60E+07,"RBC Capital Markets, BMO Capital Markets, Morgan Stanley, BofA Securities",Energy,781.62,, 
9/26/13,VMEMQ US,Violin Memory Federal Systems Inc,162,9,-22,1.80E+07,"JP Morgan, Deutsche Bank, BofA Securities, Barclays",Technology,736.42,, 
9/26/13,RNG US,RingCentral Inc,112.125,13,40,7.50E+06,"Goldman Sachs, JP Morgan, BofA Securities",Technology,112.12,109.836,New York
9/26/13,BQST US,BioQuest Corp,0.0565,0.04,6150,1.41E+06,,"Consumer, Non-cyclical",0.22,,OTC US
9/25/13,PINC US,Premier Inc,874.12,27,13.51851845,2.82E+07,"JP Morgan, BofA Securities, Wells Fargo","Consumer, Non-cyclical",874.12,7.93701, 
9/25/13,CEN US,Center Coast Brookfield MLP & Energy Infrastructure Fund,334,20,0,1.45E+07,"Wells Fargo, Morgan Stanley, UBS, Citi, RBC Capital Markets",Financial,0,25.7168, 
9/25/13,LRFC US,Logan Ridge Finance Corp,80,20,-6,4.00E+06,"UBS, Deutsche Bank, Barclays",Financial,243.95,0.748427, 
9/25/13,COVS US,Covisint Corp,73.6,10,23.10000038,6.40E+06,"UBS, KeyBanc Capital Markets",Technology,373.63,, 
9/25/13,AAOI US,Applied Optoelectronics Inc,41.4,10,-0.400000006,3.60E+06,"Raymond James & Associates, Piper Sandler & Co",Industrial,131.5,74.4787,NASDAQ GM
9/25/13,GPF US,Cohen & Steers Global Ltd Duration Preferred and Income Fund Inc,1,0,,40000,,Financial,0,, 
9/24/13,ISEE US,IVERIC bio Inc,192.28,22,19.54545403,7.60E+06,"JP Morgan, Morgan Stanley","Consumer, Non-cyclical",687.52,, 
9/24/13,FMI US,Foundation Medicine Inc,121.9,18,96.3888855,5.89E+06,"JP Morgan, Goldman Sachs","Consumer, Non-cyclical",505,, 
9/24/13,EVOK US,Evoke Pharma Inc,28.98,12,-2.166666746,2.10E+06,Aegis Capital Corp,"Consumer, Non-cyclical",73.16,0.00179981, 
9/20/13,FSLF US,First Eagle Senior Loan Fund,132,20,0,6.60E+06,"RBC Capital Markets, Oppenheimer & Co, Stifel, Raymond James & Associates",Financial,132,43.2138, 
9/19/13,MNDT US,Mandiant Inc,349,20,80,1.52E+07,"Morgan Stanley, Goldman Sachs, JP Morgan, Barclays, BofA Securities, UBS",Communications,2394.92,5.97917, 
9/19/13,MYCC US,ClubCorp Holdings Inc,289.797,14,3.571428537,1.80E+07,"Jefferies, Goldman Sachs, Citi, BofA Securities, Deutsche Bank","Consumer, Cyclical",930.57,, 
9/19/13,FUEL US,Rocket Fuel Inc,133.4,29,93.44827271,4.00E+06,"Citi, UBS",Communications,942.32,, 
9/19/13,BINDQ US,DNIB Unwind Inc,76.0575,15,-6.066666603,4.70E+06,"UBS, TD Securities","Consumer, Non-cyclical",242.21,3.42321, 
9/18/13,BNFT US,Benefitfocus Inc,150.395,26.5,102.07547,4.94E+06,"Goldman Sachs, Deutsche Bank, Jefferies, Canaccord Genuity, Piper Sandler & Co, Raymond James & Associates",Technology,644.268,, 
9/18/13,XLRN US,Acceleron Pharma Inc,96.255,15,33.26666641,5.58E+06,"Citi, Leerink Partners LLC","Consumer, Non-cyclical",398.16,, 
9/17/13,ROIQU US,ROI Acquisition Corp II,125,10,0,1.25E+07,Deutsche Bank,Diversified,125,, 
9/17/13,FPRX US,Five Prime Therapeutics Inc,71.76,13,0.615384638,4.80E+06,"Jefferies, BMO Capital Markets, Wells Fargo","Consumer, Non-cyclical",217.58,5.24729, 
9/13/13,SIRE US,Sisecam Resources LP,95,19,-5.263157845,5.00E+06,"Goldman Sachs, Citi",Basic Materials,185.73,, 
8/28/13,GLBFX US,GL Beyond Income Fund,100,0,,,Northern Lights Distributors LLC,Funds,0,, 
8/28/13,,Not found in calcrt,0.4,0,,,,,0,,
8/21/13,TBRA US,Tobira Therapeutics Inc,46.686,4,17.5,1.08E+07,"BMO Capital Markets, TD Securities","Consumer, Non-cyclical",85.21,0.136787, 
8/20/13,OPVS US,NanoFlex Power Corp,0.033,0,,3.00E+06,,Energy,0,0.00665973,OTC US
8/13/13,1469138D US,Envision Healthcare Holdings Inc,1110.9,23,9.347826004,4.20E+07,"UBS, RBC Capital Markets, Morgan Stanley, Deutsche Bank, Citi, Goldman Sachs, Barclays, BofA Securities","Consumer, Non-cyclical",4003.91,, 
8/13/13,IRT US,Independence Realty Trust Inc,34,8.5,-0.588235319,4.00E+06,"Ladenburg Thalmann & Co, Compass Point Research & Trading LLC, William Blair & Co LLC, Citizens Financial Group Inc",Financial,81.97,109.409,New York
8/9/13,1229348D US,Jason Industries Inc,172.5,10,0.398750007,1.50E+07,Cohen & Co,Industrial,184,, 
8/8/13,XPRO US,Expro Group Holdings NV,759,22,19.81818199,3.00E+07,"UBS, Goldman Sachs, Morgan Stanley, Citi, Piper Sandler & Co, Barclays",Energy,3377.53,106.251,New York
8/8/13,QEPM US,Andeavor Midstream Partners LP,483,21,5.952381134,2.00E+07,"JP Morgan, Deutsche Bank, Citi, Wells Fargo, Morgan Stanley",Energy,623.8,, 
8/8/13,WPT US,World Point Terminals LLC,201.25,20,-1.5,8.75E+06,"BofA Securities, UBS, Citi, Stifel",Energy,355.96,, 
8/8/13,1948655D US,Cvent Inc,135.24,21,56.76190567,5.60E+06,"Morgan Stanley, Goldman Sachs",Technology,829.651,, 
8/8/13,BMCH US,BMC Stock Holdings Inc,112.7,14,3.071428537,7.00E+06,"Goldman Sachs, Barclays, Citi","Consumer, Cyclical",364.9,, 
8/7/13,PGEN US,Precigen Inc,183.998,16,54.5625,1.00E+07,"JP Morgan, Barclays","Consumer, Non-cyclical",1547.36,88.5331,NASDAQ GS
8/7/13,FOXF US,Fox Factory Holding Corp,147.857,15,24.06666756,8.57E+06,"Robert W Baird & Co, William Blair & Co LLC, Piper Sandler & Co","Consumer, Cyclical",544.76,104.03,NASDAQ GS
8/7/13,YUME US,YuMe Inc,46.125,9,0,5.13E+06,"Deutsche Bank, Citi, Barclays",Communications,286.22,, 
8/2/13,LGMK US,LogicMark Inc,1,0,,1.00E+06,,"Consumer, Non-cyclical",0,0.144584,OTC US
8/1/13,ATHL US,Athlon Energy Inc,362.756,20,37.79999924,1.58E+07,"Wells Fargo, UBS, BofA Securities, Goldman Sachs, Citi",Energy,1642.58,, 
8/1/13,CTRL US,Control4 Corp,73.6,16,25.3125,4.00E+06,"BofA Securities, Raymond James & Associates",Industrial,363.11,, 
8/1/13,MBII US,Pro Farm Group Inc,65.55,12,14.58333302,4.75E+06,"Jefferies, Piper Sandler & Co",Basic Materials,211.57,14.7515, 
7/31/13,AMH US,American Homes 4 Rent,811.763,16,-2.5,4.41E+07,"Goldman Sachs, Wells Fargo, BofA Securities, JP Morgan, B Riley Financial Inc, Citi, UBS, Jefferies, Morgan Stanley, Raymond James & Associates",Financial,2957.71,97.0787,New York
7/31/13,SFM US,Sprouts Farmers Market Inc,382.95,18,122.8333359,1.85E+07,"Goldman Sachs, UBS, BofA Securities","Consumer, Non-cyclical",2635.81,107.135,NASDAQ GS
7/26/13,KIO US,KKR Income Opportunities Fund,305,20,-0.5,1.53E+07,"Morgan Stanley, UBS, Citi, Barclays",Financial,0,33.1036,New York
7/26/13,AZURQ US,Azure Midstream Partners LP,137.5,20,-2.5,6.88E+06,"Robert W Baird & Co, Stifel, Oppenheimer & Co",Energy,174.49,, 
7/26/13,LIQDQ US,Liquid Holdings Group Inc,28.575,9,-15.11111069,3.18E+06,Sandler O'Neill & Partners,Technology,220.12,1.54057,OTC US
7/25/13,TRAW US,Traws Pharma Inc,89.1255,15,32.53333282,5.17E+06,"Citi, Leerink Partners LLC","Consumer, Non-cyclical",320.85,53.8287,NASDAQ CM
7/25/13,HSTOQ US,Histogen Inc,66,11,-13.63636398,6.00E+06,"Piper Sandler & Co, Stifel","Consumer, Non-cyclical",171.33,5.25225, 
7/24/13,ICEL US,FUJIFILM Cellular Dynamics Inc,46.152,12,-20.83333397,3.85E+06,JP Morgan,"Consumer, Non-cyclical",188.82,10.7062, 
7/23/13,1310423D US,Silver Eagle Acquisition Corp,325,10,0,3.00E+07,Deutsche Bank,Financial,325,, 
7/23/13,JONEQ US,Jones Energy Inc,187.5,15,-7.800000191,1.25E+07,"JP Morgan, Barclays, Wells Fargo",Energy,0,3.3165, 
7/23/13,AGIO US,Agios Pharmaceuticals Inc,119.484,18,73.77777863,5.89E+06,"JP Morgan, Goldman Sachs","Consumer, Non-cyclical",555.8,109.166,NASDAQ GS
7/23/13,SCPX US,Scorpius Holdings Inc,27,10,-4.300000191,2.50E+06,Aegis Capital Corp,"Consumer, Non-cyclical",62.87,11.0989,OTC US
7/23/13,TKCI US,Turnkey Capital Inc,0.0528,0,,880000,,Financial,0,,OTC US
7/22/13,PSXP US,Phillips 66 Partners LP,434.442,23,29.13043404,1.64E+07,"RBC Capital Markets, Citi, Deutsche Bank, UBS, Barclays, BofA Securities, JP Morgan, Morgan Stanley",Energy,866.66,, 
7/19/13,2392595D US,Physicians Realty Trust,135.166,11.5,0,1.04E+07,"Wunderlich Securities Inc, Oppenheimer & Co, Janney Montgomery Scott LLC, Truist Securities Inc, Citizens Financial Group Inc",Financial,138.04,5.3812, 
7/18/13,DRII US,Diamond Resorts International Inc,249.55,14,15.35714245,1.55E+07,"UBS, JP Morgan, BofA Securities, Guggenheim Capital","Consumer, Cyclical",1055.52,, 
7/18/13,REXR US,Rexford Industrial Realty Inc,230.328,14,0.285714299,1.60E+07,"BofA Securities, B Riley Financial Inc, Wells Fargo, JP Morgan",Financial,353.35,111.455,New York
7/18/13,SALE US,RetailMeNot Inc,219.544,21,31.90476227,9.09E+06,"Morgan Stanley, Goldman Sachs, UBS",Communications,1054.35,0.00395381, 
7/17/13,UCP US,UCP Inc,116.25,15,-6.666666508,7.75E+06,"Citi, Deutsche Bank, Zelman Partners LLC","Consumer, Cyclical",116.25,0.00671578, 
7/17/13,2083506D US,OncoMed Pharmaceuticals Inc,93.84,17,59.88235474,4.80E+06,"Leerink Partners LLC, Jefferies","Consumer, Non-cyclical",472.39,0.0667742, 
7/17/13,4971 TT,IntelliEPI Inc,7.27278,55,32.72727203,3.94E+06,Chinatrust Securities Corp,Technology,55.404,5.41085,Taipei
7/16/13,CWEN/A US,Clearway Energy Inc,495.249,22,23.86363602,1.96E+07,"BofA Securities, Citi, Goldman Sachs",Utilities,495.25,80.4701,New York
7/12/13,ASG CN,Aurora Spine Corp,3.605,0.7,93.25539398,5.15E+06,M Partners Inc,"Consumer, Non-cyclical",0,0.00388501,Venture
7/11/13,OCSI US,Oaktree Strategic Income Corp,100,15,-5.666666508,6.67E+06,"Oppenheimer & Co, RBC Capital Markets, Barclays, Deutsche Bank, UBS, Morgan Stanley",Financial,100,, 
7/11/13,2260918D US,Vecta Inc,6.9,10,5,690000,,Financial,7.94,, 
7/3/13,USDF US,US-DADI Fertilizer Industry International Inc,0.39,0,,1.95E+07,,Industrial,0,, 
7/2/13,PSTO US,Powerstorm Holdings Inc,0.013,0.1,1900,130000,,Communications,1.94,,OTC US
6/27/13,NDLS US,Noodles & Co,110.892,18,104.1666641,5.36E+06,"Morgan Stanley, UBS","Consumer, Cyclical",514.73,37.8363,NASDAQ GS
6/27/13,SAMG US,Silvercrest Asset Management Group Inc,60.6023,11,7.545454502,4.79E+06,"Sandler O'Neill & Partners, Raymond James & Associates",Financial,60.6,83.6641,NASDAQ GM
6/27/13,MWRX US,MergeWorthRx Corp,52.8,8,0.125,6.60E+06,EarlyBirdCapital.com,"Consumer, Non-cyclical",71.0744,, 
6/27/13,PETX US,Aratana Therapeutics Inc,39.675,6,37.66666794,5.75E+06,"Stifel, Lazard","Consumer, Non-cyclical",124.33,, 
6/26/13,CBA US,ClearBridge American Energy MLP Fund Inc,1207.5,20,0,5.25E+07,"Citi, Morgan Stanley, BofA Securities",Financial,0,8.29403, 
6/26/13,HDS US,HD Supply Holdings Inc,1101.06,18,3.666666746,5.32E+07,"Wells Fargo, UBS, Morgan Stanley, Goldman Sachs, Deutsche Bank, Citi, BofA Securities, JP Morgan, Barclays","Consumer, Cyclical",3451.48,, 
6/26/13,CDW US,CDW Corp/DE,454.538,17,8.058823586,2.33E+07,"Morgan Stanley, Deutsche Bank, Goldman Sachs, Barclays, JP Morgan",Communications,2923.29,104.009,NASDAQ GS
6/26/13,2306182D US,Guggenheim Credit Allocation Fund,150,25,0,6.00E+06,"Wells Fargo, UBS, Stifel",Financial,0,6.38608, 
6/26/13,ESPR US,Esperion Therapeutics Inc,80.5,14,3.571428537,5.00E+06,"Citi, UBS","Consumer, Non-cyclical",214.61,62.098,NASDAQ GM
6/26/13,TLRA US,Telaria Inc,75,10,-15,7.50E+06,"UBS, Jefferies",Communications,494.23,6.14406, 
6/25/13,EFF US,Eaton Vance Floating-Rate Income Plus Fund,151.966,20,0.100000002,6.75E+06,BofA Securities,Financial,0,0.18103, 
6/25/13,PGZ US,Principal Real Estate Income Fund,144.8,20,0,6.30E+06,"Wells Fargo, UBS, RBC Capital Markets",Financial,0,29.8882,New York
6/25/13,JPW US,Nuveen Flexible Investment Income Fund,74,20,-0.5,3.50E+06,"Morgan Stanley, Citi",Financial,0,, 
6/25/13,NSTGQ US,NanoString Technologies Inc,54,10,-19.39999962,5.40E+06,"JP Morgan, Morgan Stanley","Consumer, Non-cyclical",145.95,30.3365, 
6/24/13,IBEX LN,IBEX Global Solutions PLC,16.5505,147,4.081632614,7.30E+06,,"Consumer, Non-cyclical",89.617,18.4832, 
6/21/13,HBPE US,HBP Energy Corp,0.12,0,,4.00E+06,,"Consumer, Non-cyclical",0,, 
6/20/13,GOGO US,Gogo Inc,187,17,-5.882352829,1.10E+07,"Morgan Stanley, JP Morgan, UBS",Communications,1443.62,73.3208,NASDAQ GS
6/19/13,PTCT US,PTC Therapeutics Inc,144.417,15,9.933333397,8.37E+06,"UBS, JP Morgan","Consumer, Non-cyclical",357.057,117.138,NASDAQ GS
6/19/13,THST US,Truett-Hurst Inc,16.2,6,-5.333333492,2.70E+06,"Sidoti & Company LLC, Feltl & Co, WR Hambrecht + Co LLC, CSCA Capital Advisors LLC","Consumer, Non-cyclical",16.2,6.07971, 
6/18/13,BLUE US,Bluebird Bio Inc,116.151,17,58.29411697,5.94E+06,"JP Morgan, BofA Securities","Consumer, Non-cyclical",402.93,0.0159715, 
6/12/13,COTY US,Coty Inc,1140,17.5,-0.800000012,5.71E+07,"Wells Fargo, Deutsche Bank, Barclays, Morgan Stanley, BofA Securities, JP Morgan","Consumer, Non-cyclical",1263.83,39.0009,New York
6/11/13,GIMO US,Gigamon Inc,147.488,19,49.84210587,6.75E+06,"Goldman Sachs, BofA Securities, UBS, Barclays",Communications,579.01,, 
6/6/13,TXTR US,Textura Corp,86.25,15,39.40000153,5.00E+06,"UBS, William Blair & Co LLC",Communications,340.67,0.0784684, 
6/5/13,RCAPQ US,Aretec Group Inc,50,20,-3.150000095,2.50E+06,"Ladenburg Thalmann & Co, Citizens Financial Group Inc",Financial,50,0.344216, 
5/31/13,ZOM CN,Zomedica Corp,0.2436,0.1,-1.49E-06,2.50E+06,Mackie Research Capital Corp,"Consumer, Non-cyclical",0.43452,, 
5/30/13,EPZM US,Epizyme Inc,88.6995,15,53.26666641,5.14E+06,"Citi, TD Securities, Leerink Partners LLC","Consumer, Non-cyclical",426.23,, 
5/29/13,IVH US,Delaware Ivy High Income Opportunities Fund,331.238,20,0,1.59E+07,"Citi, Morgan Stanley, BofA Securities",Financial,0,16.7897, 
5/29/13,SSET US,Starstream Entertainment Inc,0.08,0,,2.25E+08,,Communications,0,,OTC US
5/24/13,DFP US,Flaherty & Crumrine Dynamic Preferred and Income Fund Inc,450,25,0.039999999,1.80E+07,"Wells Fargo, Raymond James & Associates, Stifel",Financial,0,26.9797,New York
5/23/13,FPF US,First Trust Intermediate Duration Preferred & Income Fund,1517.5,25,0,5.68E+07,"Morgan Stanley, Citi, BofA Securities, RBC Capital Markets, Oppenheimer & Co",Financial,0,28.036,New York
5/23/13,PGEM US,Ply Gem Holdings Inc,381.316,21,10.95238113,1.58E+07,"JP Morgan, UBS, Goldman Sachs, Deutsche Bank",Industrial,1409.53,, 
5/22/13,ECOM US,ChannelAdvisor Corp,92.575,14,31.7142849,5.75E+06,"Goldman Sachs, Stifel",Communications,298.68,, 
5/22/13,BRSS US,Global Brass and Copper Holdings Inc,88.55,11,23.18181801,7.00E+06,"Morgan Stanley, Goldman Sachs",Industrial,232.21,, 
5/21/13,PTLA US,Portola Pharmaceuticals Inc,140.45,14.5,4.482758522,8.42E+06,"Morgan Stanley, UBS","Consumer, Non-cyclical",509.62,18.1958, 
5/21/13,9999778D US,Arcturus Therapeutics Ltd,25,8,-5.625,3.13E+06,Aegis Capital Corp,"Consumer, Non-cyclical",89.02,, 
5/17/13,PAH LN,Element Solutions Inc,885,10,0.5,8.85E+07,"Barclays, Citi",Basic Materials,885.29,, 
5/16/13,DATA US,Tableau Software Inc,292.33,31,63.70967865,8.20E+06,"Goldman Sachs, Morgan Stanley, UBS, JP Morgan",Technology,292.33,, 
5/16/13,MKTO US,Marketo Inc,90.5895,13,77.69230652,6.06E+06,"Goldman Sachs, UBS",Communications,477.01,, 
5/15/13,2227595D US,Ambit Biosciences Corp,65,8,-7.625,8.13E+06,"Citi, Leerink Partners LLC","Consumer, Non-cyclical",141.7,, 
5/13/13,TEP US,Tallgrass Energy Partners LP,313.9,21.5,0,1.31E+07,"Citi, Barclays, BofA Securities, Deutsche Bank",Energy,555.77,, 
5/10/13,950130 KS,Access Bio Inc,20.5766,4500,130,5.09E+06,"Eugene Investment & Securities Co Ltd, NH Financial Group","Consumer, Non-cyclical",0,0.284201,KOSDAQ
5/9/13,1315920D US,Lindblad Expeditions Holdings Inc,180,10,0.100000002,1.80E+07,"Citi, Deutsche Bank","Consumer, Cyclical",180,, 
5/9/13,FNBCQ US,First NBC Bank Holding Co,115.001,24,2.083333254,4.17E+06,"Stifel, Sandler O'Neill & Partners",Financial,0,0.00512716, 
5/8/13,IQV US,IQVIA Holdings Inc,1089.47,40,5.275000095,2.37E+07,"Deutsche Bank, BofA Securities, Wells Fargo, Goldman Sachs, Citi, Morgan Stanley, JP Morgan, Barclays","Consumer, Non-cyclical",5156.6,103.398,New York
5/8/13,9966699D US,PNMAC Holdings Inc,230.006,18,6.111111164,1.11E+07,"BofA Securities, UBS, Goldman Sachs, Citi",Financial,230.01,, 
5/8/13,EMESQ US,Emerge Energy Services LP,131.068,17,-2.647058725,7.50E+06,"Citi, BofA Securities, JP Morgan, Wells Fargo",Energy,398.3,100, 
5/8/13,CYNI US,Cyan Inc,97.8892,11,1.272727251,8.00E+06,"Goldman Sachs, JP Morgan, Jefferies",Communications,499.73,, 
5/8/13,TSC US,TriState Capital Holdings Inc,75.3825,11.5,9.478260994,5.70E+06,"Stephens Inc, Stifel, Robert W Baird & Co",Financial,329.79,2.15924, 
5/8/13,RCPT US,Receptos Inc,72.8,14,0,5.20E+06,"UBS, Leerink Partners LLC, BMO Capital Markets","Consumer, Non-cyclical",246.46,, 
5/7/13,AHRT US,AH Realty Trust Inc,218.543,11.5,0.695652187,1.65E+07,"Raymond James & Associates, Robert W Baird & Co, Stifel, Oppenheimer & Co, Truist Securities Inc, Janney Montgomery Scott LLC, Wunderlich Securities Inc",Financial,198.13,68.0116,New York
5/2/13,HCAP US,Harvest Capital Credit Corp,57.5,15,0,3.40E+06,"Stifel, Citizens Financial Group Inc, William Blair & Co LLC",Financial,90.2115,16.6021, 
5/1/13,VOYA US,Voya Financial Inc,1461.94,19.5,6.871794701,6.52E+07,"JP Morgan, Deutsche Bank, UBS, BofA Securities, Citi, Morgan Stanley, Goldman Sachs",Financial,5084.24,115.046,New York
5/1/13,,Ellington Credit Co,129,20,-3.900000095,,"Deutsche Bank, UBS, Citi",,182.67,,
4/26/13,DMB US,BNY Mellon Municipal Bond Infrastructure Fund Inc,292.312,15,0,1.70E+07,"Morgan Stanley, BofA Securities, Citi",Financial,0,54.403,New York
4/25/13,DSL US,DoubleLine Income Solutions Fund,2300,25,0,9.20E+07,"BofA Securities, Citi, Morgan Stanley, Wells Fargo, UBS",Financial,0,27.0541,New York
4/18/13,PRKS US,United Parks & Resorts Inc,807.3,27,24.14814758,2.60E+07,"Wells Fargo, Barclays, BofA Securities, Citi, Goldman Sachs, JP Morgan","Consumer, Cyclical",2503.9,143.864,New York
4/18/13,HAWK US,Blackhawk Network Holdings Inc,264.5,23,13.08695698,1.00E+07,"Goldman Sachs, BofA Securities, Citi, Deutsche Bank",Financial,264.5,, 
4/17/13,TAM US,Taminco Corp,254.402,15,-3,1.58E+07,"UBS, Morgan Stanley, Jefferies, Deutsche Bank, JP Morgan, Citi, Goldman Sachs",Basic Materials,995.99,0.11941, 
4/17/13,HASI US,HA Sustainable Infrastructure,176.896,12.5,-8.800000191,1.33E+07,"BofA Securities, UBS, Wells Fargo",Financial,199.32,109.038,New York
4/16/13,FWMHQ US,Fairway Group Holdings Corp,204.068,13,33.46154022,1.37E+07,"UBS, BofA Securities, Jefferies, William Blair & Co LLC","Consumer, Non-cyclical",362.17,0.583722, 
4/12/13,RALY US,Rally Software Development Corp,96.6,14,27.2142849,6.00E+06,"Deutsche Bank, Piper Sandler & Co",Technology,331.02,, 
4/11/13,CMRX US,Chimerix Inc,117.852,14,34.2142868,7.32E+06,"Morgan Stanley, TD Securities","Consumer, Non-cyclical",357.113,4.91988, 
4/11/13,OMTH US,Omthera Pharmaceuticals Inc,64,8,-7.125,8.00E+06,"BofA Securities, Barclays, Leerink Partners LLC","Consumer, Non-cyclical",195.32,, 
4/9/13,TMHC US,Taylor Morrison Home Corp,722.854,22,4.727272511,2.86E+07,"Citi, UBS, Deutsche Bank, Goldman Sachs, JP Morgan, Zelman Partners LLC","Consumer, Cyclical",628.58,103.025,New York
4/9/13,WBBW US,Westbury Bancorp Inc,50.916,10,35.20000076,5.09E+06,Stifel,Financial,50.92,0.045017,OTC US
4/7/13,CNGW US,CNL Growth Properties Inc,200,0,,,,Financial,0,, 
4/4/13,VYNT US,Vyant Bio Inc,6.9,10,12.5,600000,Aegis Capital Corp,"Consumer, Non-cyclical",42.91,, 
4/3/13,1324141D LN,Electrical Geodesics Inc,12.0934,120,4.166666508,6.67E+06,,"Consumer, Non-cyclical",44.4501,, 
4/2/13,IBTX US,Independent Bank Group Inc,95.68,26,12.92307663,3.20E+06,"Sandler O'Neill & Partners, Evercore, Stifel",Financial,0,0.419516, 
3/27/13,PF US,Pinnacle Foods Inc,667,20,11.05000019,2.90E+07,"UBS, Morgan Stanley, Goldman Sachs, Barclays, BofA Securities","Consumer, Non-cyclical",2343.42,, 
3/26/13,MIE US,Cohen & Steers MLP Income and Energy Opportunity Fund Inc,480,20,0,2.40E+07,"BofA Securities, RBC Capital Markets, Deutsche Bank, Truist Securities Inc",Financial,0,16.1616, 
3/26/13,GARS US,Garrison Capital Inc,91.9995,15,0,5.33E+06,"Oppenheimer & Co, Robert W Baird & Co",Financial,251.38,7.62084, 
3/26/13,NVEEU US,NV5 Global Inc,9.66,6,7,1.40E+06,Roth Capital Partners Inc,Industrial,0,, 
3/25/13,NML US,Neuberger Energy Infrastructur,1154.8,20,0.699999988,5.03E+07,"Ameriprise Financial Inc, Wells Fargo, Citi, Morgan Stanley",Financial,0,34.9937,NYSEAmerican
3/25/13,BOI US,Brookfield Mortgage Opportunity Income Fund Inc,454.132,20,0.050000001,2.10E+07,"UBS, Wells Fargo, Barclays, RBC Capital Markets",Financial,0,, 
3/25/13,ETX US,Eaton Vance Municipal Income 2028 Term Trust,205,20,0.100000002,1.03E+07,"BofA Securities, Morgan Stanley, UBS, Citi",Financial,0,21.4537,New York
3/22/13,ZAIS US,ZAIS Group Holdings Inc,175.95,10,0.200000003,1.53E+07,"EarlyBirdCapital.com, Sandler O'Neill & Partners",Financial,228.35,, 
3/22/13,MRINQ US,Marin Software Inc,120.75,14,16.1428566,7.50E+06,"Goldman Sachs, Deutsche Bank, Stifel, UBS",Communications,432.76,1.64751, 
3/21/13,WSTC US,Intrado Corp,425.5,20,-5.699999809,2.13E+07,"Morgan Stanley, Goldman Sachs, BofA Securities, Barclays, Citi, Deutsche Bank, Wells Fargo",Technology,1668.45,0.0152629, 
3/21/13,LFT US,Lument Finance Trust Inc,60.4995,15,-3.333333254,4.03E+06,"UBS, Barclays, Stifel",Financial,110.84,35.0345,New York
3/20/13,1922758D US,Aviv REIT Inc,303.6,20,12.75,1.32E+07,"Morgan Stanley, BofA Securities, Goldman Sachs",Financial,984.19,, 
3/20/13,ENTA US,Enanta Pharmaceuticals Inc,64.4,14,22.7142849,4.00E+06,"JP Morgan, UBS","Consumer, Non-cyclical",244.11,91.1424,NASDAQ GS
3/19/13,MODN US,Model N Inc,120.141,15.5,28.90322495,6.74E+06,"JP Morgan, Deutsche Bank",Technology,347.95,26.1854, 
3/19/13,TTPH US,Tetraphase Pharmaceuticals Inc,80.5846,7,0,1.07E+07,"Barclays, BMO Capital Markets","Consumer, Non-cyclical",139.08,, 
3/12/13,SSNI US,Itron Networked Solutions Inc,92.8625,17,29.41176414,4.75E+06,"Goldman Sachs, UBS",Energy,783.89,, 
3/8/13,DRIO US,DarioHealth Corp,14.1453,0,,9.43E+06,,Technology,0,27.5614,NASDAQ CM
3/6/13,APAM US,Artisan Partners Asset Management Inc,381.369,30,29.43333244,1.11E+07,"Goldman Sachs, Citi",Financial,381.37,97.1838,New York
3/4/13,IPDN US,Professional Diversity Network Inc,21,8,-4.125,2.63E+06,Aegis Capital Corp,Communications,50.55,9.19182,NASDAQ CM
2/25/13,BIT US,BlackRock Multi-Sector Income Trust,720,20,0,3.60E+07,"BofA Securities, UBS, Morgan Stanley, Wells Fargo, Citi",Financial,0,32.6709,New York
2/25/13,AIF US,Apollo Tactical Income Fund Inc,289.176,20,0,1.40E+07,"Morgan Stanley, BofA Securities, Citi",Financial,0,, 
2/14/13,XOOM US,Xoom Corp,116.381,16,59.3125,6.33E+06,"Barclays, Needham Group Inc/The","Consumer, Non-cyclical",524.6,, 
2/14/13,ORC US,Orchid Island Capital Inc,35.4,15,-1.333333373,2.36E+06,"Ladenburg Thalmann & Co, Oppenheimer & Co",Financial,50.13,38.8363,New York
2/11/13,1023765D US,ConnectOne Bancorp Inc/Old,51.52,28,5.892857075,1.60E+06,"Stifel, Sandler O'Neill & Partners",Financial,133.08,, 
2/8/13,TSGL US,Staffing Group Ltd/The,0.0755,0,,1.51E+06,,Financial,0,, 
2/7/13,2579278D US,Nuveen Intermediate Duration Quality Municipal Term Fund,196.324,15,-1,1.25E+07,"BofA Securities, Wells Fargo, Nuveen Investments Inc, Citi",Financial,0,, 
2/7/13,RC US,Ready Capital Corp,120.062,21.25,-6.117647171,5.65E+06,"Citi, Deutsche Bank, Barclays, UBS",Financial,169.38,65.4947,New York
2/7/13,NSLPQ US,New Source Energy Partners LP,85,20,-2.549999952,4.00E+06,"Stifel, Robert W Baird & Co, Oppenheimer & Co, BMO Capital Markets",Energy,107.9,,OTC US
2/7/13,BFYT US,Benefytt Technologies LLC,66.7338,14,-2.142857075,4.67E+06,"UBS, Citi, BofA Securities",Financial,66.73,25.726, 
2/6/13,2157768D US,ExOne Co/The,109.71,18,47.33333206,5.30E+06,B Riley Financial Inc,Technology,239.07,10.6036, 
2/5/13,BCC US,Boise Cascade Co,284.117,21,24.52380943,1.18E+07,"Goldman Sachs, BofA Securities, Deutsche Bank, JP Morgan, Wells Fargo",Industrial,907.82,104.058,New York
2/4/13,SFIV US,Sector 5 Inc,0.05,0,,5.00E+06,,"Consumer, Cyclical",0,, 
1/31/13,ZTS US,Zoetis Inc,2574.39,26,19.26922989,8.61E+07,"JP Morgan, Jefferies, Guggenheim Capital, Goldman Sachs, Deutsche Bank, UBS, Citi, Barclays, Morgan Stanley, BofA Securities","Consumer, Non-cyclical",2574.39,104.488,New York
1/31/13,HGENQ US,Humanigen Inc,70,8,0,8.75E+06,"Leerink Partners LLC, William Blair & Co LLC","Consumer, Non-cyclical",187.08,0.000238495, 
1/30/13,TPH US,Tri Pointe Homes Inc,267.621,17,12.05882359,1.37E+07,"Citi, Deutsche Bank, B Riley Financial Inc","Consumer, Cyclical",537.16,105.217,New York
1/28/13,2584262D US,PIMCO Dynamic Credit and Mortgage Income Fund,3430.11,25,0,1.21E+08,"Wells Fargo, Citi, UBS, Morgan Stanley",Financial,0,, 
1/28/13,LAND US,Gladstone Land Corp,56.7035,15,0,3.33E+06,Janney Montgomery Scott LLC,Financial,97.95,37.5835,NASDAQ GM
1/28/13,STML US,Stemline Therapeutics Inc,38.152,10,18,3.32E+06,Aegis Capital Corp,"Consumer, Non-cyclical",74.58,12.193, 
1/25/13,MSTu CN,Milestone Apartments Real Estate Investment Trust,226.512,10,0.100000002,2.00E+07,BMO Capital Markets,Financial,0,, 
1/24/13,BFAM US,Bright Horizons Family Solutions Inc,255.53,22,28.72727203,1.01E+07,"JP Morgan, Goldman Sachs, Barclays, BofA Securities, UBS","Consumer, Non-cyclical",1416.49,119.834,New York
1/24/13,LPDX US,LipoScience Inc,51.75,9,16.11111069,5.00E+06,"UBS, Barclays, Piper Sandler & Co","Consumer, Non-cyclical",131.75,, 
1/17/13,NCLH US,Norwegian Cruise Line Holdings Ltd,514.117,19,30.47368431,2.35E+07,"JP Morgan, Goldman Sachs, Deutsche Bank, Citi, UBS, Barclays","Consumer, Cyclical",3875.94,98.5895,New York
1/17/13,CONE US,CyrusOne Inc,360.525,19,11.57894707,1.65E+07,"Morgan Stanley, BofA Securities, Deutsche Bank, Barclays",Financial,415.88,25.4486, 
1/17/13,SXCP US,SunCoke Energy Partners LP,256.5,19,-3.947368383,1.35E+07,"BofA Securities, Citi, Barclays, UBS, JP Morgan",Energy,596.98,, 
1/16/13,CVRR US,CVR Refining LP,690,25,0.200000003,2.40E+07,"Barclays, Citi, UBS, Jefferies",Energy,3780,, 
1/14/13,USAC US,USA Compression Partners LP,198,18,-2.222222328,1.10E+07,"Goldman Sachs, Barclays, JP Morgan, Wells Fargo",Energy,270.87,48.908,New York
1/10/13,BLFR US,BlueFire Equipment Corp,0.075,0,,7.50E+06,,Energy,0,,OTC US
1/10/13,UCB US,United Community Banks Inc/GA,0,0,,,,Financial,0,88.3532,New York
12/21/12,GHY US,PGIM Global High Yield Fund Inc,818.04,20,0.25,3.70E+07,"BofA Securities, Morgan Stanley, Wells Fargo, Citi",Financial,0,28.3985,New York
12/21/12,CRIM US,Crimson Forest Entertainment Group Inc,0.3755,0,,3.76E+06,,"Consumer, Cyclical",0,, 
12/18/12,WLH US,William Lyon Homes,204.343,0,,1.95E+08,,"Consumer, Cyclical",0,15.4078, 
12/14/12,CACGU US,Chart Acquisition Corp,75,10,0,7.50E+06,"TD Securities, Deutsche Bank",Diversified,78.75,, 
12/13/12,SBY US,Silver Bay Realty Trust Corp,281.894,18.5,-1.405405402,1.33E+07,"UBS, BofA Securities, JP Morgan",Financial,690.6,0.0046488, 
12/12/12,PBF US,PBF Energy Inc,612.95,26,0.961538434,2.05E+07,"Deutsche Bank, UBS, Citi, Morgan Stanley",Energy,612.76,101.374,New York
12/12/12,1745597D US,Tesla Energy Operations Inc/DE,105.8,8,47.375,1.15E+07,"Goldman Sachs, UBS, BofA Securities",Energy,584.64,, 
12/11/12,1881059D US,Monarch America Inc,0.05,0,,2.50E+07,,"Consumer, Cyclical",0,, 
12/6/12,NID US,Nuveen Intermediate Duration Municipal Term Fund,630,15,-0.800000012,4.20E+07,"Nuveen Investments Inc, Citi, Wells Fargo, UBS, Morgan Stanley, BofA Securities",Financial,0,6.11555, 
12/6/12,WES US,Western Midstream Partners LP,434.68,22,27.27272797,1.72E+07,"Morgan Stanley, Deutsche Bank, Barclays, Citi",Energy,4719.66,40.3549,New York
12/6/12,VMRI US,Valmie Resources Inc,0.144,0,,1.44E+06,,Technology,0,,OTC US
12/4/12,WHF US,WhiteHorse Finance Inc,100.001,15,-7.333333492,6.67E+06,"JP Morgan, Barclays, Deutsche Bank, Citi",Financial,224.48,35.2328,NASDAQ GS
12/3/12,GFOX US,Grey Fox Holdings Corp,0.06,0,,6.00E+06,,"Consumer, Cyclical",0,, 
11/28/12,ARDC US,Ares Dynamic Credit Allocation Fund Inc,320,20,0,1.60E+07,"BofA Securities, UBS, Wells Fargo, Morgan Stanley, Citi",Financial,0,42.4735,New York
11/27/12,FEI US,First Trust MLP and Energy Income Fund,830,20,-0.100000002,4.15E+07,"Morgan Stanley, Citi, RBC Capital Markets, Oppenheimer & Co",Financial,0,7.48778, 
11/19/12,ALDW US,Alon USA Partners LP,184,16,15,1.00E+07,"UBS, Goldman Sachs, Citi",Energy,0,, 
11/19/12,WHLR US,Wheeler Real Estate Investment Trust Inc,15.8342,5.25,14.28571415,3.02E+06,"Capitol Securities Management Inc, Wellington Shields & Co LLC",Financial,22.5,10.3948,NASDAQ CM
11/19/12,AHII US,Fyolo Technology Corp,0.0315,0,,3.15E+07,,"Consumer, Non-cyclical",0,,OTC US
11/16/12,MTGB US,Meetinghouse Bancorp Inc,6.613,10,12.5,661300,Stifel,Financial,0,, 
11/15/12,RKUS US,Ruckus Wireless Inc,126,15,-18.33333397,8.40E+06,"Goldman Sachs, Morgan Stanley, Deutsche Bank",Communications,1105.29,0.0371966, 
11/14/12,2223245D US,Powerdyne International Inc,10.7153,0,,7.15E+07,,Industrial,0,, 
11/8/12,ATOS US,Atossa Therapeutics Inc,4,5,-4,800000,Dawson James Securities,"Consumer, Non-cyclical",0,17.1019,NASDAQ CM
11/7/12,SCM US,Stellus Capital Investment Corp,120,15,0.533333361,8.00E+06,"Raymond James & Associates, Stifel",Financial,162.41,13.9013,New York
11/7/12,OFS US,OFS Capital Corp,100,15,-4.333333492,6.67E+06,"Morgan Stanley, UBS, Barclays, RBC Capital Markets",Financial,143.68,30.7108,NASDAQ GS
11/7/12,BLUU US,Blue Water Global Group Inc,0.263,0,,2.63E+07,,"Consumer, Cyclical",0,,OTC US
11/7/12,FLKM US,Flikmedia Inc,0.102,0,,5.10E+06,,Communications,0,, 
11/7/12,2054244D US,Mobetize Corp,0.08,0,,2.00E+06,,Technology,0,, 
11/6/12,SLTN US,Silverton Energy Inc,0.08,0,,4.00E+06,,Financial,0,,OTC US
11/5/12,REMY US,Old Remco Holdings LLC,0.68,17,-1.470588207,40000,"BofA Securities, UBS, JP Morgan","Consumer, Cyclical",542.43,, 
11/5/12,TAYO US,Taylor Consulting Inc,0.0604,0,,3.02E+06,,"Consumer, Non-cyclical",0,,OTC US
11/2/12,XRN US,Chiron Real Estate Inc,0.1,0,,1.00E+07,,Financial,0,76.6464,New York
11/2/12,ANPL US,Anpulo Food Development Inc,0.05,0,,5.00E+06,,Technology,0,, 
11/1/12,SXEEQ US,Southcross Energy Partners LLC,207,20,11.75,9.00E+06,"Wells Fargo, Citi, Barclays, JP Morgan",Energy,271.27,, 
11/1/12,DKL US,Delek Logistics Partners LP,193.2,21,6.428571224,8.00E+06,"BofA Securities, Barclays, Goldman Sachs, Wells Fargo",Energy,251.99,21.0283,New York
11/1/12,RH US,RH,142.536,24,29.58333397,5.16E+06,"BofA Securities, Goldman Sachs","Consumer, Cyclical",887.32,97.8841,New York
10/26/12,CTF US,Nuveen Long/Short Commodity Total Return Fund,470,25,-0.439999998,1.88E+07,"BofA Securities, Morgan Stanley, UBS, Citi",Financial,0,, 
10/26/12,EDI US,Virtus Stone Harbor Emerging Markets Total Income Fund,240,25,-0.079999998,9.60E+06,"Morgan Stanley, Citi, UBS, RBC Capital Markets",Financial,0,12.2283, 
10/26/12,XREG US,XR Energy Inc,0.7047,0,,2.82E+06,,"Consumer, Non-cyclical",0,,OTC US
10/26/12,PGSC US,Progressive Green Solutions Inc,0.6,0,,6.00E+06,,Communications,0,,OTC US
10/26/12,ZDEC US,Zenovia Digital Exchange Corp,0.0358,0,,1.79E+06,,Technology,0,,OTC US
10/25/12,MPLX US,MPLX LP,437.69,22,23.63636398,1.73E+07,"BofA Securities, Morgan Stanley, UBS, Citi, JP Morgan",Energy,870.02,18.2938,New York
10/25/12,WWAV US,Danone US Inc,391,17,-1.470588207,2.30E+07,"JP Morgan, UBS, BofA Securities","Consumer, Non-cyclical",391,, 
10/25/12,MEILU US,Methes Energies International Ltd,2.8,5,-2.799999952,560000,"Paulson Investment Co Inc, Barrett & Co",Basic Materials,32.77,, 
10/24/12,CAPL US,CrossAmerica Partners LP,138,20,1.149999976,6.00E+06,"Raymond James & Associates, Robert W Baird & Co",Energy,168.5,24.0411,New York
10/24/12,MRCC US,Monroe Capital Corp,86.25,15,1.666666627,5.00E+06,"Robert W Baird & Co, William Blair & Co LLC, Janney Montgomery Scott LLC",Financial,75,28.8263,NASDAQ GS
10/23/12,JADG US,Jade Global Holdings Inc,0.03,0,,3.00E+06,,Technology,0,, 
10/19/12,PUGE US,Puget Technologies Inc,0.08,0,,2.00E+06,,Technology,0,,OTC US
10/15/12,VIZC US,VizConnect Inc,0.04,0,,4.00E+06,,Technology,0,5.59148,OTC US
10/12/12,SRAX US,SRAX Inc,0.5263,0,,649000,,Communications,0,2.77401,OTC US
10/11/12,LNCOQ US,LinnCo LLC,1269.74,36.5,4.821918011,3.03E+07,"UBS, Raymond James & Associates, BofA Securities, Wells Fargo, RBC Capital Markets, Citi, Barclays",Energy,1104.12,, 
10/11/12,WDAY US,Workday Inc,732.55,28,73.89286041,2.28E+07,"Morgan Stanley, Goldman Sachs, Allen & Co, JP Morgan",Technology,732.55,100.751,NASDAQ GS
10/11/12,FANG US,Diamondback Energy Inc,251.562,17.5,0,1.25E+07,UBS,Energy,647.27,64.9372,NASDAQ GS
10/11/12,PTPF US,All Marketing Solutions Inc,0.12,0,,4.00E+06,,Financial,0,, 
10/10/12,HOUS US,Anywhere Real Estate Inc,1242,27,26.66666603,4.00E+07,"UBS, Barclays, Goldman Sachs, JP Morgan",Financial,3514.13,92.5286, 
10/10/12,SSTK US,Shutterstock Inc,87.975,17,27.41176414,4.50E+06,"Morgan Stanley, Deutsche Bank, Jefferies",Communications,569.73,66.8438,New York
10/10/12,ICPT US,Intercept Pharmaceuticals Inc,86.25,15,29.33333397,5.00E+06,BofA Securities,"Consumer, Non-cyclical",236,7.59319, 
10/10/12,KYTH US,Kythera Biopharmaceuticals LLC,80,16,23.6875,4.40E+06,"JP Morgan, Goldman Sachs","Consumer, Non-cyclical",287.45,, 
10/10/12,VCPS US,VinCompass Corp,0.175,0,,3.50E+06,,Basic Materials,0,, 
10/9/12,AMBA US,Ambarella Inc,41.4,6,1,6.00E+06,"Morgan Stanley, Deutsche Bank",Technology,155.457,87.7957,NASDAQ GS
10/4/12,RGLS US,Regulus Therapeutics Inc,51.75,4,5,1.13E+07,"Lazard, TD Securities, BMO Capital Markets","Consumer, Non-cyclical",143.27,16.2242, 
10/4/12,MCBK US,Madison County Financial Inc,41.4,10,48.90000153,,Stifel,Financial,0,,OTC US
10/3/12,BERY US,Berry Global Group Inc,470.589,16,-5,2.94E+07,"Robert W Baird & Co, Goldman Sachs, Deutsche Bank, UBS, Barclays, BofA Securities, Citi",Industrial,1801.6,3.33269, 
10/2/12,JMI US,JAVELIN Mortgage Investment Corp,145,20,-2,7.25E+06,"UBS, Barclays, Deutsche Bank, Citi",Financial,150,, 
10/2/12,LOCK US,LifeLock Inc,141.3,9,-7.111111164,1.57E+07,"Goldman Sachs, BofA Securities, Deutsche Bank","Consumer, Non-cyclical",776.78,, 
10/1/12,YPPN US,Yappn Corp,0.1,0,,2.00E+06,,Communications,0,,OTC US
9/27/12,SMLP US,Summit Midstream Partners LP,287.5,20,5.550000191,1.25E+07,"Barclays, BofA Securities, Morgan Stanley, Goldman Sachs",Energy,525.7,, 
9/27/12,QLYS US,Qualys Inc,104.536,12,18,7.58E+06,"JP Morgan, UBS",Technology,374.25,105.073,NASDAQ GS
9/27/12,VRDR US,Verde Resources Inc,0.08,0,,2.00E+06,,Basic Materials,0,7.7687,OTC US
9/25/12,BGB US,Blackstone Strategic Credit 2027 Term Fund,892.1,20,0,4.17E+07,"BofA Securities, Morgan Stanley, UBS, Citi, Wells Fargo",Financial,0,48.3179,New York
9/25/12,NXG US,NXG NextGen Infrastructure Inc,151.25,25,0.039999999,5.40E+06,"Oppenheimer & Co, RBC Capital Markets, Stifel",Financial,0,13.1978,New York
9/19/12,SRC US,Spirit Realty Capital Inc,500.25,15,0,2.90E+07,"Morgan Stanley, Macquarie, UBS, Deutsche Bank, RBC Capital Markets",Financial,1272.77,5.55553, 
9/19/12,SUN US,Sunoco LP,223.962,20.5,11.75609779,9.50E+06,"Barclays, BofA Securities, UBS, Wells Fargo",Energy,224.26,48.6727,New York
9/19/12,CBF US,Capital Bank Financial Corp,188.582,18,1.055555582,1.00E+07,"UBS, BofA Securities, Goldman Sachs, Barclays, B Riley Financial Inc",Financial,586.33,, 
9/19/12,NBHC US,National Bank Holdings Corp,158.283,19.25,1.818181872,7.15E+06,"Stifel, Goldman Sachs, B Riley Financial Inc",Financial,889.97,88.1828,New York
9/19/12,1537336D US,Trulia LLC,117.3,17,41.17647171,6.00E+06,"JP Morgan, Deutsche Bank",Communications,463.7,, 
9/14/12,CIMG US,CIMG Inc,0.06,0,,4.00E+06,,"Consumer, Non-cyclical",0,0.0970152,OTC US
9/10/12,SKAJ US,Skajaquoda Group Inc,0.02,0,,400000,,Financial,0,, 
9/6/12,VTMB US,Vitamin Blue Inc,1.645,0,,1.65E+07,,"Consumer, Cyclical",0,,OTC US
9/6/12,CHBM US,China Bull Management Inc,0.12576,0,,125760,,Financial,0,, 
9/5/12,MCPI US,Mansfield-Martin Exploration Mining Inc,0.5,0,,5.00E+07,,Basic Materials,0,, 
8/29/12,ETST US,Earth Science Tech Inc,0.35,0,,3.50E+07,,"Consumer, Non-cyclical",0,7.89308,OTC US
8/29/12,CAME US,ChinAmerica Andy Movie Entertainment Media Co,0.0566,0,,565600,,"Consumer, Cyclical",0,, 
8/28/12,BTT US,BlackRock Municipal 2030 Target Term Trust,1782.5,25,0,6.20E+07,"BofA Securities, UBS, Morgan Stanley, Citi, Wells Fargo, RBC Capital Markets, Ameriprise Financial Inc, Stifel",Government,0,40.3207,New York
8/23/12,SVLT US,Sunvault Energy Inc,0.054,0,,1.08E+06,,Energy,0,,OTC US
8/22/12,CBDG US,THC Farmaceuticals Inc,0.0455,0,,182000,,Diversified,0,,OTC US
8/20/12,DRNK US,NoHo Inc,0.12,0,,3.00E+06,,"Consumer, Non-cyclical",0,,OTC US
8/17/12,EZRG US,EZRaider Co,0.036,0,,3.00E+06,,"Consumer, Cyclical",0,5.95693,OTC US
8/15/12,HCRSQ US,Hi-Crush Inc,219.938,17,17.64705849,1.13E+07,"Morgan Stanley, Barclays, UBS",Energy,463.77,0.0300981, 
8/14/12,IMCL US,Immunoclin Corp,0.28,0,,4.00E+06,,"Consumer, Non-cyclical",0,, 
8/10/12,ONTG US,American Housing REIT Inc,0.0456,0,,456000,,Financial,0,, 
8/10/12,SLNN US,Saleen Automotive Inc,0.02,0,,2.00E+06,,"Consumer, Cyclical",0,0.14045, 
8/9/12,PHLT US,Performant Healthcare Inc,93.15,9,17.77777863,9.00E+06,"Goldman Sachs, Morgan Stanley, UBS, Wells Fargo","Consumer, Non-cyclical",0,36.4294, 
8/9/12,HUT CN,Hut 8 Corp,0.3024,0.1,200,3.00E+06,Macquarie,Financial,1.3104,91.8862,Toronto
8/7/12,BLMN US,Bloomin' Brands Inc,202.331,11,12.81818199,1.60E+07,"Morgan Stanley, BofA Securities, JP Morgan, Deutsche Bank, Goldman Sachs","Consumer, Cyclical",1332.13,96.4858,NASDAQ GS
8/7/12,PSMI US,pSemi Corp,88.55,14,5.071428776,5.50E+06,"JP Morgan, Deutsche Bank",Technology,0,, 
8/2/12,GMED US,Globus Medical Inc,115,12,12.5,8.33E+06,"Goldman Sachs, BofA Securities, Piper Sandler & Co","Consumer, Non-cyclical",750.04,108.565,New York
8/2/12,1921384D US,Hyde Park Acquisition Corp II,75,10,0.300000012,7.50E+06,Deutsche Bank,Diversified,100.688,, 
8/2/12,GVHIB US,Global Vision Holdings Inc,2.55,0,,2.55E+07,,Financial,0,,OTC US
8/1/12,ELOQ US,Eloqua Inc,105.8,11.5,12.08695698,8.00E+06,"Deutsche Bank, JP Morgan",Technology,368.43,, 
8/1/12,STCB US,Starco Brands Inc,1.0771,0,,2.15E+06,,"Consumer, Non-cyclical",0,31.5476,OTC US
8/1/12,UBIQ US,Ubiquity Inc,0.09,0,,3.00E+06,,Communications,0,0.124044, 
7/27/12,NDP US,Tortoise Energy Independence Fund Inc,362.5,25,0.079999998,1.30E+07,"UBS, BofA Securities, Wells Fargo",Financial,0,13.7494, 
7/27/12,RCHA US,Rich Pharmaceuticals Inc,0.0216,0,,720000,,"Consumer, Non-cyclical",0,, 
7/26/12,LDP US,Cohen & Steers Limited Duration Preferred and Income Fund Inc,723.229,25,0.800000012,2.65E+07,"Citi, Morgan Stanley, BofA Securities",Financial,0,27.3465,New York
7/26/12,JPI US,Nuveen Preferred Securities &,575,25,0.039999999,2.00E+07,"Wells Fargo, UBS, Nuveen Investments Inc",Financial,0,5.51419, 
7/26/12,DFRG US,Del Frisco's Restaurant Group Inc,75.4,13,0,5.80E+06,"Piper Sandler & Co, Deutsche Bank, Wells Fargo","Consumer, Cyclical",309.33,, 
7/26/12,AMRE US,AmREIT Inc,58.1448,14,0.142857149,3.65E+06,"Jefferies, Robert W Baird & Co",Financial,62.52,, 
7/25/12,NTI US,Northern Tier Energy LP,261.625,14,1.142857194,1.63E+07,"BofA Securities, Barclays, Goldman Sachs, UBS, Deutsche Bank",Energy,1063.57,, 
7/25/12,EOPN US,E2open LLC,70.3125,15,-9.333333015,4.69E+06,BofA Securities,Technology,373.93,, 
7/25/12,HPTX US,Horizon Therapeutics LLC,57.5,10,1.100000024,5.00E+06,"Leerink Partners LLC, TD Securities","Consumer, Non-cyclical",165.92,, 
7/24/12,NGVC US,Natural Grocers by Vitamin Cottage Inc,107.144,15,19.06666756,7.14E+06,"Piper Sandler & Co, Truist Securities Inc","Consumer, Non-cyclical",327.05,42.5194,New York
7/24/12,GASE US,GASE Energy Inc,0.12,0,,1.00E+06,,Energy,0,,OTC US
7/23/12,CHUY US,Chuy's Holdings Inc,87.2083,13,15.84615421,5.83E+06,"Robert W Baird & Co, Jefferies","Consumer, Cyclical",206.94,40.2663, 
7/19/12,PANW US,Palo Alto Networks Inc,299.46,42,26.5,6.20E+06,"Morgan Stanley, Goldman Sachs, Citi, UBS, Barclays, Raymond James & Associates",Communications,2836.32,71.9351,NASDAQ GS
7/19/12,FIVE US,Five Below Inc,187.981,17,55.88235474,9.62E+06,"Goldman Sachs, Barclays, Jefferies, UBS, Deutsche Bank, Wells Fargo","Consumer, Cyclical",917.4,108.355,NASDAQ GS
7/19/12,KYAK US,KAYAK Software Corp,104.65,26,27.61538506,3.50E+06,"Morgan Stanley, Deutsche Bank",Communications,112.66,, 
7/19/12,INXBU US,Glori Energy Inc,46,8,0.125,5.00E+06,EarlyBirdCapital.com,Energy,46,, 
7/18/12,DRTX US,Durata Therapeutics Inc,77.625,9,0.444444448,7.50E+06,"UBS, BofA Securities","Consumer, Non-cyclical",155.16,, 
7/12/12,MFST US,Medifirst Solutions Inc,0.6521,0,,6.52E+06,,Communications,0,, 
7/11/12,ABBY US,Abby Inc,0.375,0,,1.25E+07,,Technology,0,,OTC US
7/10/12,HTB US,HomeTrust Bancshares Inc,211.6,10,17,2.12E+07,"Silver Freedman & Taff LLP, Stifel",Financial,0,64.7017,New York
7/10/12,JEMC US,JEM Capital Inc,0.12,0,,800000,,Financial,0,, 
7/10/12,WTER US,Alkaline Water Co Inc/The,0.1,0,,1.00E+07,,"Consumer, Non-cyclical",0,0.00107496,OTC US
7/6/12,VEND US,Generation Next Franchise Brands Inc,0.101,0,,1.01E+06,,"Consumer, Cyclical",0,0.000675463, 
7/6/12,OTTV US,Viva Entertainment Group Inc,0.1,0,,5.00E+06,,Technology,0,,OTC US
7/6/12,1825788D US,Comp Services Inc,0.03695,0,,739000,,Communications,0,, 
6/28/12,NOW US,ServiceNow Inc,241.155,18,36.66666794,1.17E+07,"Morgan Stanley, Citi, Deutsche Bank, Barclays, UBS",Technology,2189.52,92.3336,New York
6/27/12,CTR US,ClearBridge MLP & Midstream Total Return Fund Inc,762.484,20,0,3.50E+07,"Morgan Stanley, BofA Securities, Citi, Wells Fargo, Ameriprise Financial Inc",Financial,0,42.2609, 
6/27/12,TSRO US,TESARO Inc,86.8077,13.5,1.407407403,6.00E+06,"Morgan Stanley, Citi, Leerink Partners LLC","Consumer, Non-cyclical",365.86,, 
6/27/12,EXA US,Exa Corp,62.5,10,-2,6.25E+06,Stifel,Technology,131.93,, 
6/27/12,ZRMG US,Shenzhen-ZhongRong Morgan Investment Holding Group Co Ltd,0.91,0,,4.55E+06,,Financial,0,, 
6/27/12,ARTHQ US,Arch Therapeutics Inc,0.04,0,,4.00E+06,,"Consumer, Non-cyclical",0,1.68753, 
6/27/12,AFTN US,Awareness For Teens Inc,0.025,0,,250000,,Government,0,, 
6/26/12,MMD US,NYLI MacKay DefinedTerm Muni Opportunities Fund,550.376,20,0,2.48E+07,"Raymond James & Associates, Citi, Morgan Stanley, Wells Fargo, BofA Securities",Financial,0,86.2969,New York
6/26/12,EQM US,EQM Midstream Partners LP,301.875,21,13.09523773,1.25E+07,"Barclays, Citi, BofA Securities, UBS, JP Morgan, Wells Fargo",Energy,364.13,, 
6/26/12,SVTE US,Service Team Inc,2,1,0,2.00E+06,,"Consumer, Non-cyclical",8,,OTC US
6/25/12,SAAX US,Nouveau Ventures Inc,0.2001,0,,1.00E+06,,Communications,0,, 
6/22/12,RWFC US,Renewable Fuel Corp,3.4512,0,,3.45E+06,,Diversified,0,, 
6/18/12,AAGH US,America Great Health,0.1856,0,,2.65E+06,,"Consumer, Non-cyclical",0,,OTC US
6/18/12,AVTH US,AV Therapeutics Inc,0.1,0,,500000,,"Consumer, Non-cyclical",0,, 
6/18/12,HZNM US,Horizon Minerals Corp,0.075,0,,2.50E+06,,Basic Materials,0,, 
6/18/12,9876513D US,Tronox Ltd,0,0,,,,Basic Materials,0,, 
6/15/12,MYHI US,Mountain High Acquisitions Corp,0.01548,0,,154800,,"Consumer, Non-cyclical",0,, 
6/14/12,RAYT US,Rayont Inc,0.861,0,,4.31E+06,,Financial,0,, 
6/13/12,MAMA US,Mama's Creations Inc,0.24208,0,,2.42E+07,,"Consumer, Non-cyclical",0,84.2926,NASDAQ CM
6/6/12,CVRS US,Corindus Vascular Robotics Inc,2.13,0,,4.26E+07,,"Consumer, Non-cyclical",0,4.9934, 
6/5/12,GFOO US,Genufood Energy Enzymes Corp,3.26655,0,,1.09E+07,,"Consumer, Cyclical",0,1.07735,OTC US
6/5/12,WYCC US,Worry Free Holdings Co,0.5,0,,1.00E+07,,Industrial,0,,OTC US
6/5/12,LPCN US,Lipocine Inc,0.15,0,,1.50E+06,,"Consumer, Non-cyclical",0,23.9635,NASDAQ CM
5/30/12,NDDG US,Nudg Media Inc,0.06,0,,2.00E+06,,Industrial,0,, 
5/25/12,CLOQ US,Cyberloq Technologies Inc,0.33475,0,,3.35E+06,,Technology,0,0.00615946,OTC US
5/25/12,ONLI US,Online-Redefined Inc,0.151,0,,604000,,Technology,0,, 
5/25/12,ALKM US,Alkame Holdings Inc,0.09,0,,1.80E+06,,Diversified,0,,OTC US
5/25/12,TYME US,Tyme Technologies Inc,0.0345,0,,3.00E+06,,"Consumer, Non-cyclical",0,10.3479, 
5/25/12,HADV US,Health Advance Inc,0.022836,0,,228360,,Communications,0,11.9697,OTC US
5/24/12,PDI US,Pimco Dynamic Income Fund,1126.46,25,0,4.06E+07,"UBS, BofA Securities, Citi, Morgan Stanley, Wells Fargo",Financial,0,14.5496,New York
5/24/12,SMM US,Salient Midstream & MLP Fund,180,20,0,9.00E+06,"Robert W Baird & Co, Oppenheimer & Co, Stifel, RBC Capital Markets, BofA Securities",Financial,0,34.0279, 
5/23/12,LTNC US,Labor Smart Inc,0.0209,0,,1.05E+06,,"Consumer, Non-cyclical",0,0.0446239,OTC US
5/18/12,PDKI US,PDK Energy Inc,0.02,0,,2.00E+06,,"Consumer, Non-cyclical",0,, 
5/17/12,META US,Meta Platforms Inc,16006.9,38,0.610032916,4.21E+08,"Goldman Sachs, Morgan Stanley, JP Morgan, BofA Securities, Barclays, Citi, UBS, Deutsche Bank, Allen & Co",Communications,81247.2,79.3284,NASDAQ GS
5/16/12,XBIO US,Xenetic Biosciences Inc,0.035,0,,3.50E+06,,"Consumer, Non-cyclical",0,10.8561,NASDAQ CM
5/15/12,NYCA US,nycaMedia Inc,0.5,0,,1.00E+07,,"Consumer, Non-cyclical",0,, 
5/15/12,PRRE US,Praetorian Property Inc,0.2,0,,1.00E+06,,Financial,0,,OTC US
5/15/12,JIDG US,Joymain International Development Group Inc,0.1,0,,2.00E+06,,"Consumer, Non-cyclical",0,, 
5/14/12,FSTJ US,First America Resources Corp,0.0671,0,,671500,,"Consumer, Cyclical",0,,OTC US
5/11/12,UMAX US,Umax Group Corp,0.08,0,,4.00E+06,,"Consumer, Cyclical",0,,OTC US
5/10/12,IRGTQ US,Ignite Restaurant Group Inc,92.8844,14,22.3571434,5.77E+06,"UBS, Piper Sandler & Co, Robert W Baird & Co","Consumer, Cyclical",346.51,0.0458727, 
5/9/12,WMC US,Western Asset Mortgage Capital Corp,160,20,-6.150000095,8.00E+06,"Citi, JP Morgan, Deutsche Bank, Jefferies",Financial,206.67,15.9324, 
5/9/12,ADNC US,Audience Inc,89.5934,17,12.35294151,5.27E+06,"JP Morgan, Deutsche Bank, UBS",Technology,329.68,, 
5/9/12,WAGE US,WageWorks Inc,67.275,9,40,6.50E+06,"William Blair & Co LLC, Stifel","Consumer, Non-cyclical",240.38,, 
5/9/12,KRED US,KonaRed Corp,0.038,0,,1.90E+06,,"Consumer, Non-cyclical",0,0.000176705,OTC US
5/8/12,ROSN US,Rosinbomb,0.0545,0,,1.09E+06,,Industrial,0,,OTC US
5/7/12,DDRIQ US,Diversified Resources Inc,0.044,0,,2.20E+06,,Energy,0,, 
5/4/12,AJAC US,Aja Cannafacturing Inc,0.02,0,,2.00E+06,,Industrial,0,, 
5/4/12,ENVR US,Enviratrends Inc,0.011,0,,550000,,Industrial,0,, 
5/3/12,PDH US,PetroLogistics LP,595,17,-2.941176414,3.50E+07,"Morgan Stanley, Citi, UBS",Basic Materials,2363,, 
5/3/12,TLYS US,Tilly's Inc,142.6,15.5,8.451612473,8.00E+06,"BofA Securities, Goldman Sachs, Piper Sandler & Co","Consumer, Cyclical",124,98.0691,New York
5/3/12,TPNI US,Pulse Network Inc/The,0.05,0,,1.00E+06,,Communications,0,,OTC US
5/2/12,CG US,Carlyle Group Inc/The,671,22,0.227272734,3.05E+07,"Sandler O'Neill & Partners, Industrial & Commercial Bank of China, BofA Securities, Barclays, Deutsche Bank, Goldman Sachs, Morgan Stanley, UBS, Citi, JP Morgan",Financial,671,72.6685,NASDAQ GS
5/2/12,ROYTL US,Pacific Coast Oil Trust,370,20,0,1.85E+07,"Citi, Barclays, BofA Securities, JP Morgan, UBS, Wells Fargo",Energy,771.66,26.233,OTC US
5/2/12,1624831D US,TIAA FSB Holdings Inc,221.03,10,6,1.92E+07,"Goldman Sachs, BofA Securities, UBS",Financial,1160.62,, 
5/2/12,OLIE US,Olie Inc,0.04,0,,400000,,"Consumer, Cyclical",0,, 
5/1/12,JRIV US,James River Holdings Corp,0.45,0,,1.50E+06,,Financial,0,, 
5/1/12,CHNO US,ClassWorx Inc,0.12,0,,1.20E+06,,Communications,0,,OTC US
5/1/12,CNTO US,Centor Energy Inc,0.099,0,,4.95E+06,,Energy,0,,OTC US
4/30/12,SUPN US,Supernus Pharmaceuticals Inc,52.2463,5,7.400000095,1.00E+07,"Citi, Piper Sandler & Co","Consumer, Non-cyclical",121.81,107.092,NASDAQ GM
4/27/12,SAFC US,SafeCode Drug Technologies Corp,0.1,0,,2.00E+07,,"Consumer, Non-cyclical",0,, 
4/26/12,ISD US,PGIM High Yield Bond Fund Inc,610,20,-0.050000001,3.05E+07,"BofA Securities, Citi, Morgan Stanley, Wells Fargo, Raymond James & Associates",Financial,0,43.6321,New York
4/26/12,EDG US,Edgen Group Inc,165,11,-13.63636398,1.50E+07,"Morgan Stanley, Jefferies, Citi",Industrial,197.84,, 
4/26/12,XTLS US,Xstelos Holdings Inc,15.9929,0.66,127.2727203,2.42E+07,,"Consumer, Non-cyclical",15.99,, 
4/26/12,CDNN US,China Industrial Steel Inc,11.6101,0,,2.58E+06,,Basic Materials,0,, 
4/25/12,JRI US,Nuveen Real Asset Income and Growth Fund,218.5,20,-0.050000001,9.50E+06,"BofA Securities, Wells Fargo, UBS, Citi, Morgan Stanley",Financial,0,35.3497,New York
4/25/12,ACRE US,Ares Commercial Real Estate Corp,142.45,18.5,-2.702702761,7.70E+06,"Citi, Wells Fargo, BofA Securities, JP Morgan",Financial,170.85,47.5414,New York
4/25/12,CLIR US,ClearSign Technologies Corp,13.8,4,5,3.00E+06,MDB Capital Group LLC,"Consumer, Cyclical",34.92,41.5913,NASDAQ CM
4/24/12,1863976D US,Envivio Inc,69.795,9,-5.666666508,7.76E+06,"Goldman Sachs, Deutsche Bank, Stifel",Communications,239.92,, 
4/19/12,MPOYQ US,Amplify Energy Corp,358.8,13,15.38461494,2.40E+07,"Wells Fargo, Morgan Stanley, Goldman Sachs",Energy,853.25,0.00612013, 
4/19/12,2574755D US,Infoblox Inc,138,16,33.125,7.50E+06,"Morgan Stanley, Goldman Sachs, UBS",Communications,722.02,0.0530379, 
4/19/12,PFPT US,Proofpoint Inc,93.9835,13,8.307692528,6.33E+06,"UBS, Deutsche Bank",Communications,393.34,, 
4/19/12,MTVX US,APT MotoVox Group Inc,0.4,0,,8.00E+06,,Diversified,0,,OTC US
4/19/12,ONIN US,Online Internet Network Inc,0.082,0,,164000,,Communications,0,, 
4/18/12,TUMI US,Tumi Holdings Inc,388.744,18,47.22222137,1.88E+07,"Goldman Sachs, UBS, JP Morgan","Consumer, Non-cyclical",1221.6,, 
4/18/12,SPLK US,Splunk Inc,263.925,17,108.7058792,1.35E+07,"Morgan Stanley, UBS, JP Morgan, BofA Securities",Technology,1573.01,, 
4/18/12,SAML US,Samsara Luggage Inc,0.175,0,,3.50E+06,,"Consumer, Cyclical",0,70.5343,OTC US
4/17/12,SDRMU US,SandRidge Mississippian Trust II,627.9,21,1.190476179,2.60E+07,"Morgan Stanley, Raymond James & Associates, BofA Securities, Citi, RBC Capital Markets",Energy,1044.23,, 
4/17/12,DCIN US,Digital Cinema Destinations Corp,15.3958,6.1,1.147542596,2.20E+06,"Maxim Group LLC, Dominick & Dominick","Consumer, Cyclical",25.36,, 
4/17/12,1744923D US,Volt Solar Systems Inc,0.0424185,0,,848370,,"Consumer, Non-cyclical",0,, 
4/11/12,MRC US,MRC Global Inc,477.273,21,0.190476194,2.27E+07,"Goldman Sachs, Barclays","Consumer, Cyclical",2131.23,7.61138, 
4/11/12,FET US,Forum Energy Technologies Inc,435.78,20,8.75,1.89E+07,"Deutsche Bank, Citi, UBS, BofA Securities, JP Morgan",Energy,1691.34,82.5452,New York
4/11/12,OAK US,Oaktree Capital Group LLC,380.249,43,-1.418604612,8.84E+06,"JP Morgan, Deutsche Bank, UBS, BofA Securities, Morgan Stanley, Goldman Sachs",Financial,1314.92,, 
4/11/12,CHMR US,Chimera Energy Corp,0.075,0,,5.00E+06,,Energy,0,,OTC US
4/11/12,MSSD US,Massive Dynamics Inc,0.053,0,,530000,,Industrial,0,, 
4/11/12,ARVM US,Mirage Capital Corp,0.025,0,,2.50E+06,,"Consumer, Non-cyclical",0,, 
4/10/12,EACIQ US,Erickson Inc,38.4,8,0,4.80E+06,"Stifel, Oppenheimer & Co, Lazard",Industrial,76.82,, 
4/4/12,RPAI US,Retail Properties of America Inc,292.56,8,9.375,3.18E+07,"Citi, Deutsche Bank, JP Morgan, KeyBanc Capital Markets",Financial,681.02,34.2752, 
4/3/12,TCPC US,BlackRock TCP Capital Corp,84.8125,14.75,-1.355932236,5.75E+06,"Deutsche Bank, Stifel",Financial,316.77,26.8802,NASDAQ GS
3/29/12,ENPH US,Enphase Energy Inc,61.8912,6,22.33333397,8.97E+06,"Morgan Stanley, BofA Securities, Deutsche Bank",Energy,243.82,98.905,NASDAQ GM
3/29/12,2600955D US,Cardinal Resources Inc,0.234,0,,1.17E+06,,Industrial,0,0.0463032, 
3/29/12,ARRT US,Artisan Consumer Goods Inc,0.175,0,,1.75E+06,,Basic Materials,0,1.9481,OTC US
3/28/12,ZWS US,Zurn Elkay Water Solutions Cor,490.262,18,11.11111069,2.37E+07,"Goldman Sachs, BofA Securities, UBS, Deutsche Bank, Barclays",Industrial,1693.39,106.574,New York
3/28/12,MM US,Millennial Media Inc,152.49,13,92.30769348,1.02E+07,"Morgan Stanley, Goldman Sachs, Barclays",Communications,973.57,, 
3/28/12,MACK US,Merrimack Pharmaceuticals Inc,105.297,7,-13.71428585,1.43E+07,JP Morgan,"Consumer, Non-cyclical",651.97,166.059, 
3/28/12,PRSS US,CafePress Inc,85.5,19,0.157894731,4.50E+06,"JP Morgan, Jefferies",Communications,322.6,, 
3/28/12,ILIM US,il2m International Corp,0.204,0,,2.04E+06,,Communications,0,,OTC US
3/27/12,BWG US,BrandywineGLOBAL Global Income Opportunities Fund Inc,400,20,0.25,2.00E+07,"BofA Securities, Citi, Morgan Stanley, Ameriprise Financial Inc, UBS",Financial,0,56.0648,New York
3/27/12,BNNY US,Annie's Inc,109.25,19,89.05263519,5.00E+06,"UBS, JP Morgan","Consumer, Non-cyclical",316.27,, 
3/27/12,VCRA US,Vocera Communications Inc,107.64,16,31.4375,5.85E+06,"JP Morgan, Piper Sandler & Co",Technology,347.85,28.9859, 
3/27/12,RM US,Regional Management Corp,72.45,15,9.666666985,4.20E+06,"Jefferies, Stephens Inc",Financial,187.3,81.9916,New York
3/26/12,1962035D US,Green Ballast Inc,2.8626,0,,1.15E+07,,Industrial,0,, 
3/23/12,CUSXQ US,Continuityx Solutions Inc,0.15,0,,3.00E+06,,Technology,0,, 
3/22/12,WHZT US,Whiting USA Trust II,368,20,22.29999924,1.60E+07,"Raymond James & Associates, Morgan Stanley",Energy,416,2.43513, 
3/22/12,1385411D US,Bats Global Markets Holdings Inc,100.749,16,,,"Citi, UBS, Morgan Stanley",Financial,545.01,, 
3/21/12,WP US,Worldpay Inc,575.005,17,14.70588207,2.94E+07,"JP Morgan, UBS, Morgan Stanley, Deutsche Bank, Goldman Sachs","Consumer, Non-cyclical",2201.14,, 
3/21/12,1648416D US,ExactTarget LLC,185.725,19,32.15789413,8.50E+06,"Deutsche Bank, JP Morgan, Stifel",Communications,1249.28,, 
3/21/12,PBYI US,Puma Biotechnology Inc,60,0,,1.60E+07,,"Consumer, Non-cyclical",0,71.337,NASDAQ GS
3/21/12,GOGC US,Global Green Inc,36.879,0,,1.48E+08,,"Consumer, Non-cyclical",0,, 
3/19/12,2226177D US,Marlborough Software Development Holdings Inc,5.11,0,,1.10E+07,,Technology,0,, 
3/16/12,1342003D US,Tecnoglass Inc,42,10,-0.5,4.00E+06,EarlyBirdCapital.com,Industrial,0,, 
3/14/12,ALSN US,Allison Transmission Holdings Inc,690.345,23,1.739130378,2.61E+07,"Goldman Sachs, Morgan Stanley, UBS, BofA Securities, JP Morgan, Citi","Consumer, Cyclical",4171.65,104.69,New York
3/14/12,MTSI US,MACOM Technology Solutions Holdings Inc,131.1,19,8.157895088,6.00E+06,"Barclays, JP Morgan, Jefferies",Technology,859.93,104.043,NASDAQ GS
3/14/12,DWRE US,Demandware LLC,101.2,16,47.4375,5.50E+06,"Goldman Sachs, Deutsche Bank",Technology,461.17,, 
3/13/12,CKMY US,Car Monkeys Group,0.06,0,,6.00E+06,,Communications,0,, 
3/9/12,ENDV US,Endonovo Therapeutics Inc,0.812153,0,,812153,,"Consumer, Non-cyclical",0,1.88E-05,OTC US
3/9/12,YSTR US,Ystrategies Corp,0.145,0,,6.07E+06,,Financial,0,, 
3/9/12,SFPI US,Santa Fe Petroleum Inc,0.075,0,,2.50E+06,,Energy,0,, 
3/7/12,NSM US,Nationstar Mortgage Holdings Inc,268.334,14,1.428571463,1.67E+07,"BofA Securities, Citi, UBS, Wells Fargo",Financial,1248.33,, 
3/7/12,SLNR US,Sealand Natural Resources Inc,0.1,0,,2.00E+06,,"Consumer, Cyclical",0,, 
3/6/12,SIR US,Select Income REIT,197.8,21.5,1.162790656,8.00E+06,"Morgan Stanley, Wells Fargo, BofA Securities",Financial,670.8,, 
3/1/12,YELP US,Yelp Inc,123.337,15,63.86666489,7.15E+06,"Goldman Sachs, Citi, Jefferies",Communications,123.34,105.392,New York
3/1/12,TXSO US,Texas South Energy Inc,0.09,0,,3.00E+06,,Energy,0,, 
2/29/12,OSP AU,Osprey Medical Inc,21.55,0.4,4.999998569,5.00E+07,Shaw & Partners Ltd,"Consumer, Non-cyclical",42.7767,10.1633, 
2/28/12,BGTK US,BIGtoken Inc,0.0081,0,,81000,,Technology,0,, 
2/24/12,0863289D US,Oneida Group/The,75,10,0.100000002,7.50E+06,Deutsche Bank,"Consumer, Cyclical",75.1,, 
2/23/12,SRF US,Cushing Energy Income Fund/The,238.625,25,-0.119999997,8.30E+06,"RBC Capital Markets, Oppenheimer & Co, Stifel",Financial,0,5.35863, 
2/23/12,VGI US,Virtus Global Multi-Sector Income Fund,215,20,-0.050000001,1.08E+07,"UBS, Citi, Morgan Stanley",Financial,0,41.5018,New York
2/23/12,1624250D US,Bazaarvoice Inc,130.883,12,37.58333206,9.48E+06,"Morgan Stanley, Deutsche Bank, UBS",Technology,682.27,, 
2/23/12,PRLB US,Proto Labs Inc,79.12,16,81.25,4.30E+06,"Jefferies, Piper Sandler & Co",Industrial,381.33,95.2044,New York
2/23/12,BIEI US,Nova Graphene Ballistics Inc,0.2378,0,,951200,,"Consumer, Non-cyclical",0,,OTC US
2/22/12,1818713D US,Ceres Inc,74.75,13,13.84615421,5.00E+06,"Goldman Sachs, Barclays","Consumer, Non-cyclical",314.96,, 
2/16/12,BCOV US,Brightcove Inc,63.25,11,30,5.00E+06,"Morgan Stanley, Stifel",Technology,298.38,7.04634, 
2/16/12,FLWD US,FileWarden.com,2.4065,0,,9.63E+06,,Communications,0,, 
2/16/12,PMCM US,Primco Management Inc,1,0,,4.00E+06,,Financial,0,, 
2/13/12,BOPO US,BioPower Operations Corp,13.625,0,,2.73E+07,,"Consumer, Non-cyclical",0,15.0449,OTC US
2/10/12,MCHB US,Mechanics Bancorp,95.9264,44,9.090909004,1.90E+06,B Riley Financial Inc,Financial,157.72,91.6704,NASDAQ GS
2/10/12,PAS CN,Nevis Brands Inc,0.49945,0.1,49.99999619,5.00E+06,Haywood Securities Inc,"Consumer, Non-cyclical",0.69923,, 
2/9/12,GSEHQ US,GSE Holding Inc,72.45,9,27.77777863,7.00E+06,"Oppenheimer & Co, B Riley Financial Inc, William Blair & Co LLC",Industrial,174.042,, 
2/9/12,SYNC US,Synacor Inc,34.091,5,5,6.82E+06,"BofA Securities, Citi, Stifel",Technology,127.91,, 
2/9/12,ATOA US,Altovida Inc,0.024,0,,3.00E+06,,Basic Materials,0,, 
2/8/12,FXAI US,FX Alliance Inc,71.76,12,14.5,5.20E+06,"Goldman Sachs, BofA Securities, Citi, JP Morgan",Financial,339.78,, 
2/8/12,2615327D US,ChemoCentryx Inc,51.75,10,10,4.50E+06,"JP Morgan, Citi","Consumer, Non-cyclical",352.55,, 
2/8/12,WCUI US,Wellness Center USA Inc,1.8875,0,,7.55E+06,,"Consumer, Non-cyclical",0,0.0091912,OTC US
2/7/12,RNDY US,Roundy's Inc,187.502,8.5,5.882352829,1.92E+07,"UBS, JP Morgan, Jefferies, Robert W Baird & Co","Consumer, Cyclical",381,, 
2/7/12,EPAM US,EPAM Systems Inc,82.8,12,16.66666603,6.00E+06,"Barclays, UBS, Citi, Renaissance Capital Pty Ltd",Technology,504.31,126.559,New York
2/7/12,1816375D US,Caesars Holdings Inc,18.747,9,71,1.81E+06,"UBS, Citi, BofA Securities, Deutsche Bank","Consumer, Cyclical",1125.23,, 
2/3/12,MLNTQ US,Melinta Therapeutics Inc,57.96,6,1,8.40E+06,"Leerink Partners LLC, Stifel, TD Securities","Consumer, Non-cyclical",126.17,, 
2/1/12,MTDR US,Matador Resources Co,178.596,12,-2.083333254,1.33E+07,"RBC Capital Markets, Citi",Energy,675.24,96.1358,New York
2/1/12,GWAY US,Greenway Medical Technologies Inc,76.667,10,30,6.67E+06,"Morgan Stanley, JP Morgan, William Blair & Co LLC",Technology,288.47,, 
2/1/12,LFAP US,LGBTQ Loyalty Holdings Inc,0.1,0,,2.00E+06,,Communications,0,, 
2/1/12,AYAG US,Amaya Global Holdings Corp,0.1,0,,5.00E+06,,"Consumer, Non-cyclical",0,, 
2/1/12,DSOL US,Drug Free Solution Inc,0.075,0,,2.50E+06,,"Consumer, Non-cyclical",0,0.0278219,OTC US
1/31/12,SLCA US,US Silica Holdings Inc,200,17,-5.882352829,1.18E+07,"Morgan Stanley, BofA Securities, Jefferies",Energy,900,28.1482, 
1/27/12,DBL US,DoubleLine Opportunistic Credit Fund,350,25,3.160000086,1.31E+07,"Wells Fargo, UBS",Financial,0,52.0297,New York
1/26/12,VSTM US,Verastem Inc,63.25,10,10.89999962,5.50E+06,"UBS, Leerink Partners LLC","Consumer, Non-cyclical",202.34,98.1015,NASDAQ CM
1/25/12,WEBK US,Wellesley Bank,22.497,10,20,2.25E+06,Sandler O'Neill & Partners,Financial,24.07,7.36851, 
1/24/12,GWRE US,Guidewire Software Inc,132.308,13,31.69230843,8.85E+06,"JP Morgan, Deutsche Bank, Citi",Technology,635.2,98.9164,New York
1/23/12,ISGI US,International Safety Group Inc,0.09,0,,3.00E+06,,"Consumer, Non-cyclical",0,, 
1/20/12,ZTTO US,Zitto Inc,0.005024,0,,628000,,Basic Materials,0,,OTC US
1/18/12,REGI US,Renewable Energy Group Inc,72,10,1,7.20E+06,"UBS, Piper Sandler & Co",Energy,72,, 
1/17/12,2302767D US,Radius Health Inc,0,0,,5.32E+06,,"Consumer, Non-cyclical",0,7.51805, 
1/13/12,POLR US,Polar Petroleum Corp,0.1,0,,1.00E+07,,Energy,0,,OTC US
1/12/12,PSSS US,Puissant Industries Inc,0.214,0,,107000,,Energy,0,,OTC US
1/12/12,BCDS US,Blaqclouds Inc,0.06,0,,6.00E+06,,Technology,0,5.21331,OTC US
1/11/12,WEIN US,West End Indiana Bancshares Inc,18.4,0,,1.84E+06,Stifel,Financial,0,7.23044, 
1/10/12,JALA US,Be Active Holdings Inc,0.0355,0,,1.78E+06,,"Consumer, Cyclical",0,, 
12/22/11,2593275D US,Caliber Imaging & Diagnostics,5.8296,4.2,,1.39E+06,"Roth Capital Partners Inc, Maxim Group LLC","Consumer, Non-cyclical",0,, 
12/15/11,ZNGA US,Zynga Inc,1000,10,-5,1.00E+08,"Morgan Stanley, Goldman Sachs, BofA Securities, Barclays, JP Morgan",Technology,1000,15.2337, 
12/15/11,CMLP US,Crestwood Midstream Partners LP,312.8,17,3.823529482,1.60E+07,"Barclays, Morgan Stanley, BofA Securities, UBS, Wells Fargo",Energy,1263.63,, 
12/15/11,9876450D US,Civitas Resources Inc,170,17,-19.94117737,1.00E+07,"Morgan Stanley, UBS",Energy,672.52,, 
12/14/11,VTLE US,Vital Energy Inc,342.125,17,6.470588207,1.75E+07,"Wells Fargo, BofA Securities, Goldman Sachs, JP Morgan",Energy,2169.62,25.8948, 
12/14/11,MCEP US,Mid-Con Energy Partners LP,111.78,18,0.277777791,5.40E+06,"Raymond James & Associates, Wells Fargo, RBC Capital Markets",Energy,332.1,, 
12/13/11,SNECQ US,Mesquite Energy Inc,220,22,-17.04545403,1.00E+07,"Johnson Rice & Co LLC, Macquarie",Energy,726,1.66444, 
12/12/11,2299928D US,Jive Software Inc,161.275,12,25.41666603,1.34E+07,"Morgan Stanley, Goldman Sachs",Technology,708.8,0.00359064, 
12/8/11,MEMP US,Memorial Production Partners LP,182.4,19,-1.105263114,9.00E+06,"Raymond James & Associates, Wells Fargo, Citi",Energy,316.56,, 
12/8/11,RRMS US,Rose Rock Midstream LP,140,20,0,7.00E+06,"Citi, Barclays, Deutsche Bank",Energy,167.79,, 
12/6/11,JOY US,Komatsu Mining Corp,0,0,,,,Industrial,0,, 
11/29/11,VNGEU US,Graphene & Solar Technologies Ltd,4.8,1,5,4.80E+06,Paulson Investment Co Inc,Energy,12.67,, 
11/24/11,CXI CN,Currency Exchange International Corp,8.76312,6.65,9.022554398,1.20E+06,"MGI Securities Inc, Jones Gable & Co Ltd",Financial,0,10.356,Toronto
11/22/11,BUI US,BlackRock Utilities Infrastructure & Power Opportunities Trust,310,20,0,1.55E+07,"BofA Securities, Citi, Morgan Stanley, Wells Fargo, UBS",Financial,0,16.1587,New York
11/18/11,DDMGQ US,Digital Domain Media Group Inc,41.82,8.5,-15.88235283,4.92E+06,Roth Capital Partners Inc,Communications,335.76,, 
11/17/11,MN US,Manning & Napier Inc,163.006,12,0,1.25E+07,BofA Securities,Financial,163.01,0.619321, 
11/17/11,1964629D US,Mattress Firm Holding Corp,121.39,19,15.78947353,5.56E+06,"Barclays, UBS, William Blair & Co LLC","Consumer, Cyclical",642.52,2.68E-06, 
11/17/11,IMI US,Intermolecular Inc,96.5,10,-5,9.65E+06,"Morgan Stanley, JP Morgan, Barclays",Technology,421.33,16.8389, 
11/16/11,9895420D US,Angie's List Inc,131.461,13,25.07692337,8.79E+06,BofA Securities,Communications,739.88,, 
11/16/11,2600184D US,Sollensys Corp,0.03797,0,,759400,,Technology,0,, 
11/15/11,CLVSQ US,Clovis Oncology Inc,139.1,13,-3.384615421,1.00E+07,"JP Morgan, UBS","Consumer, Non-cyclical",281.63,0.519945, 
11/15/11,2513109D US,InvenSense Inc,86.25,7.5,18.66666603,1.00E+07,"Morgan Stanley, Goldman Sachs",Technology,594.92,, 
11/10/11,CHKR US,Chesapeake Granite Wash Trust,380,19,-0.684210539,2.00E+07,"Wells Fargo, Goldman Sachs, Deutsche Bank, Raymond James & Associates, Morgan Stanley",Energy,888.25,2.14E-06,OTC US
11/10/11,2129234D US,LRR Energy LP,201.552,19,0.263157904,9.41E+06,"Raymond James & Associates, Wells Fargo, Citi, RBC Capital Markets",Energy,297.494,, 
11/10/11,LUMO US,Lumos Pharma Inc,43.4,7,1.142857194,6.20E+06,"Stifel, Canaccord Genuity","Consumer, Non-cyclical",126.153,, 
11/9/11,LVBX US,LevelBlox Inc,0.4,0,,4.00E+06,,Technology,0,, 
11/8/11,IMPV US,Imperva Inc,103.5,18,33.33333206,5.00E+06,"JP Morgan, Deutsche Bank",Communications,411.34,, 
11/8/11,RDCO US,Redefy Corp,0.04,0,,400000,,Communications,0,,OTC US
11/7/11,SWCAU US,Healthcare Corp of America,20,10,-0.5,2.00E+06,"Aegis Capital Corp, Chardan Capital Markets LLC","Consumer, Non-cyclical",20,, 
11/3/11,GRPN US,Groupon Inc,805,20,30.54999924,3.50E+07,"William Blair & Co LLC, Wells Fargo, JP Morgan, Deutsche Bank, Citi, Barclays, BofA Securities, Allen & Co, UBS, Goldman Sachs, Morgan Stanley",Communications,12813.1,92.7511,NASDAQ GS
11/3/11,RNF US,CVR Nitrogen LP,300,20,-0.75,1.50E+07,"Morgan Stanley, UBS",Basic Materials,765,, 
11/2/11,PVL US,Permianville Royalty Trust,290.4,22,-3.363636255,1.32E+07,"Citi, Goldman Sachs, RBC Capital Markets, Wells Fargo, Barclays",Energy,726,36.8336,New York
11/2/11,EXAD US,Experience Art and Design Inc,0.114,0.05,52400,2.28E+06,,"Consumer, Cyclical",0.21,, 
10/26/11,TTP US,Tortoise Pipeline & Energy Fund Inc,250,25,-0.400000006,1.00E+07,"UBS, Citi, Morgan Stanley",Financial,0,31.8084, 
10/26/11,GEQ US,Guggenheim Equal Weight Enhanced Equity Income Fund,175,20,-4.5,8.75E+06,"BofA Securities, Wells Fargo, Citi, RBC Capital Markets",Financial,0,15.0904, 
10/26/11,1667263D US,Vaporin Inc,0.15999,0,,5.33E+06,,"Consumer, Non-cyclical",0,, 
10/25/11,STKSU US,ONE Group Hospitality Inc/The,28.75,5,2,5.00E+06,Broadband Capital Management LLC,"Consumer, Cyclical",28.75,, 
10/18/11,ZLTQ US,Zeltiq Aesthetics Inc,104.65,13,19.23077011,7.00E+06,"Goldman Sachs, JP Morgan","Consumer, Non-cyclical",425.86,0.0043384, 
10/18/11,TQLA US,Montalvo Spirits Inc,0.2,0.04,64810.40234,5.00E+06,,"Consumer, Non-cyclical",0.6,, 
10/18/11,CTXR US,Citius Pharmaceuticals Inc,0.008,0.001,62399.99609,8.00E+06,,"Consumer, Non-cyclical",0.02,15.4051,NASDAQ CM
10/17/11,VBI/H CN,Vivione Biosciences Inc,0.4928,0.2,24.99999809,2.50E+06,Macquarie,"Consumer, Non-cyclical",0.913818,, 
10/13/11,UI US,Ubiquiti Inc,105.573,15,16.66666603,7.04E+06,"UBS, Deutsche Bank, Raymond James & Associates",Communications,1345.54,5.13347,New York
10/13/11,XLS US,Exelis Inc,0,0,,,,Industrial,0,, 
10/12/11,CROL US,Carroll Bancorp Inc,3.59456,10,0.400000006,359456,Stifel,Financial,0,, 
10/12/11,AGIN US,American Graphite Technologies Inc,0.09,0.02,531150,4.50E+06,,Technology,0.33,,OTC US
10/11/11,ASBB US,ASB Bancorp Inc,55.8455,10,16.39999962,5.58E+06,Stifel,Financial,0,0.00245511, 
10/10/11,DLPM US,Development Capital Group Inc,0.11,0,,1.10E+06,,Technology,0,, 
10/10/11,2407454D US,Neurotrope Inc,0.03,0,,3.00E+06,,"Consumer, Non-cyclical",0,, 
10/6/11,GGG/H CN,G6 Materials Corp,0.642597,0.2,24.99999809,3.35E+06,Canaccord Genuity,Industrial,1.26601,, 
10/4/11,BLMT US,BSB Bancorp Inc/MA,89.93,10,3.099999905,8.99E+06,Stifel,Financial,91.73,11.7324, 
9/27/11,FIF US,First Trust Energy Infrastructure Fund,345,20,0,1.73E+07,"Citi, BofA Securities, Morgan Stanley",Financial,0,9.87884, 
9/22/11,STTX US,Stratex Oil & Gas Holdings Inc,1.386,0,,1.26E+06,,Energy,0,,OTC US
9/22/11,GLPH US,Gala Pharmaceutical Inc,0.118,0,,2.36E+06,,"Consumer, Non-cyclical",0,9.99, 
9/13/11,PBSK US,Poage Bankshares Inc,33.7238,10,11.30000019,3.37E+06,Stifel,Financial,0,12.7076, 
9/6/11,ARCP US,VEREIT Inc,69.75,12.5,,,,Financial,73.16,3.15E-05, 
9/5/11,4966 TT,Parade Technologies Ltd,39.428,130,37.69230652,8.81E+06,Mega Securities Co Ltd,Technology,228.645,37.7412,Taipei
8/31/11,UCBB US,US-China Biomedical Technology Inc,0.06,0,,6.00E+06,,Technology,0,, 
8/31/11,SOST US,Southern States Sign Co,0.03,0,,3.00E+06,,Communications,0,, 
8/30/11,UGE CN,UGE International Ltd,0.30597,0.1,-10.00000095,3.00E+06,Canaccord Genuity,Energy,0.571144,, 
8/26/11,INF US,Brookfield Global Listed Infrastructure Income Fund Inc,155,20,0,7.75E+06,"UBS, Morgan Stanley, Wells Fargo, Citi, BofA Securities",Financial,0,10.3208, 
8/15/11,IFM CN,Infrastructure Materials Corp,2.64524,0.1,19.99999809,2.60E+07,PI Financial Corp,Basic Materials,7.41685,, 
8/10/11,PERS US,SandRidge Permian Trust,621,18,0,3.00E+07,"Wells Fargo, RBC Capital Markets, Raymond James & Associates, Morgan Stanley",Energy,1026,, 
8/10/11,CARB US,Carbonite Inc,71.875,10,23.5,6.25E+06,"JP Morgan, BofA Securities",Technology,249.38,0.169402, 
8/8/11,AHI/H CN,Agility Health Inc,0.20218,0.1,-1.49E-06,2.00E+06,Canaccord Genuity,"Consumer, Non-cyclical",1.02101,, 
8/5/11,ESCH LN,Escher Group Holdings PLC,25.0804,170,0,9.06E+06,,Technology,47.4017,49.9024, 
8/3/11,MTGE US,MTGE Investment Corp,160,20,-7.949999809,8.00E+06,"Citi, Deutsche Bank, UBS, Wells Fargo",Financial,200.12,, 
8/3/11,GID AU,GI Dynamics Inc,90.4228,1.1,-15.45454693,7.27E+07,,"Consumer, Non-cyclical",326.143,35.6709, 
8/1/11,1703104D LN,Mycelx Technologies Corp,19.6814,210,4.761904716,5.75E+06,,Industrial,44.2111,64.2866, 
7/28/11,CJESQ US,C&J Energy Services Ltd/Old,383.525,29,5.172413826,1.15E+07,"JP Morgan, Goldman Sachs, Citi",Energy,1554.73,, 
7/28/11,HZNP US,Horizon Therapeutics Plc,49.5,9,1.666666627,5.50E+06,"Stifel, TD Securities, Citizens Financial Group Inc","Consumer, Non-cyclical",175.75,63.0218, 
7/27/11,WAIR US,Wesco Aircraft Holdings Inc,315,15,-0.533333361,2.10E+07,"Morgan Stanley, Barclays, BofA Securities, JP Morgan, William Blair & Co LLC","Consumer, Cyclical",1283.55,, 
7/27/11,CHEF US,Chefs' Warehouse Inc/The,155.25,15,16.66666603,9.00E+06,"Jefferies, BMO Capital Markets, Wells Fargo","Consumer, Non-cyclical",330.25,106.094,NASDAQ GS
7/27/11,TEA US,Teavana Holdings Inc,139.643,17,63.52941132,7.14E+06,"Goldman Sachs, BofA Securities","Consumer, Non-cyclical",664.9,, 
7/27/11,AGSS US,Ameriguard Security Services,0.06,0,,3.00E+06,,"Consumer, Non-cyclical",0,,OTC US
7/26/11,DPG US,Duff & Phelps Utility and Infrastructure Fund Inc,735,20,0,3.68E+07,"Wells Fargo, Citi, Morgan Stanley, UBS, Ameriprise Financial Inc",Financial,0,30.327,New York
7/26/11,DNKN US,Dunkin' Brands Group Inc,486.163,19,46.57894897,2.23E+07,"Goldman Sachs, BofA Securities, Morgan Stanley, JP Morgan, Barclays","Consumer, Cyclical",2287.45,, 
7/26/11,1911157D US,Tangoe US Inc,100.855,10,16.5,8.77E+06,"Deutsche Bank, Stifel",Technology,313.96,, 
7/26/11,2072499D US,American Midstream Partners LP,78.75,21,-0.238095239,3.75E+06,"BofA Securities, Citi",Utilities,95.05,, 
7/26/11,IFIXQ US,Internal Fixation Systems Inc,0.1499,0,,74950,,"Consumer, Non-cyclical",0,, 
7/21/11,AMTG US,Apollo Residential Mortgage Inc,200,20,-6.75,1.00E+07,"Morgan Stanley, UBS, JP Morgan",Financial,205.4,, 
7/21/11,FRANQ US,FHC Holdings Corp,195.5,17,62.64706039,1.00E+07,"Goldman Sachs, JP Morgan, Jefferies","Consumer, Cyclical",745.64,, 
7/20/11,SXC US,SunCoke Energy Inc,213.44,16,6.25,1.16E+07,"Goldman Sachs, BofA Securities, UBS",Energy,1120,85.2989,New York
7/19/11,SKUL US,Skullcandy Inc,188.834,20,0,9.44E+06,"BofA Securities, Morgan Stanley","Consumer, Cyclical",535.65,100, 
7/19/11,ZG US,Zillow Group Inc,79.626,20,78.84999847,3.46E+06,Citi,Communications,348.61,94.7003,NASDAQ GS
7/15/11,MNGLU US,Blue Wolf Mongolia Holdings Corp,80.5,10,0.300000012,7.00E+06,Deutsche Bank,Diversified,80.5,, 
7/13/11,2336146D US,Enterprise Terminaling Services LP,247.25,21.5,10.23255825,1.00E+07,"Citi, Barclays, JP Morgan, Morgan Stanley",Energy,418.17,, 
7/7/11,IROQ US,IF Bancorp Inc,44.965,10,16.70000076,4.50E+06,Stifel,Financial,47.7,47.4505, 
7/7/11,SIBC US,State Investors Bancorp Inc,29.095,10,18.5,2.91E+06,Stifel,Financial,0,, 
6/30/11,1752683D US,First Connecticut Bancorp Inc/Farmington CT,171.925,10,10.80000019,1.72E+07,Stifel,Financial,178.8,0.356508, 
6/30/11,AZTAU US,Hemisphere Media Group Inc,100,10,0,1.00E+07,Deutsche Bank,Communications,100,, 
6/29/11,MITT US,TPG Mortgage Investment Trust,126,20,-1.799999952,5.50E+06,"Deutsche Bank, Stifel, RBC Capital Markets",Financial,201.03,39.1739,New York
6/29/11,PPTA CN,Perpetua Resources Corp,46.4751,3.25,0.307692319,1.23E+07,"BMO Capital Markets, Haywood Securities Inc",Basic Materials,352.335,69.4381,Toronto
6/28/11,1778214D US,HomeAway Inc,248.4,27,48.92592621,8.00E+06,"Morgan Stanley, Deutsche Bank, Goldman Sachs, JP Morgan",Communications,2155.4,0.0121574, 
6/27/11,NAMG US,North American Oil & Gas Corp,0.0315,0.02,23650,1.58E+06,,Energy,0.08,0.000899474, 
6/23/11,KIORQ US,KiOR Inc,162,15,0,1.00E+07,"UBS, Goldman Sachs",Energy,598.996,, 
6/23/11,ANFD US,American Realty Funds Corp,0.385569,0,,963922,,Financial,0,, 
6/21/11,VHS US,Vanguard Health Systems Inc,517.5,18,0.277777791,2.50E+07,"JP Morgan, Deutsche Bank, Citi, BofA Securities, Barclays","Consumer, Non-cyclical",1286.62,, 
6/21/11,FDUS US,Fidus Investment Corp,80.5575,15,0,4.67E+06,"Raymond James & Associates, Robert W Baird & Co, Truist Securities Inc",Financial,130.9,26.7998,NASDAQ GS
6/16/11,2192176D US,Bankrate Inc,344.917,15,2.266666651,2.00E+07,"Goldman Sachs, BofA Securities, Citi, JP Morgan",Communications,1500,, 
6/15/11,IRIGU US,Integrated Drilling Equipment Holdings Corp,60,10,0,6.00E+06,Cohen & Co,Industrial,85.2,, 
6/15/11,CCLP US,CSI Compressco LP,53.4,20,-5,2.67E+06,"JP Morgan, Raymond James & Associates",Energy,181.95,10.6639, 
6/14/11,2648251D US,Pandora Media LLC,240.544,16,8.875,1.47E+07,"Morgan Stanley, JP Morgan, Citi",Communications,2561.25,0.000251295, 
6/10/11,1910 HK,Samsonite International SA,1296.34,14.5,-7.724137783,6.71E+08,"Goldman Sachs, HSBC, Morgan Stanley, NatWest Markets, UBS","Consumer, Cyclical",2621.24,125.003,Hong Kong
6/10/11,EMO US,ClearBridge Energy Midstream Opportunity Fund Inc,540,20,0.100000002,2.70E+07,"Citi, Morgan Stanley, BofA Securities",Financial,0,30.3182,New York
6/8/11,FIO US,Fusion-io LLC,268.755,19,18.42105293,1.23E+07,"Goldman Sachs, Morgan Stanley, UBS, JP Morgan",Technology,1478.37,, 
5/26/11,TVIAQ US,TerraVia Holdings Inc,227.183,18,15.05555534,1.10E+07,"Morgan Stanley, Goldman Sachs","Consumer, Non-cyclical",1039.3,1.29E-05, 
5/26/11,SMF US,Salient MLP & Energy Infrastructure Fund/Closed-End Fund,153.172,25,0,5.60E+06,"Truist Securities Inc, Robert W Baird & Co, Raymond James & Associates, RBC Capital Markets, Oppenheimer & Co, Stifel",Financial,153.27,, 
5/25/11,FSL US,Freescale Semiconductor Ltd,883.206,18,1.833333373,4.35E+07,"JP Morgan, UBS, Barclays, Citi, Deutsche Bank",Technology,4417.69,0.0336158, 
5/25/11,HEQ US,John Hancock Diversified Incom,292.3,20,0.100000002,1.40E+07,"Citi, Morgan Stanley",Financial,0,38.3106,New York
5/25/11,JSD US,Nuveen Short Duration Credit Opportunities Fund,200,20,-0.5,1.00E+07,"Nuveen Investments Inc, Morgan Stanley, UBS, Wells Fargo, BofA Securities, Citi",Financial,0,16.3873, 
5/25/11,SAVEQ US,Spirit Airlines Inc,190.278,12,-3.75,1.56E+07,"Morgan Stanley, Citi","Consumer, Cyclical",864.97,0.0732654, 
5/24/11,1841559D US,Lanyon Solutions Inc,189.75,15,6,1.10E+07,"BofA Securities, Citi",Communications,794.74,, 
5/20/11,NMFC US,New Mountain Finance Corp,100,13.75,-5.454545498,7.27E+06,"Wells Fargo, Goldman Sachs, Morgan Stanley",Financial,159.47,34.3279,NASDAQ GS
5/18/11,LNKD US,LinkedIn Corp,405.72,45,109.4444427,7.84E+06,"Morgan Stanley, BofA Securities, JP Morgan",Communications,4305.36,0.00448698, 
5/17/11,2325977D US,Champion Pain Care Corp,0.12,0,,6.00E+06,,"Consumer, Non-cyclical",0,, 
5/12/11,0824986D US,EEG Glider Inc,189.925,10,0.200000003,1.75E+07,Citi,Communications,213.41,, 
5/11/11,NGL US,NGL Energy Partners LP,84.525,21,-0.095238097,3.50E+06,"RBC Capital Markets, Wells Fargo",Energy,189.82,64.5982,New York
5/10/11,KOS US,Kosmos Energy Ltd,621.328,18,1.333333373,3.30E+07,"Citi, Barclays, UBS",Energy,6762.42,65.8833,New York
5/10/11,RLJ US,RLJ Lodging Trust,568.71,18,-1.777777791,2.75E+07,"Barclays, Wells Fargo, BofA Securities",Financial,1913.8,96.8959,New York
5/10/11,FFNTQ US,FriendFinder Networks Inc,50,10,-21.5,5.00E+06,"Ladenburg Thalmann & Co, Nedbank Ltd",Communications,267.25,0.0182132, 
5/9/11,UBPSU US,NCR Payment Solutions Corp,72,6,0,1.20E+07,EarlyBirdCapital.com,Financial,90,, 
5/4/11,MTBLY US,Moatable Inc,854.91,14,28.6428566,5.31E+07,"Morgan Stanley, UBS, Deutsche Bank, BofA Securities, Jefferies",Technology,854.91,0.511302,OTC US
5/4/11,VOC US,Voc Energy Trust,267.704,21,0,1.11E+07,"Morgan Stanley, Raymond James & Associates",Energy,357,28.2035,New York
5/4/11,THR US,Thermon Group Holdings Inc,127.8,12,2.333333254,1.00E+07,"Jefferies, Barclays",Industrial,354.12,109.212,New York
5/4/11,SMGIU US,SMG Industries Inc,25.4238,5,0,4.80E+06,"Rodman & Renshaw Inc, Sunrise Securities",Industrial,33.83,, 
5/3/11,RPXC US,RPX Corp,184.205,19,25.68420982,8.43E+06,"Goldman Sachs, Barclays","Consumer, Non-cyclical",852.21,, 
5/3/11,WIFI US,Boingo Wireless Inc,77.895,13.5,-10.37036991,5.77E+06,"UBS, Deutsche Bank",Communications,439.13,2.23E-06, 
4/28/11,SSSS US,SuRo Capital Corp,50.25,15,-2.666666746,3.35E+06,"Ladenburg Thalmann & Co, Lazard",Financial,50.25,23.7116,NASDAQ GS
4/27/11,IHD US,Voya Emerging Markets High Income Dividend Equity Fund,385,20,0,1.93E+07,"Wells Fargo, Ameriprise Financial Inc, UBS, Morgan Stanley, Citi, BofA Securities",Financial,0,58.7951,New York
4/27/11,FRNK US,Franklin Financial Corp/VA,138.862,10,19.70000076,1.39E+07,Sandler O'Neill & Partners,Financial,143.03,, 
4/20/11,MKTG US,Responsys Inc,91.0506,12,28.33333397,6.62E+06,"Morgan Stanley, UBS",Communications,540.9,, 
4/19/11,ANDX US,Andeavor Logistics LP,313.95,21,11.90476227,1.30E+07,"Wells Fargo, Citi, BofA Securities, UBS",Energy,361.3,, 
4/19/11,SGNT US,Sagent Pharmaceuticals Inc,105.8,16,24.375,5.75E+06,"Morgan Stanley, BofA Securities, Jefferies","Consumer, Non-cyclical",429.6,, 
4/18/11,AL US,Air Lease Corp,922.876,26.5,5.471698284,3.03E+07,"Barclays, UBS, B Riley Financial Inc, RBC Capital Markets, Wells Fargo, JP Morgan",Financial,2486.94,90.2857, 
4/15/11,STAG US,STAG Industrial Inc,205.562,13,-5.769230843,1.38E+07,"JP Morgan, BofA Securities, UBS",Financial,281.24,93.3116,New York
4/15/11,GCRSF US,Global Cornerstone Holdings Ltd,80,10,-0.5,8.00E+06,Citi,Financial,80,, 
4/14/11,ELLI US,Ellie Mae Inc,50.6614,6,12.83333302,7.50E+06,Barclays,Financial,122.4,, 
4/13/11,1884811D US,Zipcar Inc,200.461,18,55.55555725,9.68E+06,"Goldman Sachs, JP Morgan","Consumer, Non-cyclical",721.25,, 
4/13/11,TMS US,Tms International Holding Corp,167.44,13,-7.692307472,1.12E+07,"JP Morgan, UBS, BofA Securities",Industrial,450.14,3.26085, 
4/12/11,RMGNU US,RMG Networks Holding Corp,80,10,0,8.00E+06,Lazard,Technology,100,, 
4/8/11,PFLT US,PennantPark Floating Rate Capital Ltd,102.75,15,-10.66666698,6.70E+06,"Morgan Stanley, Truist Securities Inc, UBS",Financial,102.76,23.3647,New York
4/8/11,2625288D US,Aberdeen Emerging Markets Debt Local Currency Fund,0,0,,,,Funds,0,, 
4/7/11,UAN US,CVR Partners LP,353.28,16,9.6875,1.92E+07,"Barclays, Morgan Stanley, Goldman Sachs",Basic Materials,1168,53.6369,New York
4/6/11,SDTTU US,SandRidge Mississippian Trust I,362.25,21,15.28571415,1.50E+07,"Morgan Stanley, Raymond James & Associates",Energy,588,, 
4/4/11,OCRX US,Ocera Therapeutics Inc,57.4,4,0,1.35E+07,Citi,"Consumer, Non-cyclical",94.836,, 
4/4/11,ARR US,ARMOUR Residential REIT Inc,0,0,,,,Financial,0,57.1902,New York
3/31/11,PACDQ US,Pacific Drilling SA,1500,10,-17.5,,"DNB ASA, Pareto Securities, Clarksons",Energy,2100,3.37469, 
3/31/11,GNCIQ US,GNC Holdings Inc,414,16,4.6875,2.25E+07,"JP Morgan, Goldman Sachs, Deutsche Bank, Morgan Stanley","Consumer, Cyclical",1399.12,, 
3/31/11,APTS US,Preferred Apartment Communities Inc,46.0736,10,-1.5,4.50E+06,Wunderlich Securities Inc,Financial,51.44,, 
3/29/11,BCX US,BlackRock Resources & Commodities Strategy Trust,875,20,0.050000001,4.38E+07,"BofA Securities, Citi, Morgan Stanley, UBS, Wells Fargo, Ameriprise Financial Inc",Financial,0,30.7033,New York
3/29/11,9990822D US,Apollo Asset Management Inc,565.394,19,-4.210526466,2.98E+07,"Goldman Sachs, JP Morgan, BofA Securities, Citi, UBS, Deutsche Bank",Financial,2298.47,0.0440958, 
3/24/11,SREV US,ServiceSource International Inc,137.311,10,21.79999924,1.19E+07,"Morgan Stanley, Deutsche Bank","Consumer, Non-cyclical",672.97,, 
3/22/11,HII US,Huntington Ingalls Industries Inc,0,0,,,,Industrial,0,95.9348,New York
3/18/11,AXPUF US,Arabella Exploration Inc,32.852,8,-0.25,4.00E+06,EarlyBirdCapital.com,Energy,40.852,, 
3/16/11,CSOD US,Cornerstone OnDemand Inc,156.975,13,46.69230652,1.05E+07,"Goldman Sachs, Barclays",Technology,603.32,41.88, 
3/10/11,2372371D CN,Porto Energy Corp,70.679,1,-5,7.00E+07,"Raymond James & Associates, TD Securities",Energy,203.581,, 
3/9/11,HCA US,HCA Healthcare Inc,4353.9,30,3.400000095,1.26E+08,"Citi, JP Morgan, BofA Securities, Barclays, UBS, Deutsche Bank, Goldman Sachs, Morgan Stanley, Wells Fargo","Consumer, Non-cyclical",16024,96.0291,New York
2/24/11,AFT US,Apollo Senior Floating Rate Fund Inc,300,20,0,1.50E+07,"Wells Fargo, BofA Securities, Morgan Stanley, Citi",Financial,0,, 
2/24/11,2456324D US,SLR Senior Investment Corp,184,20,-2,8.00E+06,"Citi, Deutsche Bank, Truist Securities Inc, Wells Fargo",Financial,194,, 
2/23/11,JMF US,Nuveen Energy MLP Total Return Fund,443,20,0.050000001,2.22E+07,"Nuveen Investments Inc, BofA Securities, Wells Fargo, Citi, Morgan Stanley",Financial,0,11.9571, 
2/18/11,CHVPF US,China VantagePoint Acquisition Co,18.975,6,-0.166666672,2.75E+06,EarlyBirdCapital.com,Diversified,21.23,, 
2/15/11,RLJAU US,RLJ Entertainment Inc,143.75,10,0.200000003,1.25E+07,Lazard,Communications,143.75,, 
2/10/11,KMI US,Kinder Morgan Inc,3293.59,30,3.5,9.55E+07,"Goldman Sachs, Barclays",Energy,21210,71.3228,New York
2/10/11,LAB US,Standard BioTools Inc,86.2938,13.5,3.85185194,5.56E+06,"Deutsche Bank, Piper Sandler & Co",Industrial,262.22,80.6145,NASDAQ GS
2/10/11,TLPH US,Talphera Inc,40,5,-9,8.00E+06,Piper Sandler & Co,"Consumer, Non-cyclical",96.86,42.1933,NASDAQ CM
2/10/11,KIPS US,Kips Bay Medical Inc,16.5,8,-0.875,2.06E+06,Rodman & Renshaw Inc,"Consumer, Non-cyclical",125.15,, 
2/8/11,INN US,Summit Hotel Properties Inc,253.5,9.75,-0.615384638,2.60E+07,"Deutsche Bank, Robert W Baird & Co, RBC Capital Markets",Financial,265.96,93.5392,New York
2/8/11,GEVO US,Gevo Inc,123.337,15,9.600000381,7.15E+06,"UBS, Piper Sandler & Co, Citi",Energy,373.48,36.9603,NASDAQ CM
2/7/11,EMGCQ US,Emergent Capital Inc,189.228,10.75,0.558139563,1.67E+07,B Riley Financial Inc,Financial,227.932,3.45287, 
2/3/11,ECYT US,Endocyte Inc,86.25,6,28.83333397,1.25E+07,"Leerink Partners LLC, RBC Capital Markets","Consumer, Non-cyclical",177.46,0.0464057, 
2/2/11,WMGI US,Wright Medical Group NV,179.954,19,-5,8.75E+06,"JP Morgan, BofA Securities","Consumer, Non-cyclical",741.75,, 
2/2/11,PCRX US,Pacira BioSciences Inc,42,7,0.285714299,6.00E+06,"Barclays, Piper Sandler & Co","Consumer, Non-cyclical",120.63,125.13,NASDAQ GS
2/1/11,EPOC US,Epocrates LLC,98.624,16,37.25,5.36E+06,"Piper Sandler & Co, JP Morgan",Technology,369.38,, 
2/1/11,NPTN US,NeoPhotonics Corp,94.875,11,20.45454597,7.50E+06,"BofA Securities, Deutsche Bank",Communications,258.22,, 
1/27/11,BKU US,BankUnited Inc,900.45,27,5.185184956,2.90E+07,"BofA Securities, Morgan Stanley, Deutsche Bank, Goldman Sachs",Financial,2735.69,112.22,New York
1/26/11,GNT US,GAMCO Natural Resources Gold & Income Trust,410.176,20,0.050000001,1.85E+07,"Citi, Morgan Stanley, BofA Securities",Financial,0,33.0379,New York
1/26/11,BGX US,Blackstone Long-Short Credit Income Fund,250,20,0,1.25E+07,"BofA Securities, UBS, Wells Fargo",Financial,0,42.5221,New York
1/26/11,ACP US,abrdn Income Credit Strategies Fund,146.54,20,0,6.75E+06,"Morgan Stanley, Citi",Financial,0,41.254,New York
1/25/11,9876549D US,Nielsen NV,1889.29,23,8.695652008,7.14E+07,"Citi, Goldman Sachs, Deutsche Bank, UBS, JP Morgan, Morgan Stanley","Consumer, Non-cyclical",8241.91,, 
1/25/11,LEAF US,Leaf Group Ltd,173.995,17,33.23529434,8.90E+06,"Morgan Stanley, Goldman Sachs",Communications,1416.1,10.3177, 
1/25/11,ANCB US,Anchor Bancorp Inc/WA,25.5,10,0,2.55E+06,Stifel,Financial,0,10.8023, 
1/20/11,PFX US,PhenixFIN Corp,128.733,12,1.166666627,1.03E+07,"Citi, Goldman Sachs, UBS",Financial,207.84,24.0507,NASDAQ GM
1/20/11,OXLC US,Oxford Lane Capital Corp,37.1,20,-1.5,1.83E+06,Ladenburg Thalmann & Co,Financial,37.23,13.7223,NASDAQ GS
1/12/11,AAT US,American Assets Trust Inc,648.312,20.5,3.658536673,2.75E+07,"Wells Fargo, BofA Securities, Morgan Stanley",Financial,751.53,91.9475,New York
12/23/10,EDF US,Virtus Stone Harbor Emerging Markets Income Fund,377.5,25,0,1.51E+07,"UBS, Citi, Morgan Stanley, Wells Fargo, BofA Securities",Financial,0,29.9796,New York
12/16/10,QRE US,QR Energy LP,345,20,-2,1.50E+07,"JP Morgan, Raymond James & Associates, RBC Capital Markets, Wells Fargo",Energy,615.95,, 
12/16/10,1873939D US,Fortegra Financial Corp,66,11,0,6.00E+06,"Piper Sandler & Co, Truist Securities Inc",Financial,222.82,, 
12/16/10,ASMB US,Assembly Biosciences Inc,20.01,6,5,2.90E+06,"National Securities Corp, Rodman & Renshaw Inc","Consumer, Non-cyclical",43.09,68.5889,NASDAQ GS
12/15/10,KNX US,Knight-Swift Transportation Holdings Inc,872.85,11,0.909090936,7.33E+07,"Citi, UBS, Deutsche Bank, Morgan Stanley, Wells Fargo, BofA Securities",Industrial,1534.14,108.512,New York
12/14/10,CPAY US,Corpay Inc,335.255,23,18.47826004,1.27E+07,"Goldman Sachs, JP Morgan, Barclays, Morgan Stanley","Consumer, Non-cyclical",1810.54,98.9865,New York
12/14/10,WD US,Walker & Dunlop Inc,102.213,10,-1,1.00E+07,"UBS, Stifel, Morgan Stanley",Financial,221.11,89.2462,New York
12/14/10,GCAP US,GAIN Capital Holdings Inc,81.9,9,-1.666666627,9.00E+06,"Morgan Stanley, Deutsche Bank",Financial,281.21,, 
12/14/10,RNET US,RigNet Inc,69,12,4.583333492,5.00E+06,"Deutsche Bank, Jefferies",Communications,183.54,23.7926, 
12/8/10,FRCB US,First Republic Bank/CA,322.575,25.5,9.490196228,1.10E+07,"JP Morgan, Morgan Stanley, BofA Securities",Financial,0,0.231647,OTC US
12/8/10,EMPO US,Empowered Products Inc,0.5,0.1,43900,5.00E+06,,"Consumer, Non-cyclical",0,,OTC US
12/7/10,CTP US,CTPartners Executive Search Inc,34.5001,13,,,,"Consumer, Non-cyclical",93.3,, 
12/6/10,TRGP US,Targa Resources Corp,414.289,22,12.27272701,1.64E+07,"BofA Securities, Deutsche Bank, Citi, Morgan Stanley, Barclays",Energy,984.46,98.7275,New York
12/1/10,GLBR US,Global Brokerage Inc,242.466,14,6.071428776,1.51E+07,"UBS, JP Morgan, Citi",Financial,242.47,0.260447,OTC US
11/24/10,KMF US,Kayne Anderson NextGen Energy,475,25,0,1.90E+07,"BofA Securities, Citi, Morgan Stanley, UBS, Wells Fargo",Financial,475.1,19.0208, 
11/23/10,PSF US,Cohen & Steers Select Preferred and Income Fund Inc,292.5,25,0.399500012,1.12E+07,"Wells Fargo, BofA Securities",Financial,0,26.1169,New York
11/23/10,NBD US,Nuveen Build America Bond Opportunity Fund,140,20,0,7.00E+06,"Nuveen Investments Inc, Citi, Morgan Stanley",Funds,0,, 
11/23/10,1878384D US,Anacor Pharmaceuticals Inc,66.9133,5,1.799999952,1.20E+07,"Deutsche Bank, Citi","Consumer, Non-cyclical",139.99,, 
11/22/10,RVA AU,REVA Medical Inc,83.5891,1.1,13.63636112,6.36E+07,,"Consumer, Non-cyclical",353.739,1.55981, 
11/22/10,ZGNX US,Zogenix Inc,57.746,4,-0.5,1.40E+07,"Leerink Partners LLC, Wells Fargo","Consumer, Non-cyclical",136,36.8579, 
11/22/10,LLAQU US,L&L Acquisition Corp,40,10,0,4.00E+06,,Diversified,50,, 
11/18/10,2579681D US,Aeroflex Holding Corp,267.154,13.5,0,1.73E+07,"Goldman Sachs, UBS, JP Morgan, Morgan Stanley",Technology,1110.38,, 
11/17/10,GM US,General Motors Co,18140.1,33,3.606060505,4.78E+08,"RBC Capital Markets, Goldman Sachs, Deutsche Bank, UBS, Citi, Barclays, BofA Securities, Morgan Stanley, JP Morgan","Consumer, Cyclical",49500,89.6707,New York
11/17/10,LPLA US,LPL Financial Holdings Inc,516.696,30,7.166666508,1.57E+07,"JP Morgan, BofA Securities, Goldman Sachs, Morgan Stanley",Financial,3215.52,110.308,NASDAQ GS
11/17/10,JWCAU US,Tile Shop Holdings Inc,125,10,0.100000002,1.25E+07,Citi,"Consumer, Cyclical",125,, 
11/16/10,BAH US,Booz Allen Hamilton Holding Corp,273.7,17,13.23529434,1.40E+07,"Barclays, Morgan Stanley, BofA Securities, UBS","Consumer, Non-cyclical",2086.27,106.872,New York
11/10/10,IPHI US,Inphi Corp,93.84,12,27.5,6.80E+06,"Morgan Stanley, Deutsche Bank, Jefferies",Technology,300.828,22.9852, 
11/10/10,1708781D US,Complete Genomics Inc,54,9,-10.77777767,6.00E+06,"Jefferies, UBS","Consumer, Non-cyclical",232.282,, 
11/4/10,1904163D US,Fresh Market Inc/The,333.329,22,45.95454407,1.32E+07,"BofA Securities, JP Morgan, Goldman Sachs","Consumer, Non-cyclical",1099.28,, 
11/4/10,9998522D US,Primo Water Operations Inc,114.96,12,7.916666508,8.33E+06,Stifel,"Consumer, Non-cyclical",243.29,, 
10/28/10,HRZN US,Horizon Technology Finance Corp,100,16,-2.5625,6.25E+06,"UBS, Morgan Stanley",Financial,120.88,9.2106,NASDAQ GS
10/27/10,HYI US,Western Asset High Yield Oppor,420,20,0.050000001,2.10E+07,"Wells Fargo, BofA Securities, Morgan Stanley, Citi",Financial,0,49.9196,New York
10/27/10,EXAM US,ExamWorks Group Inc,189.52,16,5,1.03E+07,"UBS, Goldman Sachs, Barclays","Consumer, Non-cyclical",487.03,2.76634, 
10/27/10,0965087D US,SeaCube Container Leasing Ltd,109.25,10,10,9.50E+06,"Citi, Deutsche Bank, Wells Fargo, JP Morgan",Financial,195.428,, 
10/27/10,1890494D US,SP Bancorp Inc,17.25,10,-6,1.73E+06,Sandler O'Neill & Partners,Financial,0,, 
10/26/10,GBAB US,Guggenheim Taxable Municipal Bond & Investment Grade Debt Trust,340,20,0,1.70E+07,BofA Securities,Financial,0,26.7416,New York
10/26/10,PACB US,Pacific Biosciences of California Inc,230,16,2.75,1.25E+07,"Morgan Stanley, JP Morgan","Consumer, Non-cyclical",831.82,67.4326,NASDAQ GS
10/22/10,AEGR US,Aegerion Pharmaceuticals Inc,54.625,9.5,13.68421078,5.00E+06,"Lazard, Leerink Partners LLC","Consumer, Non-cyclical",160.11,, 
10/20/10,VRA US,Vera Bradley Inc,202.4,16,55.3125,1.10E+07,"Robert W Baird & Co, Piper Sandler & Co","Consumer, Cyclical",674.51,49.1389,NASDAQ GS
10/20/10,BBRG US,Bravo Brio Restaurant Group,161,14,13.9285717,1.00E+07,"Piper Sandler & Co, Jefferies, Wells Fargo","Consumer, Cyclical",290.5,, 
10/19/10,MMED CN,Definium Therapeutics Inc,0.19406,0.1,100,2.00E+06,Mackie Research Capital Corp,"Consumer, Non-cyclical",0.38812,, 
10/18/10,NTSP US,NetSpend Holdings Inc,234.481,11,18.18181801,1.85E+07,"Goldman Sachs, BofA Securities, William Blair & Co LLC",Financial,929.67,, 
10/14/10,TOWR US,Tower International Inc,86.2384,13,0,6.25E+06,"Citi, Goldman Sachs, JP Morgan","Consumer, Cyclical",248.326,, 
10/14/10,1898133D US,Body Central Corp,74.75,13,0,5.00E+06,"Piper Sandler & Co, Jefferies","Consumer, Cyclical",210.02,0.352807, 
10/13/10,1448479D US,Campus Crest Communities Inc,407.288,12.5,0.079999998,2.83E+07,"Raymond James & Associates, Citi, Goldman Sachs, Barclays, RBC Capital Markets",Financial,355.35,, 
10/12/10,1611155D LN,HaloSource Inc,80.0267,135,12.9629631,3.73E+07,,"Consumer, Cyclical",157.263,, 
10/11/10,HKACU US,Hicks Acquisition Co II Inc,150,10,0,1.50E+07,Citi,Diversified,171.43,, 
10/7/10,EFC US,Ellington Financial Inc,101.25,22.5,-3.333333254,4.50E+06,Deutsche Bank,Financial,370.94,47.2765,New York
10/7/10,STND US,Standard AVB Financial Corp,34.7817,10,19,3.48E+06,Stifel,Financial,0,5.31218, 
9/30/10,KEYW US,KeyW Holding Corp/The,104.65,10,13.80000019,9.10E+06,Truist Securities Inc,Technology,251.52,, 
9/30/10,CKT CN,Cricket Media Group Ltd,0.46151,0.1,9.999998093,4.75E+06,Macquarie,Communications,0.913304,, 
9/29/10,2599121D US,Rhino Resource Partners LP,76.4773,20.5,6.829268456,3.24E+06,Raymond James & Associates,Energy,264.114,0.0139999, 
9/28/10,FSD US,First Trust High Income Long/Short Fund,645,20,0,3.23E+07,"Citi, Morgan Stanley, BofA Securities, Wells Fargo",Financial,0,1.75167, 
9/28/10,CFD US,Nuveen Diversified Commodity Fund,231.655,25,0,8.55E+06,"Nuveen Investments Inc, BofA Securities, Wells Fargo, UBS",Financial,0,5.87048, 
9/28/10,AMRSQ US,Amyris Inc,97.52,16,3.125,5.30E+06,"Morgan Stanley, Goldman Sachs, JP Morgan",Basic Materials,659.65,5.37167, 
9/23/10,SQI US,SciQuest Inc,65.55,9.5,29.15789413,6.00E+06,Stifel,Technology,201.71,, 
9/22/10,2297634D US,CoreSite Realty Corp,310.96,16,0.0625,1.69E+07,"BofA Securities, RBC Capital Markets, Citi",Financial,314.3,, 
8/31/10,FULL US,Full Circle Capital Corp,18,9,-1.111111164,2.00E+06,Ladenburg Thalmann & Co,Financial,55.72,, 
8/31/10,PSYB/H CN,PsyBio Therapeutics Corp,0.538219,0.1,29.99999809,5.74E+06,Union Securities Ltd,"Consumer, Non-cyclical",0.721875,, 
8/26/10,BBN US,BlackRock Taxable Municipal Bond Trust,1083,20,0,5.08E+07,"BofA Securities, Wells Fargo, Citi, UBS, Morgan Stanley, Ameriprise Financial Inc",Financial,0,41.0764,New York
8/25/10,WSR US,Whitestone REIT,26.4,12,-4.166666508,2.20E+06,"Wunderlich Securities Inc, Ladenburg Thalmann & Co",Financial,68.24,77.8383,New York
8/13/10,ELMD US,Electromed Inc,7.6,4,-0.5,1.70E+06,Feltl & Co,"Consumer, Non-cyclical",32.3516,66.2196,NYSEAmerican
8/11/10,RP US,RealPage Inc,155.595,11,32,1.23E+07,"UBS, Deutsche Bank",Technology,685.36,, 
8/10/10,0882565D US,Sizmek Technologies Inc,62.2576,11.5,-8.695652008,5.00E+06,"Deutsche Bank, JP Morgan",Communications,210.63,, 
8/5/10,IL US,Intralinks Holdings Inc,143,13,0,1.10E+07,"Morgan Stanley, Deutsche Bank, UBS",Technology,640.7,, 
8/5/10,AMBO US,Ambow Education Holding Ltd,106.77,10,-7.5,1.07E+07,"JP Morgan, Goldman Sachs","Consumer, Non-cyclical",106.77,0.172311,NYSEAmerican
8/5/10,1876917D US,NuPathe Inc,50,10,-3.900000095,5.00E+06,"Lazard, Leerink Partners LLC","Consumer, Non-cyclical",145.46,, 
8/4/10,GMANQ US,G-Estate Liquidation Stores Inc,58.9286,11,0.272727281,5.36E+06,"Piper Sandler & Co, Wells Fargo","Consumer, Cyclical",205.73,6.6533, 
8/2/10,TSRX US,Trius Therapeutics LLC,53.75,5,0,1.00E+07,Citi,"Consumer, Non-cyclical",121.52,, 
7/29/10,MCPIQ US,Molycorp Inc,412.93,14,-8.214285851,2.81E+07,"JP Morgan, Morgan Stanley",Basic Materials,1137.5,, 
7/28/10,WPZ US,Williams Partners LP,513.188,21,6.666666508,2.13E+07,"UBS, Wells Fargo, Morgan Stanley, Goldman Sachs, Citi, Barclays, BofA Securities",Energy,1517.53,, 
7/28/10,ENV US,Envestnet Inc,72.45,9,13.66666698,7.00E+06,"UBS, Morgan Stanley, Barclays",Technology,283.51,0.296667, 
7/27/10,NTG US,Tortoise Midstream Energy Fund Inc,1135,25,0,4.24E+07,"Wells Fargo, UBS, Morgan Stanley, Citi",Financial,0,, 
7/21/10,GDOT US,Green Dot Corp,188.703,36,22.19444466,4.56E+06,"JP Morgan, Morgan Stanley","Consumer, Non-cyclical",1491.74,93.0393,New York
7/21/10,AMRC US,Ameresco Inc,90.3971,10,1.700000048,8.70E+06,BofA Securities,Utilities,407.46,105.259,New York
7/15/10,RLD US,RealD Inc,230,16,21.9375,1.25E+07,"JP Morgan, Piper Sandler & Co",Technology,792.21,, 
7/15/10,QLIK US,Qlik Technologies Inc,128.8,10,28,1.12E+07,"Morgan Stanley, Citi, JP Morgan",Technology,766.376,0.0317857, 
7/13/10,WMLPQ US,Westmoreland Resource Partners LP,186.156,18.5,-2.918918848,8.75E+06,"Citi, Barclays",Basic Materials,214.47,, 
7/7/10,PEOP US,Peoples Federal Bancshares Inc,3.38,0,,338000,,Financial,0,, 
6/30/10,ECTM US,ECA Marcellus Trust I,181.949,20,0,8.80E+06,"Citi, Raymond James & Associates",Energy,269.98,0.00284578,OTC US
6/28/10,TSLA US,Tesla Inc,260.015,17,40.52941132,1.33E+07,"Deutsche Bank, JP Morgan, Morgan Stanley, Goldman Sachs","Consumer, Cyclical",1616.77,44.632,NASDAQ GS
6/25/10,CEM US,ClearBridge MLP & Midstream Fund Inc,1268.31,20,2.150000095,5.55E+07,"BofA Securities, Citi, Morgan Stanley, Ameriprise Financial Inc",Financial,0,3.05299, 
6/25/10,EXD US,Eaton Vance Tax-Managed Buy-Wr,210.98,20,0.050000001,1.00E+07,"BofA Securities, UBS, Citi, Morgan Stanley",Financial,0,, 
6/23/10,HPP US,Hudson Pacific Properties Inc,250.24,17,2.352941275,1.28E+07,"BofA Securities, Barclays, Morgan Stanley",Financial,422.08,113.409,New York
6/21/10,VRNG/U US,XWELL Inc,11.0032,4.6,-3.260867596,2.39E+06,Maxim Group LLC,"Consumer, Non-cyclical",23.42,, 
6/17/10,VLTC US,Voltari Corp,50,10,-7.400000095,5.00E+06,"JP Morgan, Goldman Sachs",Communications,385.93,1.11E-05, 
6/17/10,3664 TT,Array Inc,16.1704,48,15.625,1.09E+07,Chinatrust Securities Corp,Communications,0,31.6904,Taipei
6/16/10,OASPQ US,Chord Energy Corp,676.2,14,6.285714149,4.20E+07,"Morgan Stanley, UBS",Energy,1291.01,1.08901, 
6/16/10,1580477D US,Higher One Holdings Inc,124.2,12,18.91666603,9.00E+06,Goldman Sachs,"Consumer, Non-cyclical",660.858,, 
6/15/10,BSFT US,BroadSoft Inc,67.5,9,-7.777777672,7.50E+06,"Goldman Sachs, Jefferies",Technology,221.46,, 
6/14/10,CBOE US,Cboe Global Markets Inc,390.195,29,12.03448296,1.17E+07,"Goldman Sachs, Citi, Citadel Investment Group LLC, UBS, JP Morgan, Barclays, BofA Securities",Financial,3025.31,92.3457,Cboe BZX
6/7/10,RPN CN,Alpine Summit Energy Partners Inc,0.2374,0.1,29.99999809,2.50E+06,Canaccord Genuity,Energy,0.42732,, 
6/1/10,SAU CN,St Augustine Gold and Copper Ltd,13.3476,0.2,75,7.00E+07,Haywood Securities Inc,Basic Materials,16.6845,35.1739,Toronto
6/1/10,FMTB US,Fairmount Bancorp Inc,5.75,10,1,575000,Stifel,Financial,0,, 
5/28/10,GNMK US,GenMark Diagnostics Inc,27.6,6,-10,4.60E+06,Piper Sandler & Co,"Consumer, Non-cyclical",69.74,, 
5/26/10,XRDC US,Crossroads Capital Inc,99.6,9.96,-33.73574448,1.00E+07,Andrews Securities LLC,Financial,92.47,, 
5/25/10,BSL US,Blackstone Senior Floating Rate 2027 Term Fund,302.6,20,0,1.40E+07,"Wells Fargo, UBS, BofA Securities, Morgan Stanley, Citi",Financial,0,24.8225,New York
5/20/10,CRMUQ US,Crumbs Bake Shop Inc,54.563,10,0,5.00E+06,Morgan Joseph TriArtisan Group Inc,"Consumer, Non-cyclical",54.563,, 
5/19/10,9990827D US,R1 RCM Holdco Inc,138,12,12.91666698,1.00E+07,"UBS, Goldman Sachs, JP Morgan, Morgan Stanley","Consumer, Non-cyclical",1092.19,6.59249, 
5/19/10,RLOC US,Reachlocal Inc,62.2921,13,15.23076916,4.17E+06,"BofA Securities, JP Morgan",Communications,360.92,, 
5/13/10,RRTS US,Roadrunner Transportation Systems Inc,154.055,14,-1.785714269,1.06E+07,Robert W Baird & Co,Industrial,419.14,0.168898,OTC US
5/13/10,NORNQ US,Noranda Aluminum Holding Corp,92,8,10,1.00E+07,"BofA Securities, Morgan Stanley, UBS, Goldman Sachs",Basic Materials,442.31,5.92149,OTC US
5/13/10,TNAV US,Telenav Inc,64.4,8,22.5,7.00E+06,"Deutsche Bank, JP Morgan","Consumer, Cyclical",335.39,, 
5/12/10,EXPRQ US,Express Inc,272,17,-1.470588207,1.60E+07,"Goldman Sachs, BofA Securities","Consumer, Cyclical",1508.51,14.1953, 
5/11/10,3638 TT,Integrated Memory Logic Ltd,45.8041,143,69.93006897,1.01E+07,Yuanta Securities,Technology,325.048,, 
5/7/10,GNF CN,Greenfields Petroleum Corp,39.6589,8.5,5.882352829,4.24E+06,GMP Securities,Energy,121.053,, 
5/4/10,PLOW US,Douglas Dynamics Inc,129.375,11.25,0.355555564,1.00E+07,"UBS, Oppenheimer & Co","Consumer, Cyclical",239.18,102.36,New York
5/4/10,SANWU US,S&W Seed Co,15.4,11,-2.727272749,1.40E+06,Paulson Investment Co Inc,"Consumer, Non-cyclical",63.8,, 
5/3/10,THO CN,Tahoe Resources Inc,378.168,6,4.166666508,5.80E+07,GMP Securities,Basic Materials,650.236,19.4921, 
4/29/10,PNG US,PAA Natural Gas Storage LP,289.777,21.5,8.13953495,1.17E+07,"UBS, Barclays, Citi, Wells Fargo",Energy,679.07,, 
4/28/10,AOSL US,Alpha & Omega Semiconductor Ltd,91.5477,18,-1.666666627,5.09E+06,"Deutsche Bank, Piper Sandler & Co",Technology,397.57,78.0247,NASDAQ GS
4/28/10,CNVO US,Convio LLC,53.1234,9,13.77777767,5.13E+06,"Stifel, Piper Sandler & Co",Technology,155.48,0.000958319, 
4/27/10,NBB US,Nuveen Taxable Municipal Income Fund,527.25,20,0,2.35E+07,"Nuveen Investments Inc, Raymond James & Associates, Morgan Stanley, Ameriprise Financial Inc, Wells Fargo, Citi, BofA Securities",Financial,0,43.8607,New York
4/22/10,EXL US,Excel Trust Inc,210,14,-5,1.50E+07,"Barclays, UBS, Morgan Stanley",Financial,218.47,0.297641, 
4/22/10,NEGG US,Newegg Commerce Inc,12,8,57.25,1.50E+06,Wunderlich Securities Inc,Communications,36,3.36035,NASDAQ CM
4/21/10,FCRD US,First Eagle Alternative Capita,203.381,13,-1.923076868,1.53E+07,"BofA Securities, Citi, Deutsche Bank",Financial,257.29,6.82284, 
4/21/10,DVOXQ US,DynaVox Inc,140.625,15,0,9.38E+06,"Jefferies, Piper Sandler & Co",Technology,140.62,, 
4/21/10,GEGSQ US,Global Geophysical Services Inc,90,12,0,7.50E+06,"UBS, Barclays",Energy,430.53,, 
4/21/10,CDXS US,Codexis Inc,78,13,2,6.00E+06,UBS,Basic Materials,441.7,73.147,NASDAQ GS
4/21/10,ALIM US,Alimera Sciences Inc,72.05,11,0,6.55E+06,"Citi, UBS","Consumer, Non-cyclical",341.56,0.0459693, 
4/21/10,SPSC US,SPS Commerce Inc,56.5343,12,13.33333302,4.10E+06,Stifel,Technology,138.42,106.321,NASDAQ GS
4/15/10,CLDT US,Chatham Lodging Trust,172.5,20,2.5,7.50E+06,"Barclays, B Riley Financial Inc",Financial,161.53,87.8418,New York
4/14/10,GBDC US,Golub Capital BDC Inc,107.372,14.5,1.448275805,7.10E+06,"Wells Fargo, UBS",Financial,256.83,47.3129,NASDAQ GS
4/14/10,SPN CN,Snipp Interactive Inc,0.606815,0.1,29.99999809,5.50E+06,Union Securities Ltd,Communications,1.003,19.3833,Venture
4/9/10,TNGNQ US,Tengion Inc,30,5,0.400000006,6.00E+06,"Piper Sandler & Co, Leerink Partners LLC","Consumer, Non-cyclical",61.77,,OTC US
4/8/10,0852651D US,Metals USA Holdings Corp,239.953,21,-8.571428299,1.14E+07,"Goldman Sachs, UBS, JP Morgan, Morgan Stanley",Basic Materials,777.52,, 
4/8/10,900100 KS,Ameridge Corp,12.3127,7500,70,1.85E+06,Golden Bridge Investment & Securities Co Ltd,"Consumer, Cyclical",0,13.0012,KOSDAQ
4/8/10,HARI US,Harvard Illinois Bancorp Inc,10.35,10,0,1.04E+06,Stifel,Financial,0,, 
4/7/10,LIP CN,Lipari Energy Inc,0.19952,0.1,9.999998093,2.00E+06,Macquarie,Energy,0.54868,, 
3/31/10,PRI US,Primerica Inc,368.46,15,31,2.14E+07,Citi,Financial,1125,102.803,New York
3/30/10,SSNC US,SS&C Technologies Holdings Inc,185.007,15,0.533333361,1.07E+07,"JP Morgan, UBS, Deutsche Bank, Morgan Stanley",Technology,1037.87,94.5932,NASDAQ GS
3/30/10,MERU US,Meru Networks Inc,75.6718,15,27.79999924,4.39E+06,BofA Securities,Communications,223.47,, 
3/24/10,CRMD/U US,CorMedix Inc,12.5125,6.5,1.538461566,1.93E+06,Maxim Group LLC,"Consumer, Non-cyclical",74.19,, 
3/23/10,FIBK US,First Interstate BancSystem Inc,166.75,14.5,8.27586174,1.00E+07,Barclays,Financial,619.78,106.327,NASDAQ GS
3/23/10,MXL US,MaxLinear Inc,103.75,14,33.57143021,6.44E+06,"Morgan Stanley, Deutsche Bank",Technology,425.76,71.7343,NASDAQ GS
3/23/10,CALX US,Calix Inc,94.61,13,16.15384674,6.33E+06,"Morgan Stanley, Goldman Sachs, Jefferies, UBS",Communications,471.87,98.856,New York
3/15/10,FNGN US,Financial Engines Inc,146.28,12,43.75,1.06E+07,Goldman Sachs,Financial,493.15,, 
3/12/10,2568368D US,SemGroup Corp,0,0,,,,Energy,0,, 
3/11/10,AVEO US,AVEO Pharmaceuticals Inc,89.7169,9,-0.111111112,9.00E+06,"JP Morgan, Morgan Stanley","Consumer, Non-cyclical",266.8,, 
3/10/10,9876599D US,Sensata Technologies Holding NV,654.12,18,2.777777672,3.16E+07,"JP Morgan, BofA Securities, Goldman Sachs, Morgan Stanley, Barclays",Industrial,3080.86,, 
3/9/10,1899192D US,Baltic Trading Ltd,228.2,14,-0.285714299,1.63E+07,"Cowen & Co, Morgan Stanley",Industrial,234.72,, 
3/3/10,XSF CN,XS Financial Inc,0.213488,0.1,105,2.00E+06,Mackie Research Capital Corp,Financial,0.407568,29.7159, 
3/1/10,ANTH US,Anthera Pharmaceuticals Inc,46.2314,7,0.142857149,6.00E+06,Deutsche Bank,"Consumer, Non-cyclical",151.11,9.55E-05,OTC US
2/25/10,2616373D US,Midas Medici Group Holdings Inc,1.28,5,0,256000,National Securities Corp,Energy,13.05,, 
2/23/10,DMO US,Western Asset Mortgage Opportu,206.906,20,0.200000003,9.50E+06,"Wells Fargo, BofA Securities",Financial,0,26.7769,New York
2/23/10,JMT US,Nuveen Mortgage Opportunity Term Fund 2,120,25,0.039999999,4.80E+06,"Nuveen Investments Inc, Morgan Stanley, Citi",Financial,120,, 
2/11/10,ISE CN,ISE Ltd,19.4207,6,-3.333333254,3.45E+06,"Raymond James & Associates, RBC Capital Markets",Industrial,54.7095,0.600548, 
2/10/10,GNRC US,Generac Holdings Inc,269.107,13,-1.230769277,1.88E+07,"Goldman Sachs, JP Morgan, BofA Securities, Robert W Baird & Co",Industrial,877.88,98.4351,New York
2/10/10,GRM US,Graham Packaging Co Inc,182.317,10,2,1.67E+07,"Goldman Sachs, Citi, Deutsche Bank",Industrial,612.31,, 
2/10/10,QNST US,QuinStreet Inc,150,15,0,1.00E+07,"BofA Securities, UBS, JP Morgan",Communications,673.69,96.6123,NASDAQ GS
2/9/10,PDM US,Piedmont Realty Trust Inc,200.1,14.5,7.586206913,1.20E+07,"JP Morgan, Morgan Stanley",Financial,776.17,82.2202,New York
2/9/10,TRNO US,Terreno Realty Corp,175,20,-6.75,8.75E+06,Goldman Sachs,Financial,312.49,107.976,New York
2/9/10,SLRC US,SLR Investment Corp,105.097,18.5,-2.702702761,5.00E+06,"JP Morgan, Citi, Morgan Stanley, Truist Securities Inc",Financial,609.22,45.2194,NASDAQ GS
2/2/10,IRWD US,Ironwood Pharmaceuticals Inc,215.625,11.25,3.555555582,1.67E+07,"Morgan Stanley, JP Morgan, UBS","Consumer, Non-cyclical",1095.9,97.3842,NASDAQ GS
1/26/10,IDE US,Voya Infrastructure Industrials and Materials Fund,396,20,0,1.85E+07,"Citi, Morgan Stanley, BofA Securities, UBS, Wells Fargo, Ameriprise Financial Inc",Financial,0,28.0462,New York
1/26/10,FETIX US,Federated Enhanced Treasury Income Fund,178,20,-100,,"Wells Fargo, UBS, Raymond James & Associates",Funds,0,, 
1/22/10,OBAF US,OBA Financial Services Inc,46.2875,10,3.900000095,4.03E+06,Stifel,Financial,0,, 
1/21/10,SYA US,Symetra Financial Corp,419.52,12,6.25,3.04E+07,"Barclays, Goldman Sachs, JP Morgan, BofA Securities",Financial,1415.87,, 
1/21/10,CHSP US,Chesapeake Lodging Trust,151.717,20,-5,7.50E+06,"JP Morgan, Deutsche Bank",Financial,186.38,, 
1/21/10,OABC US,OmniAmerican Bancorp Inc,119.025,10,18.5,1.19E+07,Stifel,Financial,0,, 
1/21/10,CLU US,Cellu Tissue Holdings Inc,107.9,13,-8.461538315,8.30E+06,"JP Morgan, Goldman Sachs","Consumer, Non-cyclical",261.6,, 
1/11/10,AFH CN,Atlas Financial Holdings Inc,0.2417,0.1,19.99999809,2.50E+06,Macquarie,Financial,1.03448,19.0663, 
1/7/10,AFCB US,Athens Bancshares Corp,26.7725,10,16,2.68E+06,Stifel,Financial,0,, 
1/6/10,VERF US,Versailles Financial Corp,5.75,0,,575000,Stifel,Financial,0,,OTC US